id,latitude,longitude,track_id,time
1,-10.9393413858164,-37.0627421097422,1,2014-09-13 07:24:32
2,-10.939341385769,-37.0627421097809,1,2014-09-13 07:24:37
3,-10.939323947871802,-37.062764513721206,1,2014-09-13 07:24:42
4,-10.9392105616561,-37.0628430455445,1,2014-09-13 07:24:47
5,-10.9389389789911,-37.062878598411295,1,2014-09-13 07:24:53
6,-10.938543591151399,-37.06283866313579,1,2014-09-13 07:24:59
7,-10.938346057650499,-37.062587562702106,1,2014-09-13 07:25:04
8,-10.938448445505099,-37.061999825152796,1,2014-09-13 07:25:10
9,-10.9386660746204,-37.0614989339645,1,2014-09-13 07:25:15
10,-10.938986228461301,-37.0608192197261,1,2014-09-13 07:25:21
11,-10.939342913189199,-37.0600866959415,1,2014-09-13 07:25:27
12,-10.9396414360875,-37.0595030996298,1,2014-09-13 07:25:32
13,-10.9398579141531,-37.0591213205945,1,2014-09-13 07:25:38
14,-10.940077290201799,-37.058729003239606,1,2014-09-13 07:25:43
15,-10.940389102130599,-37.058290875714896,1,2014-09-13 07:25:49
16,-10.940746380604699,-37.0579922269229,1,2014-09-13 07:25:54
17,-10.941179393612401,-37.0576397274353,1,2014-09-13 07:26:00
18,-10.9414799027875,-37.0573913752163,1,2014-09-13 07:26:06
19,-10.941532508608,-37.0573457786884,1,2014-09-13 07:26:12
20,-10.941532508608,-37.0573457786884,1,2014-09-13 07:26:18
21,-10.941532508608,-37.0573457786884,1,2014-09-13 07:26:23
22,-10.941532508608,-37.0573457786884,1,2014-09-13 07:26:28
23,-10.941532508608,-37.0573457786884,1,2014-09-13 07:26:33
24,-10.941532508608,-37.0573457786884,1,2014-09-13 07:26:38
25,-10.941532508608,-37.0573457786884,1,2014-09-13 07:26:44
26,-10.941532508608,-37.0573457786884,1,2014-09-13 07:26:49
27,-10.9415422095559,-37.05733795467,1,2014-09-13 07:26:55
28,-10.941742265885901,-37.05716593043461,1,2014-09-13 07:27:00
29,-10.9421000724016,-37.056833161463,1,2014-09-13 07:27:06
30,-10.9424436046914,-37.0565510553466,1,2014-09-13 07:27:12
31,-10.942783282087,-37.056367219418604,1,2014-09-13 07:27:17
32,-10.943048396907198,-37.056200789126294,1,2014-09-13 07:27:23
33,-10.943089625558901,-37.0558792710436,1,2014-09-13 07:27:28
34,-10.943157098505,-37.055288500500396,1,2014-09-13 07:27:34
35,-10.943313060320001,-37.054664512767,1,2014-09-13 07:27:39
36,-10.9434934531745,-37.053990627263296,1,2014-09-13 07:27:44
37,-10.9437307342081,-37.0531333557592,1,2014-09-13 07:27:50
38,-10.9439490705934,-37.05233638945639,1,2014-09-13 07:27:56
39,-10.9440888068829,-37.051916335502,1,2014-09-13 07:28:01
40,-10.9441134427653,-37.051844717417005,1,2014-09-13 07:28:06
41,-10.944164660116598,-37.0516450552908,1,2014-09-13 07:28:12
42,-10.9442224036202,-37.051278190061396,1,2014-09-13 07:28:18
43,-10.944110383763,-37.051043542521704,1,2014-09-13 07:28:23
44,-10.9437149513471,-37.0510003278261,1,2014-09-13 07:28:28
45,-10.943191786904901,-37.0509992649818,1,2014-09-13 07:28:34
46,-10.9426620243735,-37.0509779955345,1,2014-09-13 07:28:40
47,-10.9422370402321,-37.050899772868,1,2014-09-13 07:28:45
48,-10.9418834994225,-37.0507762933952,1,2014-09-13 07:28:50
49,-10.9416974315862,-37.0507029806928,1,2014-09-13 07:28:56
50,-10.9416974315862,-37.0507029806928,1,2014-09-13 07:29:02
51,-10.9416974315862,-37.0507029806928,1,2014-09-13 07:29:08
52,-10.9416974315862,-37.0507029806928,1,2014-09-13 07:29:13
53,-10.9416974315862,-37.0507029806928,1,2014-09-13 07:29:18
54,-10.9416974315862,-37.0507029806928,1,2014-09-13 07:29:24
55,-10.9416974315862,-37.0507029806928,1,2014-09-13 07:29:30
56,-10.9416974315862,-37.0507029806928,1,2014-09-13 07:29:36
57,-10.9416974315862,-37.0507029806928,1,2014-09-13 07:29:42
58,-10.9416974315862,-37.0507029806928,1,2014-09-13 07:29:47
59,-10.9416974315862,-37.0507029806928,1,2014-09-13 07:29:52
60,-10.9416974315862,-37.0507029806928,1,2014-09-13 07:29:57
61,-10.9416974315862,-37.0507029806928,1,2014-09-13 07:30:03
62,-10.9416974315862,-37.0507029806928,1,2014-09-13 07:30:09
63,-10.9416974315862,-37.0507029806928,1,2014-09-13 07:30:14
64,-10.9416974315862,-37.0507029806928,1,2014-09-13 07:30:20
65,-10.941473273847699,-37.05058755456479,1,2014-09-13 07:30:26
66,-10.941382259491698,-37.0501867793554,1,2014-09-13 07:30:32
67,-10.941664398163303,-37.0497713582489,1,2014-09-13 07:30:37
68,-10.941952547707,-37.0493938857767,1,2014-09-13 07:30:42
69,-10.942281490734,-37.048980694470295,1,2014-09-13 07:30:47
70,-10.942713955268399,-37.048418462543005,1,2014-09-13 07:30:53
71,-10.9431659277627,-37.0478404749664,1,2014-09-13 07:30:59
72,-10.943627632306098,-37.0473842152565,1,2014-09-13 07:31:04
73,-10.944191871080802,-37.0469297081541,1,2014-09-13 07:31:09
74,-10.944888865867698,-37.0464590382433,1,2014-09-13 07:31:15
75,-10.9454369552429,-37.0461909219212,1,2014-09-13 07:31:21
76,-10.9456515766134,-37.0461198859602,1,2014-09-13 07:31:27
77,-10.9456515766134,-37.0461198859602,1,2014-09-13 07:31:33
78,-10.9456515766134,-37.0461198859602,1,2014-09-13 07:31:38
79,-10.9457544131546,-37.0461003641493,1,2014-09-13 07:31:44
80,-10.9460552569933,-37.0459846893752,1,2014-09-13 07:31:50
81,-10.9463325071577,-37.045877141709106,1,2014-09-13 07:31:56
82,-10.9467795711905,-37.0457245873062,1,2014-09-13 07:32:02
83,-10.9470511943627,-37.04568527901021,1,2014-09-13 07:32:07
84,-10.947085102834599,-37.0457684313181,1,2014-09-13 07:32:13
85,-10.9470853174565,-37.045782860655706,1,2014-09-13 07:32:19
86,-10.9470853174565,-37.045782860655706,1,2014-09-13 07:32:25
87,-10.9470853174565,-37.045782860655706,1,2014-09-13 07:32:31
88,-10.9470853174565,-37.045782860655706,1,2014-09-13 07:32:37
89,-10.9470853174565,-37.045782860655706,1,2014-09-13 07:32:42
90,-10.9470853174565,-37.045782860655706,1,2014-09-13 07:32:48
91,-10.939439419858902,-37.0624283811754,2,2014-09-13 13:37:54
92,-10.9394423216378,-37.062569922389,2,2014-09-13 13:37:59
93,-10.9394423216378,-37.062569922389,2,2014-09-13 13:38:05
94,-10.9394423216378,-37.062569922389,2,2014-09-13 13:38:11
95,-10.9389940189541,-37.0628040561796,2,2014-09-13 13:38:17
96,-10.9386031368379,-37.0629643381166,2,2014-09-13 13:38:22
97,-10.9383580704773,-37.0627897829822,2,2014-09-13 13:38:27
98,-10.9382929933406,-37.0623723921363,2,2014-09-13 13:38:32
99,-10.938544266670402,-37.0617623761861,2,2014-09-13 13:38:38
100,-10.938897645144598,-37.0610577138091,2,2014-09-13 13:38:44
101,-10.939286303702,-37.0603401348362,2,2014-09-13 13:38:50
102,-10.9395848167205,-37.0597757046112,2,2014-09-13 13:38:55
103,-10.939812585873801,-37.0593546545551,2,2014-09-13 13:39:00
104,-10.9400391217797,-37.05899440086029,2,2014-09-13 13:39:06
105,-10.940293745058598,-37.0589085526268,2,2014-09-13 13:39:11
106,-10.940445681141698,-37.058993242675704,2,2014-09-13 13:39:16
107,-10.940710193508801,-37.0592093307299,2,2014-09-13 13:39:21
108,-10.940914980560802,-37.0593807860186,2,2014-09-13 13:39:27
109,-10.9409218740574,-37.0593826224655,2,2014-09-13 13:39:33
110,-10.9411148943361,-37.0595581219005,2,2014-09-13 13:39:39
111,-10.941432326775999,-37.0598464342116,2,2014-09-13 13:39:44
112,-10.9418928712691,-37.060295261613,2,2014-09-13 13:39:50
113,-10.942346912585599,-37.0607462389275,2,2014-09-13 13:39:56
114,-10.9425803954512,-37.06096802329429,2,2014-09-13 13:40:01
115,-10.9426395313217,-37.061019455344,2,2014-09-13 13:40:07
116,-10.9426395313217,-37.061019455344,2,2014-09-13 13:40:13
117,-10.9426395313217,-37.061019455344,2,2014-09-13 13:40:18
118,-10.9426609697117,-37.06104170007679,2,2014-09-13 13:40:23
119,-10.942860966487,-37.0612328030135,2,2014-09-13 13:40:29
120,-10.943153046112,-37.0615523335932,2,2014-09-13 13:40:34
121,-10.943507652197098,-37.061921527729396,2,2014-09-13 13:40:39
122,-10.944101382613,-37.0621534000362,2,2014-09-13 13:40:45
123,-10.9446848104324,-37.0623046854073,2,2014-09-13 13:40:50
124,-10.945277594611401,-37.0625165384282,2,2014-09-13 13:40:55
125,-10.9459467284756,-37.062812711828705,2,2014-09-13 13:41:01
126,-10.946718593920698,-37.063088685173,2,2014-09-13 13:41:07
127,-10.947301574274098,-37.063353116612,2,2014-09-13 13:41:12
128,-10.947786443826098,-37.06381369134171,2,2014-09-13 13:41:17
129,-10.9484458652489,-37.0644578543958,2,2014-09-13 13:41:23
130,-10.9490483216518,-37.065008034857996,2,2014-09-13 13:41:28
131,-10.949794031982998,-37.0657111502789,2,2014-09-13 13:41:34
132,-10.9504375968955,-37.0663287864546,2,2014-09-13 13:41:39
133,-10.9510185932797,-37.0668716769588,2,2014-09-13 13:41:44
134,-10.951648011652901,-37.067249843744705,2,2014-09-13 13:41:50
135,-10.9519461678284,-37.067389942836,2,2014-09-13 13:41:55
136,-10.952456851914198,-37.0676607668382,2,2014-09-13 13:42:01
137,-10.953116922262199,-37.06801288663161,2,2014-09-13 13:42:07
138,-10.9537359657269,-37.068346468491,2,2014-09-13 13:42:12
139,-10.954256429728902,-37.068619061186105,2,2014-09-13 13:42:17
140,-10.9545603667325,-37.068769043917705,2,2014-09-13 13:42:23
141,-10.9551056026228,-37.0690663435052,2,2014-09-13 13:42:29
142,-10.955718365536198,-37.0693744433104,2,2014-09-13 13:42:34
143,-10.956459983680698,-37.069515163854604,2,2014-09-13 13:42:39
144,-10.9572254865313,-37.0694596750529,2,2014-09-13 13:42:44
145,-10.9582645013042,-37.0693734739662,2,2014-09-13 13:42:50
146,-10.9592670047711,-37.069300384602705,2,2014-09-13 13:42:55
147,-10.960334032628902,-37.069247490638,2,2014-09-13 13:43:00
148,-10.9616459030409,-37.069178997781,2,2014-09-13 13:43:06
149,-10.9627094050316,-37.0691043829326,2,2014-09-13 13:43:11
150,-10.963973191250698,-37.0690349745941,2,2014-09-13 13:43:17
151,-10.9649785320979,-37.06897429001079,2,2014-09-13 13:43:23
152,-10.9656844000839,-37.06850669225,2,2014-09-13 13:43:29
153,-10.965920444671399,-37.0676889838326,2,2014-09-13 13:43:34
154,-10.9661080889898,-37.066886307788,2,2014-09-13 13:43:39
155,-10.9663018114565,-37.066008452523896,2,2014-09-13 13:43:45
156,-10.966467211295303,-37.0653403308881,2,2014-09-13 13:43:50
157,-10.966982125521,-37.0649914667687,2,2014-09-13 13:43:56
158,-10.9676419823474,-37.065284249749105,2,2014-09-13 13:44:02
159,-10.9681432651831,-37.0655749420639,2,2014-09-13 13:44:07
160,-10.968718604818099,-37.0659983158624,2,2014-09-13 13:44:13
161,-10.9692736851925,-37.0664603048909,2,2014-09-13 13:44:19
162,-10.969452043316199,-37.066601180236795,2,2014-09-13 13:44:24
163,-10.969597536902599,-37.0667169062406,2,2014-09-13 13:44:30
164,-10.9698527543158,-37.066936702131706,2,2014-09-13 13:44:36
165,-10.970169469203999,-37.0671957013014,2,2014-09-13 13:44:41
166,-10.9704145056795,-37.067398955338895,2,2014-09-13 13:44:46
167,-10.970482338845198,-37.0673537914919,2,2014-09-13 13:44:51
168,-10.9703248352321,-37.0671533742236,2,2014-09-13 13:44:57
169,-10.970203085515001,-37.0670472630756,2,2014-09-13 13:45:02
170,-10.970240757595999,-37.066872997915205,2,2014-09-13 13:45:07
171,-10.9704639124286,-37.0665993955823,2,2014-09-13 13:45:13
172,-10.9707427246894,-37.0663210749768,2,2014-09-13 13:45:19
173,-10.9710545051758,-37.0664765576293,2,2014-09-13 13:45:25
174,-10.9714066851739,-37.0667788492814,2,2014-09-13 13:45:30
175,-10.971868273977,-37.0671774817216,2,2014-09-13 13:45:36
176,-10.9720195093279,-37.0673255290329,2,2014-09-13 13:45:41
177,-10.9721535787811,-37.0674431150355,2,2014-09-13 13:45:46
178,-10.9723853980217,-37.067618532036796,2,2014-09-13 13:45:52
179,-10.9725870409604,-37.067777183972204,2,2014-09-13 13:45:58
180,-10.972866707140998,-37.0679989983138,2,2014-09-13 13:46:03
181,-10.973181962894499,-37.0682447143624,2,2014-09-13 13:46:08
182,-10.973290078518698,-37.0683559559915,2,2014-09-13 13:46:13
183,-10.9733139585351,-37.0683913004652,2,2014-09-13 13:46:18
184,-10.9733139585351,-37.0683913004652,2,2014-09-13 13:46:24
185,-10.973406249997801,-37.0684817571867,2,2014-09-13 13:46:29
186,-10.973555178647,-37.0685784298369,2,2014-09-13 13:46:34
187,-10.9738802641552,-37.0688123792686,2,2014-09-13 13:46:40
188,-10.9740912270299,-37.0689424370995,2,2014-09-13 13:46:45
189,-10.9741847406868,-37.0688614803445,2,2014-09-13 13:46:51
190,-10.9742859284246,-37.068722204349605,2,2014-09-13 13:46:57
191,-10.974362948020001,-37.0686312178265,2,2014-09-13 13:47:03
192,-10.9744222329266,-37.06855981698779,2,2014-09-13 13:47:08
193,-10.974479973688199,-37.068489688182,2,2014-09-13 13:47:14
194,-10.9745460732324,-37.0684142251994,2,2014-09-13 13:47:19
195,-10.9746733426089,-37.06824214942429,2,2014-09-13 13:47:24
196,-10.9747969421715,-37.0680676405789,2,2014-09-13 13:47:29
197,-10.974878194683301,-37.0679855940568,2,2014-09-13 13:47:34
198,-10.974943342214502,-37.0679097230187,2,2014-09-13 13:47:40
199,-10.974943342214502,-37.0679097230187,2,2014-09-13 13:47:45
200,-10.974961548192699,-37.0678894370718,2,2014-09-13 13:47:50
201,-10.974961548192699,-37.0678894370718,2,2014-09-13 13:47:56
202,-10.974961548192699,-37.0678894370718,2,2014-09-13 13:48:01
203,-10.974961548192699,-37.0678894370718,2,2014-09-13 13:48:07
204,-10.90316197,-37.04829366,3,2014-09-17 05:09:23
205,-10.90350528,-37.04826179,3,2014-09-17 05:09:34
206,-10.9044166,-37.048209,3,2014-09-17 05:09:44
207,-10.90566667,-37.04826027,3,2014-09-17 05:09:55
208,-10.90665436,-37.04823489,3,2014-09-17 05:10:05
209,-10.90688271,-37.04826517,3,2014-09-17 05:10:16
210,-10.90698404,-37.04826304,3,2014-09-17 05:10:27
211,-10.90744522,-37.04817327,3,2014-09-17 05:10:37
212,-10.90775002,-37.04812751,3,2014-09-17 05:10:48
213,-10.90814574,-37.04811577,3,2014-09-17 05:10:58
214,-10.90856335,-37.04811518,3,2014-09-17 05:11:09
215,-10.90880862,-37.04837897,3,2014-09-17 05:11:19
216,-10.90884032,-37.04909024,3,2014-09-17 05:11:29
217,-10.90888622,-37.04957044,3,2014-09-17 05:11:40
218,-10.90888783,-37.04970444,3,2014-09-17 05:11:51
219,-10.90889749,-37.04971122,3,2014-09-17 05:12:02
220,-10.90889728,-37.04971129,3,2014-09-17 05:12:12
221,-10.90889585,-37.04971152,3,2014-09-17 05:12:23
222,-10.90889388,-37.04971141,3,2014-09-17 05:12:34
223,-10.90889255,-37.04971138,3,2014-09-17 05:12:45
224,-10.90889197,-37.04971162,3,2014-09-17 05:12:55
225,-10.90888499,-37.04983142,3,2014-09-17 05:13:06
226,-10.90887499,-37.05050216,3,2014-09-17 05:13:17
227,-10.90889296,-37.05237154,4,2014-09-17 05:09:23
228,-10.90904785,-37.05260632,4,2014-09-17 05:09:34
229,-10.90973536,-37.05266121,4,2014-09-17 05:09:44
230,-10.91010518,-37.05261827,4,2014-09-17 05:09:55
231,-10.91000414,-37.05256681,4,2014-09-17 05:10:05
232,-10.91048646,-37.05260013,4,2014-09-17 05:10:16
233,-10.91135943,-37.05269498,4,2014-09-17 05:10:27
234,-10.91229152,-37.05277322,4,2014-09-17 05:10:37
235,-10.91342033,-37.05270886,4,2014-09-17 05:10:48
236,-10.91431659,-37.05278532,4,2014-09-17 05:10:58
237,-10.91506897,-37.05266128,4,2014-09-17 05:11:09
238,-10.91544909,-37.05242861,4,2014-09-17 05:11:19
239,-10.91593664,-37.05267365,4,2014-09-17 05:11:29
240,-10.91667623,-37.05265982,4,2014-09-17 05:11:40
241,-10.91748816,-37.05281022,4,2014-09-17 05:11:51
242,-10.91801454,-37.05269153,4,2014-09-17 05:12:02
243,-10.91787201,-37.05279041,4,2014-09-17 05:12:12
244,-10.91785134,-37.05282591,4,2014-09-17 05:12:23
245,-10.91792023,-37.052902,4,2014-09-17 05:12:34
246,-10.91837675,-37.05296211,4,2014-09-17 05:12:45
247,-10.91850017,-37.0533763,4,2014-09-17 05:12:55
248,-10.91849212,-37.05358395,4,2014-09-17 05:13:06
249,-10.91849799,-37.05357595,4,2014-09-17 05:13:17
250,-10.9184368,-37.05413224,4,2014-09-17 05:17:13
251,-10.91850316,-37.05443409,4,2014-09-17 05:17:24
252,-10.91850858,-37.05446375,4,2014-09-17 05:17:35
253,-10.9185052,-37.05446315,4,2014-09-17 05:17:45
254,-10.91839066,-37.05517003,4,2014-09-17 05:17:56
255,-10.91841456,-37.05612296,4,2014-09-17 05:18:07
256,-10.918502400000001,-37.05687158,4,2014-09-17 05:18:18
257,-10.9181955,-37.05773603,4,2014-09-17 05:18:29
258,-10.91861413,-37.05873733,4,2014-09-17 05:18:40
259,-10.91855651,-37.05895014,4,2014-09-17 05:18:50
260,-10.91835643,-37.05889317,4,2014-09-17 05:19:00
261,-10.91854341,-37.05965251,4,2014-09-17 05:19:14
262,-10.91848843,-37.06081932,4,2014-09-17 05:19:25
263,-10.91843979,-37.06219825,4,2014-09-17 05:19:35
264,-10.91841746,-37.06266105,4,2014-09-17 05:19:46
265,-10.91837862,-37.06279615,4,2014-09-17 05:19:57
266,-10.91831496,-37.06300964,4,2014-09-17 05:20:07
267,-10.9183473,-37.06299321,4,2014-09-17 05:20:17
268,-10.91837899,-37.06298774,4,2014-09-17 05:20:27
269,-10.91837791,-37.06298758,4,2014-09-17 05:20:38
270,-10.918378,-37.06298698,4,2014-09-17 05:20:49
271,-10.91837822,-37.06298652,4,2014-09-17 05:21:00
272,-10.91841453,-37.06321011,4,2014-09-17 05:21:11
273,-10.91847828,-37.06394916,4,2014-09-17 05:21:22
274,-10.91861829,-37.06397188,4,2014-09-17 05:21:33
275,-10.91861297,-37.06398652,4,2014-09-17 05:21:44
276,-10.91861178,-37.06398627,4,2014-09-17 05:21:55
277,-10.91861355,-37.06398464,4,2014-09-17 05:22:05
278,-10.91861037,-37.06398528,4,2014-09-17 05:22:15
279,-10.91861033,-37.06398535,4,2014-09-17 05:22:26
280,-10.91861101,-37.06398616,4,2014-09-17 05:23:24
281,-10.91861229,-37.06398567,4,2014-09-17 05:23:35
282,-10.91861452,-37.06398519,4,2014-09-17 05:23:45
283,-10.91852107,-37.06433786,4,2014-09-17 05:23:56
284,-10.91854463,-37.06535452,4,2014-09-17 05:24:07
285,-10.91862404,-37.06630359,4,2014-09-17 05:24:18
286,-10.91879595,-37.06735107,4,2014-09-17 05:24:29
287,-10.91863274,-37.06821768,4,2014-09-17 05:24:40
288,-10.91867692,-37.06827064,4,2014-09-17 05:24:51
289,-10.91864985,-37.06846654,4,2014-09-17 05:25:01
290,-10.91861474,-37.06844821,4,2014-09-17 05:25:12
291,-10.91861158,-37.06845233,4,2014-09-17 05:25:23
292,-10.91861335,-37.06844958,4,2014-09-17 05:25:34
293,-10.91863853,-37.06863415,4,2014-09-17 05:25:45
294,-10.91866434,-37.06936379,4,2014-09-17 05:25:55
295,-10.91857642,-37.06997517,4,2014-09-17 05:26:05
296,-10.91855849,-37.07080263,4,2014-09-17 05:26:15
297,-10.91839213,-37.07178178,4,2014-09-17 05:26:26
298,-10.91835998,-37.07254682,4,2014-09-17 05:26:36
299,-10.91817896,-37.07257863,4,2014-09-17 05:26:46
300,-10.91805938,-37.07302097,4,2014-09-17 05:26:57
301,-10.91824085,-37.07327488,4,2014-09-17 05:27:07
302,-10.91825536,-37.07351718,4,2014-09-17 05:27:18
303,-10.9182579,-37.07365122,4,2014-09-17 05:27:29
304,-10.91824237,-37.07365167,4,2014-09-17 05:27:39
305,-10.91824648,-37.07364797,4,2014-09-17 05:27:50
306,-10.9182473,-37.07364716,4,2014-09-17 05:28:00
307,-10.91824587,-37.07364717,4,2014-09-17 05:28:11
308,-10.9182463,-37.07364646,4,2014-09-17 05:28:21
309,-10.91824667,-37.07364626,4,2014-09-17 05:28:31
310,-10.91824711,-37.07364598,4,2014-09-17 05:28:41
311,-10.91829794,-37.07417675,4,2014-09-17 05:28:52
312,-10.91832389,-37.07471123,4,2014-09-17 05:29:02
313,-10.91834816,-37.07553953,4,2014-09-17 05:29:12
314,-10.91838258,-37.07596903,4,2014-09-17 05:29:23
315,-10.91830836,-37.076009,4,2014-09-17 05:29:34
316,-10.91831556,-37.07602092,4,2014-09-17 05:29:44
317,-10.91835704,-37.07625065,4,2014-09-17 05:29:55
318,-10.91840705,-37.07718778,4,2014-09-17 05:30:06
319,-10.91836099,-37.07770235,4,2014-09-17 05:30:16
320,-10.91843053,-37.07811014,4,2014-09-17 05:30:26
321,-10.91859487,-37.07820678,4,2014-09-17 05:30:37
322,-10.91832849,-37.07835976,4,2014-09-17 05:30:47
323,-10.91841839,-37.07871173,4,2014-09-17 05:30:57
324,-10.91858561,-37.07912875,4,2014-09-17 05:31:07
325,-10.91853693,-37.08029196,4,2014-09-17 05:31:17
326,-10.91847022,-37.08132272,4,2014-09-17 05:31:28
327,-10.91864122,-37.08232053,4,2014-09-17 05:31:39
328,-10.91878421,-37.08390708,4,2014-09-17 05:31:49
329,-10.91902161,-37.08549171,4,2014-09-17 05:31:59
330,-10.91957646,-37.08678353,4,2014-09-17 05:32:10
331,-10.91990603,-37.08762652,4,2014-09-17 05:32:20
332,-10.92011327,-37.08811781,4,2014-09-17 05:32:30
333,-10.92026249,-37.08852046,4,2014-09-17 05:32:41
334,-10.92027593,-37.08896067,4,2014-09-17 05:32:52
335,-10.92028812,-37.08971096,4,2014-09-17 05:33:03
336,-10.92086275,-37.09022295,4,2014-09-17 05:33:13
337,-10.92119806,-37.09125864,4,2014-09-17 05:33:23
338,-10.92158668,-37.09245244,4,2014-09-17 05:33:34
339,-10.9219998,-37.09341251,4,2014-09-17 05:33:44
340,-10.92227813,-37.09389165,4,2014-09-17 05:33:54
341,-10.92251669,-37.09491899,4,2014-09-17 05:34:05
342,-10.9227356,-37.09633969,4,2014-09-17 05:34:15
343,-10.92225014,-37.09771002,4,2014-09-17 05:34:26
344,-10.92184819,-37.09906076,4,2014-09-17 05:34:37
345,-10.92144139,-37.09987985,4,2014-09-17 05:34:47
346,-10.92144481,-37.09995651,4,2014-09-17 05:34:58
347,-10.92130557,-37.10039003,4,2014-09-17 05:35:09
348,-10.92115916,-37.1016734,4,2014-09-17 05:35:20
349,-10.92137987,-37.10308411,4,2014-09-17 05:35:31
350,-10.92125626,-37.10455606,4,2014-09-17 05:35:41
351,-10.92161594,-37.10520467,4,2014-09-17 05:35:52
352,-10.92292039,-37.10514096,4,2014-09-17 05:36:03
353,-10.92374638,-37.10509667,4,2014-09-17 05:36:14
354,-10.92379817,-37.10503713,4,2014-09-17 05:36:24
355,-10.92420939,-37.10468552,4,2014-09-17 05:36:34
564,-10.943777190710799,-37.052344205956004,8,2014-09-26 15:26:53
565,-10.9438011337017,-37.0524368900133,8,2014-09-26 15:26:57
566,-10.9438011337017,-37.0524368900133,8,2014-09-26 15:27:03
567,-10.9438011337017,-37.0524368900133,8,2014-09-26 15:27:08
568,-10.943897473303199,-37.0527193316049,8,2014-09-26 15:27:14
569,-10.9439140119446,-37.052780135766504,8,2014-09-26 15:27:19
570,-10.943910549651001,-37.0527958234474,8,2014-09-26 15:27:25
571,-10.9439100238483,-37.052775095223296,8,2014-09-26 15:27:31
572,-10.943905683932499,-37.052764746456106,8,2014-09-26 15:27:36
573,-10.943891477207902,-37.052754024181795,8,2014-09-26 15:27:42
574,-10.9438850610407,-37.052728631157706,8,2014-09-26 15:27:48
575,-10.9438862537621,-37.0527222394635,8,2014-09-26 15:27:53
576,-10.943892893527998,-37.0527400477485,8,2014-09-26 15:27:59
577,-10.9439352657004,-37.052591642547604,8,2014-09-26 15:28:04
578,-10.9440109972635,-37.0522557221532,8,2014-09-26 15:28:09
579,-10.9441445685128,-37.051851489537505,8,2014-09-26 15:28:15
580,-10.944311718814301,-37.0514325008716,8,2014-09-26 15:28:21
581,-10.944910927413302,-37.0511532929596,8,2014-09-26 15:28:26
582,-10.945622364244098,-37.051138339749606,8,2014-09-26 15:28:31
583,-10.946398023746701,-37.0511117866236,8,2014-09-26 15:28:37
584,-10.93485197,-37.11437566,10,2014-09-27 08:58:22
585,-10.93492009,-37.1143571,10,2014-09-27 08:58:27
586,-10.93490567,-37.11436008,10,2014-09-27 08:58:32
587,-10.9045158,-37.0607683,11,2014-09-28 17:19:22
588,-10.9048774,-37.06090220000001,11,2014-09-28 17:19:45
589,-10.9069758,-37.0617381,11,2014-09-28 17:20:09
590,-10.907413900000002,-37.0617585,11,2014-09-28 17:20:28
591,-10.90991479,-37.06368091,11,2014-09-28 17:20:47
592,-10.91037043,-37.0638204,11,2014-09-28 17:20:53
593,-10.91039719,-37.06384897,11,2014-09-28 17:20:58
594,-10.91038495,-37.06386146,11,2014-09-28 17:21:03
595,-10.910457199999998,-37.063681700000004,11,2014-09-28 17:21:09
596,-10.91038424,-37.06386212,11,2014-09-28 17:21:14
597,-10.91038458,-37.06386257,11,2014-09-28 17:21:19
598,-10.91038564,-37.06386298,11,2014-09-28 17:21:24
599,-10.91038319,-37.06385827,11,2014-09-28 17:21:30
600,-10.91037654,-37.06385919,11,2014-09-28 17:21:36
601,-10.91037567,-37.06385283,11,2014-09-28 17:21:41
602,-10.91037424,-37.06384896,11,2014-09-28 17:21:46
603,-10.91037301,-37.06384548,11,2014-09-28 17:21:51
604,-10.91037321,-37.06384589,11,2014-09-28 17:21:56
605,-10.91037311,-37.06384677,11,2014-09-28 17:22:03
606,-10.910262,-37.0636226,11,2014-09-28 17:22:08
607,-10.9105103,-37.06415119,11,2014-09-28 17:22:13
608,-10.91037788,-37.06479622,11,2014-09-28 17:22:19
609,-10.91038532,-37.06537071,11,2014-09-28 17:22:24
610,-10.910472500000001,-37.0649185,11,2014-09-28 17:22:29
611,-10.9104264,-37.06620457,11,2014-09-28 17:22:35
612,-10.91040452,-37.06645781,11,2014-09-28 17:22:41
613,-10.91038959,-37.06645684,11,2014-09-28 17:22:46
614,-10.91043627,-37.06645663,11,2014-09-28 17:22:52
615,-10.91044507,-37.06629409,11,2014-09-28 17:22:58
616,-10.91042012,-37.06624318,11,2014-09-28 17:23:04
617,-10.91038071,-37.06631469,11,2014-09-28 17:23:09
618,-10.91039497,-37.06640927,11,2014-09-28 17:23:15
619,-10.91041107,-37.06643778,11,2014-09-28 17:23:20
620,-10.91040914,-37.06642076,11,2014-09-28 17:23:26
621,-10.91039895,-37.06646988,11,2014-09-28 17:23:32
622,-10.91039716,-37.06647979,11,2014-09-28 17:23:38
623,-10.91041009,-37.06653662,11,2014-09-28 17:23:43
624,-10.91043595,-37.06646358,11,2014-09-28 17:23:49
625,-10.91044148,-37.06646283,11,2014-09-28 17:23:54
626,-10.91043338,-37.06648619,11,2014-09-28 17:23:59
627,-10.91033576,-37.06699685,11,2014-09-28 17:24:05
628,-10.91027397,-37.06750909,11,2014-09-28 17:24:10
629,-10.91024523,-37.06806038,11,2014-09-28 17:24:16
630,-10.91004311,-37.06880422,11,2014-09-28 17:24:21
631,-10.9099356,-37.06941915,11,2014-09-28 17:24:27
632,-10.90989355,-37.07009898,11,2014-09-28 17:24:33
633,-10.90984273,-37.07062161,11,2014-09-28 17:24:38
634,-10.90976656,-37.07119258,11,2014-09-28 17:24:43
635,-10.9104811,-37.0679174,11,2014-09-28 17:24:48
636,-10.90969177,-37.07241256,11,2014-09-28 17:24:54
637,-10.90949516,-37.07304451,11,2014-09-28 17:24:59
638,-10.90940338,-37.07327577,11,2014-09-28 17:25:04
639,-10.90916893,-37.0732941,11,2014-09-28 17:25:10
640,-10.90881333,-37.07322475,11,2014-09-28 17:25:15
641,-10.90846584,-37.07312168,11,2014-09-28 17:25:21
642,-10.90801207,-37.07306176,11,2014-09-28 17:25:26
643,-10.90772421,-37.07302481,11,2014-09-28 17:25:31
644,-10.90769975,-37.07298464,11,2014-09-28 17:25:36
645,-10.90769193,-37.07305305,11,2014-09-28 17:25:42
646,-10.90777704,-37.07306954,11,2014-09-28 17:25:47
647,-10.90784553,-37.07307409,11,2014-09-28 17:25:53
648,-10.90775859,-37.07305427,11,2014-09-28 17:25:59
649,-10.90781961,-37.07305956,11,2014-09-28 17:26:04
650,-10.90786137,-37.07306668,11,2014-09-28 17:26:10
651,-10.90786423,-37.07306418,11,2014-09-28 17:26:16
652,-10.90786553,-37.07306422,11,2014-09-28 17:26:22
653,-10.90786645,-37.07306475,11,2014-09-28 17:26:28
654,-10.90786514,-37.07306513,11,2014-09-28 17:26:34
655,-10.90786477,-37.07306509,11,2014-09-28 17:26:39
656,-10.90786444,-37.0730652,11,2014-09-28 17:26:45
657,-10.90786443,-37.07306534,11,2014-09-28 17:26:50
658,-10.90786447,-37.07306531,11,2014-09-28 17:26:56
659,-10.90786452,-37.07306529,11,2014-09-28 17:27:01
660,-10.90786453,-37.07306525,11,2014-09-28 17:27:07
661,-10.9078645,-37.07306523,11,2014-09-28 17:27:12
662,-10.90786454,-37.07306523,11,2014-09-28 17:27:17
663,-10.90786441,-37.07306516,11,2014-09-28 17:27:23
664,-10.90786371,-37.07306541,11,2014-09-28 17:27:28
665,-10.90781191,-37.07316389,11,2014-09-28 17:27:33
666,-10.90763736,-37.07323866,11,2014-09-28 17:27:39
667,-10.90766834,-37.073160200000004,11,2014-09-28 17:27:44
668,-10.90766496,-37.07315978,11,2014-09-28 17:27:49
669,-10.90767031,-37.07315811,11,2014-09-28 17:27:54
670,-10.90767351,-37.07315911,11,2014-09-28 17:27:59
671,-10.90768151,-37.07315784,11,2014-09-28 17:28:05
672,-10.90768692,-37.0731559,11,2014-09-28 17:28:11
673,-10.90768705,-37.07315616,11,2014-09-28 17:28:16
674,-10.90768508,-37.073159000000004,11,2014-09-28 17:28:24
675,-10.9076254,-37.0730556,11,2014-09-28 17:28:31
676,-10.9077563,-37.0732638,11,2014-09-28 17:28:50
677,-10.9077563,-37.0732638,11,2014-09-28 17:29:09
678,-10.9077563,-37.0732638,11,2014-09-28 17:29:29
679,-10.9077563,-37.0732638,11,2014-09-28 17:29:51
680,-10.9077563,-37.0732638,11,2014-09-28 17:30:09
681,-10.907755900000002,-37.073263700000005,11,2014-09-28 17:30:29
682,-10.907755900000002,-37.073263700000005,11,2014-09-28 17:30:49
683,-10.907755900000002,-37.073263700000005,11,2014-09-28 17:31:11
684,-10.907754800000001,-37.0732621,11,2014-09-28 17:31:29
685,-10.907754800000001,-37.0732621,11,2014-09-28 17:31:49
686,-10.90767455,-37.07316693,11,2014-09-28 17:32:07
687,-10.90767319,-37.07317485,11,2014-09-28 17:32:13
688,-10.907670699999999,-37.07318221,11,2014-09-28 17:32:18
689,-10.90766922,-37.07318769,11,2014-09-28 17:32:23
690,-10.90766889,-37.0731913,11,2014-09-28 17:32:29
691,-10.90766849,-37.07319195,11,2014-09-28 17:32:34
692,-10.90766085,-37.07319762,11,2014-09-28 17:32:39
693,-10.90774715,-37.07319651,11,2014-09-28 17:32:44
694,-10.907716699999998,-37.073212100000006,11,2014-09-28 17:32:50
695,-10.90542032,-37.04819449,12,2014-09-30 10:07:32
696,-10.90688266,-37.04819138,12,2014-09-30 10:07:43
697,-10.90782693,-37.04809851,12,2014-09-30 10:07:54
698,-10.90809637,-37.04810122,12,2014-09-30 10:08:04
699,-10.90809532,-37.0481028,12,2014-09-30 10:08:15
700,-10.90809546,-37.04810238,12,2014-09-30 10:08:25
701,-10.9081052,-37.04810505,12,2014-09-30 10:08:35
702,-10.90821053,-37.04810109,12,2014-09-30 10:08:46
703,-10.90873292,-37.04809098,12,2014-09-30 10:08:56
704,-10.90881375,-37.04875819,12,2014-09-30 10:09:07
705,-10.90879913,-37.04899125,12,2014-09-30 10:09:18
706,-10.90881853,-37.04935399,12,2014-09-30 10:09:29
707,-10.9088382,-37.05021562,12,2014-09-30 10:09:39
708,-10.90885085,-37.0512062,12,2014-09-30 10:09:50
709,-10.90885896,-37.05223934,13,2014-09-30 10:16:20
710,-10.90887542,-37.05237009,13,2014-09-30 10:16:30
711,-10.90888581,-37.05236599,13,2014-09-30 10:16:41
712,-10.9088792,-37.05236119,13,2014-09-30 10:16:51
713,-10.908878999999999,-37.052361299999994,13,2014-09-30 10:17:01
714,-10.90887897,-37.05236133,13,2014-09-30 10:17:11
715,-10.90887908,-37.05236184,13,2014-09-30 10:17:21
716,-10.90887925,-37.05236193,13,2014-09-30 10:17:31
717,-10.90887916,-37.05236232,13,2014-09-30 10:17:43
718,-10.90888031,-37.05238124,13,2014-09-30 10:17:53
719,-10.90901423,-37.05261118,13,2014-09-30 10:18:03
720,-10.90985044,-37.05264657,13,2014-09-30 10:18:14
721,-10.9107936,-37.05260385,13,2014-09-30 10:18:25
722,-10.91128793,-37.05269182,13,2014-09-30 10:18:36
723,-10.91130952,-37.05271182,13,2014-09-30 10:18:47
724,-10.91131643,-37.05271003,13,2014-09-30 10:18:57
725,-10.91131638,-37.05270946,13,2014-09-30 10:19:08
726,-10.91131644,-37.05270941,13,2014-09-30 10:19:18
727,-10.91143227,-37.05271666,13,2014-09-30 10:19:29
728,-10.91178154,-37.05270394,13,2014-09-30 10:19:39
729,-10.91236017,-37.05273264,13,2014-09-30 10:19:49
730,-10.91239461,-37.05271299,13,2014-09-30 10:20:00
731,-10.91241785,-37.05269624,13,2014-09-30 10:20:10
732,-10.91241363,-37.0526976,13,2014-09-30 10:20:21
733,-10.91241079,-37.05269947,13,2014-09-30 10:20:31
734,-10.91287302,-37.05276819,13,2014-09-30 10:20:42
735,-10.91292392,-37.05277988,13,2014-09-30 10:20:52
736,-10.91327659,-37.05276669,13,2014-09-30 10:21:02
737,-10.91415117,-37.05275218,13,2014-09-30 10:21:13
738,-10.91495188,-37.05273417,13,2014-09-30 10:21:24
739,-10.91496974,-37.05215649,13,2014-09-30 10:21:34
740,-10.9149677,-37.05136187,13,2014-09-30 10:21:45
741,-10.91497338,-37.05058764,13,2014-09-30 10:21:55
742,-10.91496995,-37.05030794,13,2014-09-30 10:22:06
743,-10.91496585,-37.04945366,13,2014-09-30 10:22:16
744,-10.91495289,-37.04837212,13,2014-09-30 10:22:27
745,-10.91492666,-37.04793266,13,2014-09-30 10:22:37
746,-10.9154707,-37.04776878,13,2014-09-30 10:22:48
747,-10.9164315,-37.04755438,13,2014-09-30 10:22:58
748,-10.91754675,-37.04716886,13,2014-09-30 10:23:09
749,-10.91769218,-37.04709118,13,2014-09-30 10:23:19
750,-10.91810692,-37.046930200000006,13,2014-09-30 10:23:30
751,-10.91830395,-37.0470265,13,2014-09-30 10:23:40
752,-10.91830991,-37.047182299999996,13,2014-09-30 10:23:50
753,-10.9183291,-37.04789938,13,2014-09-30 10:24:01
754,-10.91833195,-37.04793058,13,2014-09-30 10:24:11
755,-10.91834546,-37.04793107,13,2014-09-30 10:24:22
756,-10.91834466,-37.04793116,13,2014-09-30 10:24:33
757,-10.91835246,-37.04833939,13,2014-09-30 10:24:44
758,-10.91834766,-37.04877383,13,2014-09-30 10:24:54
759,-10.91838263,-37.04880066,13,2014-09-30 10:25:05
760,-10.91838436,-37.04879317,13,2014-09-30 10:25:16
761,-10.91838504,-37.04883652,13,2014-09-30 10:25:26
762,-10.918356800000002,-37.04934469,13,2014-09-30 10:25:37
763,-10.91837932,-37.04946533,13,2014-09-30 10:25:47
764,-10.91840019,-37.04948704,13,2014-09-30 10:25:57
765,-10.91842577,-37.05018411,13,2014-09-30 10:26:09
766,-10.91843672,-37.0509644,13,2014-09-30 10:26:20
767,-10.91843705,-37.05104008,13,2014-09-30 10:26:30
768,-10.91844653,-37.05104291,13,2014-09-30 10:26:40
769,-10.91843375,-37.05144372,13,2014-09-30 10:26:51
770,-10.91840768,-37.05230779,13,2014-09-30 10:27:01
771,-10.91838656,-37.05247549,13,2014-09-30 10:27:11
772,-10.91839701,-37.0524806,13,2014-09-30 10:27:21
773,-10.91839752,-37.0524812,13,2014-09-30 10:27:32
774,-10.91839744,-37.05248117,13,2014-09-30 10:27:42
775,-10.91840084,-37.05276094,13,2014-09-30 10:27:53
776,-10.91842085,-37.05350222,13,2014-09-30 10:28:04
777,-10.91844609,-37.05396258,13,2014-09-30 10:28:15
778,-10.91842658,-37.05428625,13,2014-09-30 10:28:26
779,-10.91843082,-37.05427083,13,2014-09-30 10:28:36
780,-10.91843453,-37.05428462,13,2014-09-30 10:28:47
781,-10.91843585,-37.05428381,13,2014-09-30 10:28:57
782,-10.91842443,-37.054471500000005,13,2014-09-30 10:29:08
783,-10.91849376,-37.05466126,13,2014-09-30 10:29:19
784,-10.91845835,-37.05466794,13,2014-09-30 10:29:29
785,-10.91846788,-37.05466888,13,2014-09-30 10:29:40
786,-10.91846515,-37.05467152,13,2014-09-30 10:29:50
787,-10.91850948,-37.0554206,13,2014-09-30 10:30:01
788,-10.91847707,-37.05563209,13,2014-09-30 10:30:11
789,-10.91848641,-37.05582653,13,2014-09-30 10:30:21
790,-10.91848739,-37.05660023,13,2014-09-30 10:30:32
791,-10.91851866,-37.05669263,13,2014-09-30 10:30:43
792,-10.91852299,-37.05686276,13,2014-09-30 10:30:54
793,-10.91846154,-37.05698656,13,2014-09-30 10:31:05
794,-10.91844117,-37.05698978,13,2014-09-30 10:31:16
795,-10.91843684,-37.05699138,13,2014-09-30 10:31:26
796,-10.91843657,-37.05699116,13,2014-09-30 10:31:37
797,-10.91842257,-37.05705144,13,2014-09-30 10:31:50
798,-10.91849069,-37.05770009,13,2014-09-30 10:32:01
799,-10.91848882,-37.05861348,13,2014-09-30 10:32:11
800,-10.91845581,-37.05881779999999,13,2014-09-30 10:32:21
801,-10.91844748,-37.05883368,13,2014-09-30 10:32:32
802,-10.91847247,-37.05965045,13,2014-09-30 10:32:43
803,-10.91859661,-37.06049115,13,2014-09-30 10:32:53
804,-10.91856505,-37.06149714,13,2014-09-30 10:33:04
805,-10.91869476,-37.06279455,13,2014-09-30 10:33:14
806,-10.91859068,-37.06408679,13,2014-09-30 10:33:25
807,-10.91859419,-37.06415096,13,2014-09-30 10:33:35
808,-10.91858553,-37.06414306,13,2014-09-30 10:33:46
809,-10.91858083,-37.06414215,13,2014-09-30 10:33:57
810,-10.91858146,-37.06414188,13,2014-09-30 10:34:08
811,-10.91858273,-37.06414125,13,2014-09-30 10:34:19
812,-10.91858285,-37.06414109,13,2014-09-30 10:34:29
813,-10.91858276,-37.06414071,13,2014-09-30 10:34:39
814,-10.91858274,-37.06414038,13,2014-09-30 10:34:50
815,-10.91855532,-37.0645434,13,2014-09-30 10:35:00
816,-10.91863649,-37.06557188,13,2014-09-30 10:35:11
817,-10.91866141,-37.06580983,13,2014-09-30 10:35:22
818,-10.91866441,-37.06610947,13,2014-09-30 10:35:32
819,-10.91867941,-37.06713852,13,2014-09-30 10:35:43
820,-10.91868266,-37.06809659,13,2014-09-30 10:35:53
821,-10.91863953,-37.06822028,13,2014-09-30 10:36:05
822,-10.9186659,-37.06856735,13,2014-09-30 10:36:16
823,-10.91867465,-37.06856386,13,2014-09-30 10:36:27
824,-10.91867849,-37.06859656,13,2014-09-30 10:36:37
825,-10.91866908,-37.06912704,13,2014-09-30 10:36:48
826,-10.91865205,-37.06996072,13,2014-09-30 10:36:58
827,-10.91859789,-37.07080823,13,2014-09-30 10:37:09
828,-10.91863396,-37.07076615,13,2014-09-30 10:37:20
829,-10.91863365,-37.07076375,13,2014-09-30 10:37:30
830,-10.91863391,-37.07076374,13,2014-09-30 10:37:41
831,-10.91861796,-37.07089762,13,2014-09-30 10:37:52
832,-10.91845358,-37.071816299999995,13,2014-09-30 10:38:03
833,-10.91835186,-37.0724233,13,2014-09-30 10:38:14
834,-10.91835338,-37.07256829999999,13,2014-09-30 10:38:25
835,-10.91831338,-37.07322569,13,2014-09-30 10:38:35
836,-10.9183142,-37.07349223,13,2014-09-30 10:38:46
837,-10.91832067,-37.07348685,13,2014-09-30 10:38:57
838,-10.91832039,-37.073486700000004,13,2014-09-30 10:39:07
839,-10.91832038,-37.07348678,13,2014-09-30 10:39:17
840,-10.91832031,-37.07348701,13,2014-09-30 10:39:28
841,-10.91831564,-37.07382692,13,2014-09-30 10:39:38
842,-10.91830293,-37.07403445,13,2014-09-30 10:39:49
843,-10.91830898,-37.07412932,13,2014-09-30 10:40:00
844,-10.91831836,-37.07419686,13,2014-09-30 10:40:11
845,-10.91832134,-37.07419849,13,2014-09-30 10:40:21
846,-10.9183278,-37.07419625,13,2014-09-30 10:40:32
847,-10.91832944,-37.07419579,13,2014-09-30 10:40:42
848,-10.91832958,-37.07419529,13,2014-09-30 10:40:52
849,-10.91832968,-37.07419532,13,2014-09-30 10:41:03
850,-10.91832977,-37.07419536,13,2014-09-30 10:41:13
851,-10.91832858,-37.07424334,13,2014-09-30 10:41:24
852,-10.91831282,-37.07518683,13,2014-09-30 10:41:35
853,-10.91833099,-37.07639977,13,2014-09-30 10:41:45
854,-10.91840824,-37.0777744,13,2014-09-30 10:41:55
855,-10.91849951,-37.07861672,13,2014-09-30 10:42:05
856,-10.91845452,-37.07862479,13,2014-09-30 10:42:16
857,-10.91848634,-37.07914864,13,2014-09-30 10:42:26
858,-10.91857345,-37.0800367,13,2014-09-30 10:42:36
859,-10.91862898,-37.0811015,13,2014-09-30 10:42:47
860,-10.91859219,-37.08148031,13,2014-09-30 10:42:57
861,-10.91861545,-37.08191268,13,2014-09-30 10:43:08
862,-10.91871241,-37.08309159,13,2014-09-30 10:43:18
863,-10.91886331,-37.08459254,13,2014-09-30 10:43:29
864,-10.91930283,-37.08603994,13,2014-09-30 10:43:40
865,-10.91976034,-37.08729571,13,2014-09-30 10:43:50
866,-10.92013428,-37.08829363,13,2014-09-30 10:44:00
867,-10.92030583,-37.08884993,13,2014-09-30 10:44:11
868,-10.92032012,-37.08970807,13,2014-09-30 10:44:22
869,-10.92088373,-37.09034097,13,2014-09-30 10:44:32
870,-10.92127412,-37.09139195,13,2014-09-30 10:44:42
871,-10.92173602,-37.09259479,13,2014-09-30 10:44:52
872,-10.92215114,-37.093703600000005,13,2014-09-30 10:45:02
873,-10.9222773,-37.0940131,13,2014-09-30 10:45:12
874,-10.92231795,-37.09408497,13,2014-09-30 10:45:23
875,-10.92260962,-37.09483125,13,2014-09-30 10:45:34
876,-10.92274161,-37.09607361,13,2014-09-30 10:45:44
877,-10.92232907,-37.09745904,13,2014-09-30 10:45:54
878,-10.92191838,-37.09877962,13,2014-09-30 10:46:04
879,-10.92140382,-37.10007076,13,2014-09-30 10:46:15
880,-10.92136317,-37.10019156,13,2014-09-30 10:46:26
881,-10.92128902,-37.10063571,13,2014-09-30 10:46:36
882,-10.92126559,-37.10172765,13,2014-09-30 10:46:47
883,-10.92135036,-37.10325494,13,2014-09-30 10:46:58
884,-10.92123861,-37.104623100000005,13,2014-09-30 10:47:08
885,-10.92183621,-37.10517821,13,2014-09-30 10:47:19
886,-10.92305273,-37.1051427,13,2014-09-30 10:47:29
887,-10.92372149,-37.1051285,13,2014-09-30 10:47:40
888,-10.92376114,-37.10506548,13,2014-09-30 10:47:51
890,-10.91084681,-37.07166612,16,2014-10-08 13:40:32
891,-10.91084827,-37.07166627,16,2014-10-08 13:40:38
892,-10.91084866,-37.07166643,16,2014-10-08 13:40:44
893,-10.91084876,-37.07166642,16,2014-10-08 13:40:49
894,-10.91084877,-37.07166648,16,2014-10-08 13:40:55
895,-10.91084878,-37.07166644,16,2014-10-08 13:41:01
896,-10.91084879,-37.0716664,16,2014-10-08 13:41:07
897,-10.91108778,-37.07134133,16,2014-10-08 13:41:13
898,-10.91101406,-37.07097936,16,2014-10-08 13:41:18
899,-10.91106469,-37.07039257,16,2014-10-08 13:41:24
900,-10.91116368,-37.06980669,16,2014-10-08 13:41:30
901,-10.9112987,-37.06916358,16,2014-10-08 13:41:36
902,-10.91136723,-37.06848953,16,2014-10-08 13:41:42
903,-10.91139371,-37.06808087,16,2014-10-08 13:41:47
904,-10.91138729,-37.06777591,16,2014-10-08 13:41:53
905,-10.91140065,-37.06747087,16,2014-10-08 13:41:59
906,-10.91147758,-37.06711645,16,2014-10-08 13:42:05
907,-10.91151886,-37.066863700000006,16,2014-10-08 13:42:10
908,-10.91146682,-37.06645663,16,2014-10-08 13:42:15
909,-10.91145419,-37.06586694,16,2014-10-08 13:42:21
910,-10.91145156,-37.06537729,16,2014-10-08 13:42:26
911,-10.91143917,-37.0650615,16,2014-10-08 13:42:31
912,-10.91142248,-37.06492729,16,2014-10-08 13:42:36
913,-10.911382199999998,-37.06471988,16,2014-10-08 13:42:41
914,-10.91137874,-37.06437949,16,2014-10-08 13:42:46
915,-10.91128405,-37.06416269,16,2014-10-08 13:42:52
916,-10.91106123,-37.06400982,16,2014-10-08 13:42:57
917,-10.910741699999999,-37.06391896,16,2014-10-08 13:43:03
918,-10.91070748,-37.06374787,16,2014-10-08 13:43:08
919,-10.91069302,-37.06379217,16,2014-10-08 13:43:14
920,-10.9106894,-37.06379635,16,2014-10-08 13:43:20
921,-10.91068961,-37.06379618,16,2014-10-08 13:43:26
922,-10.91069017,-37.06379778,16,2014-10-08 13:43:32
923,-10.91066955,-37.06381148,16,2014-10-08 13:43:37
924,-10.91065168,-37.06382585,16,2014-10-08 13:43:42
925,-10.91065187,-37.06382756,16,2014-10-08 13:43:48
926,-10.91065149,-37.0638275,16,2014-10-08 13:43:53
927,-10.91046345,-37.06376038,16,2014-10-08 13:43:58
928,-10.91003268,-37.06359161,16,2014-10-08 13:44:04
929,-10.90954249,-37.06323076,16,2014-10-08 13:44:09
930,-10.90905153,-37.06283556,16,2014-10-08 13:44:14
931,-10.90851284,-37.06246959,16,2014-10-08 13:44:19
932,-10.90788971,-37.06204795,16,2014-10-08 13:44:25
933,-10.90737506,-37.0616739,16,2014-10-08 13:44:30
934,-10.90701436,-37.06134047,16,2014-10-08 13:44:36
935,-10.90681351,-37.06104878,16,2014-10-08 13:44:41
936,-10.90679137,-37.0610476,16,2014-10-08 13:44:47
937,-10.90677751,-37.06104718,16,2014-10-08 13:44:52
938,-10.9066537,-37.06097462,16,2014-10-08 13:44:58
939,-10.90641888,-37.06108662,16,2014-10-08 13:45:03
940,-10.90608072,-37.06102893,16,2014-10-08 13:45:09
941,-10.90580368,-37.06088867,16,2014-10-08 13:45:15
942,-10.90569895,-37.06080945,16,2014-10-08 13:45:20
943,-10.90559621,-37.06078814,16,2014-10-08 13:45:26
944,-10.90538341,-37.06063794,16,2014-10-08 13:45:32
945,-10.90489687,-37.06043854,16,2014-10-08 13:45:37
946,-10.90433668,-37.06028677,16,2014-10-08 13:45:43
947,-10.90390004,-37.06011298,16,2014-10-08 13:45:48
948,-10.90344991,-37.05994839,16,2014-10-08 13:45:54
949,-10.90316524,-37.05984431,16,2014-10-08 13:45:59
950,-10.90304264,-37.05958596,16,2014-10-08 13:46:05
951,-10.90309358,-37.05917924,16,2014-10-08 13:46:10
952,-10.90299615,-37.05909411,16,2014-10-08 13:46:15
953,-10.90281366,-37.059048100000005,16,2014-10-08 13:46:21
954,-10.90246731,-37.05904368,16,2014-10-08 13:46:26
955,-10.90197105,-37.059073299999994,16,2014-10-08 13:46:32
956,-10.90152028,-37.05908249,16,2014-10-08 13:46:37
957,-10.90092242,-37.05906881,16,2014-10-08 13:46:43
958,-10.90041634,-37.05904959,16,2014-10-08 13:46:48
959,-10.89983202,-37.0590348,16,2014-10-08 13:46:54
960,-10.89940699,-37.05901467,16,2014-10-08 13:46:59
961,-10.89916147,-37.05897371,16,2014-10-08 13:47:04
962,-10.89906724,-37.05881088,16,2014-10-08 13:47:09
963,-10.89894604,-37.05869827,16,2014-10-08 13:47:15
964,-10.89898272,-37.05866933,16,2014-10-08 13:47:20
965,-10.89898149,-37.05866148,16,2014-10-08 13:47:26
966,-10.89898258,-37.05865768,16,2014-10-08 13:47:32
967,-10.89898321,-37.05865787,16,2014-10-08 13:47:37
968,-10.89899389,-37.05862473,16,2014-10-08 13:47:43
969,-10.89893697,-37.0585505,16,2014-10-08 13:47:49
970,-10.89894792,-37.05840642,16,2014-10-08 13:47:55
971,-10.89890551,-37.05836317,16,2014-10-08 13:48:01
972,-10.89886548,-37.05832611,16,2014-10-08 13:48:06
973,-10.89886218,-37.05828079,16,2014-10-08 13:48:12
974,-10.89885211,-37.05826662,16,2014-10-08 13:48:18
975,-10.89882905,-37.05829454,16,2014-10-08 13:48:24
976,-10.89881562,-37.05828908,16,2014-10-08 13:48:29
977,-10.89876544,-37.05826351,16,2014-10-08 13:48:34
978,-10.89876377,-37.05817255,16,2014-10-08 13:48:40
979,-10.89876495,-37.05809176,16,2014-10-08 13:48:46
980,-10.89877268,-37.05809386,16,2014-10-08 13:48:52
981,-10.89876802,-37.05808856,16,2014-10-08 13:48:57
982,-10.89876323,-37.05808883,16,2014-10-08 13:49:03
983,-10.89876458,-37.05808451,16,2014-10-08 13:49:08
984,-10.89877188,-37.05808067,16,2014-10-08 13:49:14
985,-10.89877632,-37.05807892,16,2014-10-08 13:49:20
986,-10.89877717,-37.05807859,16,2014-10-08 13:49:25
987,-10.89877717,-37.0580786,16,2014-10-08 13:49:31
988,-10.89877756,-37.05807845,16,2014-10-08 13:49:37
989,-10.89877318,-37.05801001,16,2014-10-08 13:49:43
990,-10.89877909,-37.05798185,16,2014-10-08 13:49:48
991,-10.89876268,-37.05794467,16,2014-10-08 13:49:53
992,-10.89873004,-37.05793166,16,2014-10-08 13:49:58
993,-10.89872761,-37.05795591,16,2014-10-08 13:50:04
994,-10.89873506,-37.05794047,16,2014-10-08 13:50:09
995,-10.89873677,-37.05793122,16,2014-10-08 13:50:15
996,-10.89873712,-37.05793141,16,2014-10-08 13:50:21
997,-10.89871481,-37.057877500000004,16,2014-10-08 13:50:26
998,-10.89867777,-37.0578005,16,2014-10-08 13:50:32
999,-10.89866617,-37.05778977,16,2014-10-08 13:50:37
1000,-10.89866379,-37.05778433,16,2014-10-08 13:50:43
1001,-10.89866502,-37.05778877,16,2014-10-08 13:50:48
1002,-10.89866404,-37.05779084,16,2014-10-08 13:50:53
1003,-10.89863354,-37.05780816,16,2014-10-08 13:50:59
1004,-10.89856611,-37.05786058,16,2014-10-08 13:51:06
1005,-10.89841719,-37.05791092,16,2014-10-08 13:51:11
1006,-10.89815447,-37.0580658,16,2014-10-08 13:51:16
1007,-10.89784878,-37.05829262,16,2014-10-08 13:51:22
1008,-10.89761903,-37.058114399999994,16,2014-10-08 13:51:27
1009,-10.89732929,-37.05789227,16,2014-10-08 13:51:33
1010,-10.89717686,-37.05778185,16,2014-10-08 13:51:39
1011,-10.89707984,-37.05772735,16,2014-10-08 13:51:44
1012,-10.89701027,-37.0576393,16,2014-10-08 13:51:50
1013,-10.89700872,-37.05759186,16,2014-10-08 13:51:56
1014,-10.89699122,-37.05759739,16,2014-10-08 13:52:02
1015,-10.89697745,-37.05758239,16,2014-10-08 13:52:07
1016,-10.896946400000001,-37.05737001,16,2014-10-08 13:52:12
1017,-10.89682958,-37.05693202,16,2014-10-08 13:52:18
1018,-10.89681246,-37.05656891,16,2014-10-08 13:52:24
1019,-10.89670929,-37.05638987,16,2014-10-08 13:52:29
1020,-10.896625300000002,-37.05597366,16,2014-10-08 13:52:34
1021,-10.89654314,-37.05545415,16,2014-10-08 13:52:40
1022,-10.89646924,-37.0550843,16,2014-10-08 13:52:45
1023,-10.89639706,-37.05463208,16,2014-10-08 13:52:50
1024,-10.89628769,-37.0542623,16,2014-10-08 13:52:55
1025,-10.89621119,-37.05378888,16,2014-10-08 13:53:01
1026,-10.89616226,-37.05344222,16,2014-10-08 13:53:06
1027,-10.89628005,-37.0532723,16,2014-10-08 13:53:12
1028,-10.89639045,-37.05331839,16,2014-10-08 13:53:17
1029,-10.89660797,-37.05335822,16,2014-10-08 13:53:23
1030,-10.89679471,-37.05342657,16,2014-10-08 13:53:29
1031,-10.89686863,-37.05337445,16,2014-10-08 13:53:35
1208,-10.89739402,-37.05800206,18,2014-10-15 09:35:32
1209,-10.89736121,-37.05799587,18,2014-10-15 09:35:42
1210,-10.8975198,-37.05813501,18,2014-10-15 09:35:52
1211,-10.898085,-37.05830023,18,2014-10-15 09:36:02
1212,-10.89883759,-37.05772889,18,2014-10-15 09:36:12
1213,-10.89901909,-37.05762529,18,2014-10-15 09:36:23
1214,-10.89902483,-37.05763243,18,2014-10-15 09:36:33
1215,-10.89944358,-37.05735787,18,2014-10-15 09:36:43
1216,-10.90056389,-37.05653454,18,2014-10-15 09:36:56
1217,-10.90069099,-37.05644186,18,2014-10-15 09:37:07
1218,-10.90084009,-37.05632852,18,2014-10-15 09:37:17
1219,-10.90149677,-37.05581815,18,2014-10-15 09:37:29
1220,-10.90233359,-37.05523312,18,2014-10-15 09:37:39
1221,-10.90240805,-37.05519581,18,2014-10-15 09:37:50
1222,-10.9026511,-37.05503976,18,2014-10-15 09:38:00
1223,-10.90317886,-37.05422345,18,2014-10-15 09:38:11
1224,-10.90320032,-37.053211100000006,18,2014-10-15 09:38:21
1225,-10.90321442,-37.05318141,18,2014-10-15 09:38:32
1226,-10.90320154,-37.05257424,18,2014-10-15 09:38:43
1227,-10.90327645,-37.05152187,18,2014-10-15 09:38:54
1228,-10.90325507,-37.05082944,18,2014-10-15 09:39:04
1229,-10.90324579,-37.05080638,18,2014-10-15 09:39:14
1230,-10.90327396,-37.05074419,18,2014-10-15 09:39:25
1231,-10.90326934,-37.05064248,18,2014-10-15 09:39:36
1232,-10.90324928,-37.05061088,18,2014-10-15 09:39:47
1233,-10.90306618,-37.05033937,18,2014-10-15 09:39:58
1234,-10.90299921,-37.05002435,18,2014-10-15 09:40:08
1349,-10.9014033333333,-37.056033333333296,20,2014-10-16 12:56:48
1350,-10.9014033333333,-37.056033333333296,20,2014-10-16 12:56:54
1351,-10.901451666666699,-37.05601,20,2014-10-16 12:57:00
1352,-10.901598333333302,-37.05587,20,2014-10-16 12:57:05
1353,-10.901998333333301,-37.05556666666671,20,2014-10-16 12:57:11
1354,-10.902408333333302,-37.055243333333294,20,2014-10-16 12:57:17
1355,-10.902586666666698,-37.0550983333333,20,2014-10-16 12:57:22
1356,-10.902613333333301,-37.05508,20,2014-10-16 12:57:28
1357,-10.902611666666699,-37.055071666666706,20,2014-10-16 12:57:34
1358,-10.902611666666699,-37.055071666666706,20,2014-10-16 12:57:40
1359,-10.902611666666699,-37.055071666666706,20,2014-10-16 12:57:45
1360,-10.902608333333301,-37.05503,20,2014-10-16 12:57:51
1361,-10.902611666666699,-37.05503,20,2014-10-16 12:57:57
1362,-10.902751666666699,-37.0549466666667,20,2014-10-16 12:58:02
1363,-10.903096666666698,-37.054711666666705,20,2014-10-16 12:58:08
1364,-10.903521666666698,-37.054421666666705,20,2014-10-16 12:58:14
1365,-10.903951666666698,-37.0541416666667,20,2014-10-16 12:58:19
1366,-10.904465,-37.05377666666671,20,2014-10-16 12:58:25
1367,-10.904943333333302,-37.0534183333333,20,2014-10-16 12:58:31
1368,-10.905166666666698,-37.053256666666705,20,2014-10-16 12:58:36
1369,-10.905211666666698,-37.053205,20,2014-10-16 12:58:42
1370,-10.905216666666698,-37.053191666666706,20,2014-10-16 12:58:47
1371,-10.905216666666698,-37.053191666666706,20,2014-10-16 12:58:53
1372,-10.905216666666698,-37.053191666666706,20,2014-10-16 12:58:58
1373,-10.905216666666698,-37.053191666666706,20,2014-10-16 12:59:03
1374,-10.905216666666698,-37.053191666666706,20,2014-10-16 12:59:08
1375,-10.905216666666698,-37.053191666666706,20,2014-10-16 12:59:13
1376,-10.905393333333302,-37.0530866666667,20,2014-10-16 12:59:18
1377,-10.905636666666698,-37.052925,20,2014-10-16 12:59:23
1378,-10.905921666666698,-37.05270166666671,20,2014-10-16 12:59:29
1379,-10.906213333333302,-37.052488333333294,20,2014-10-16 12:59:34
1380,-10.90648,-37.052305,20,2014-10-16 12:59:39
1381,-10.9067033333333,-37.052155,20,2014-10-16 12:59:44
1382,-10.906945,-37.0519883333333,20,2014-10-16 12:59:49
1383,-10.907214999999999,-37.051781666666706,20,2014-10-16 12:59:54
1384,-10.907598333333302,-37.0515383333333,20,2014-10-16 13:00:00
1385,-10.907910000000001,-37.051331666666705,20,2014-10-16 13:00:06
1386,-10.9080466666667,-37.051308333333296,20,2014-10-16 13:00:11
1387,-10.90811,-37.051455,20,2014-10-16 13:00:16
1388,-10.908118333333302,-37.05164,20,2014-10-16 13:00:21
1389,-10.908101666666699,-37.0517266666667,20,2014-10-16 13:00:26
1390,-10.908091666666698,-37.051733333333296,20,2014-10-16 13:00:31
1391,-10.908091666666698,-37.051733333333296,20,2014-10-16 13:00:37
1392,-10.908106666666699,-37.051733333333296,20,2014-10-16 13:00:43
1393,-10.908136666666698,-37.051725,20,2014-10-16 13:00:48
1394,-10.908101666666699,-37.0517433333333,20,2014-10-16 13:00:54
1395,-10.908098333333301,-37.05174,20,2014-10-16 13:01:00
1396,-10.90809,-37.0517633333333,20,2014-10-16 13:01:06
1397,-10.908088333333302,-37.051773333333294,20,2014-10-16 13:01:11
1398,-10.908075,-37.05178,20,2014-10-16 13:01:17
1399,-10.908064999999999,-37.051790000000004,20,2014-10-16 13:01:23
1400,-10.908058333333301,-37.05179333333329,20,2014-10-16 13:01:28
1401,-10.908058333333301,-37.05179333333329,20,2014-10-16 13:01:34
1402,-10.908058333333301,-37.05179333333329,20,2014-10-16 13:01:39
1403,-10.908055000000001,-37.051735,20,2014-10-16 13:01:45
1404,-10.908035,-37.0517433333333,20,2014-10-16 13:01:50
1405,-10.908023333333302,-37.0517583333333,20,2014-10-16 13:01:55
1406,-10.908023333333302,-37.0517583333333,20,2014-10-16 13:02:00
1407,-10.908023333333302,-37.0517583333333,20,2014-10-16 13:02:06
1408,-10.908023333333302,-37.0517583333333,20,2014-10-16 13:02:11
1409,-10.908023333333302,-37.0517583333333,20,2014-10-16 13:02:16
1410,-10.90808,-37.0517066666667,20,2014-10-16 13:02:21
1411,-10.9081,-37.0516816666667,20,2014-10-16 13:02:27
1412,-10.9081133333333,-37.051665,20,2014-10-16 13:02:33
1413,-10.908106666666699,-37.051668333333296,20,2014-10-16 13:02:38
1414,-10.908071666666698,-37.0516816666667,20,2014-10-16 13:02:44
1415,-10.908061666666699,-37.051685,20,2014-10-16 13:02:50
1416,-10.908061666666699,-37.051685,20,2014-10-16 13:02:55
1417,-10.908061666666699,-37.051685,20,2014-10-16 13:03:00
1418,-10.908006666666699,-37.051778333333296,20,2014-10-16 13:03:06
1419,-10.908011666666699,-37.0517833333333,20,2014-10-16 13:03:12
1420,-10.908011666666699,-37.0517833333333,20,2014-10-16 13:03:17
1421,-10.90801,-37.051815000000005,20,2014-10-16 13:03:23
1422,-10.908005000000001,-37.0518133333333,20,2014-10-16 13:03:29
1423,-10.908005000000001,-37.0518133333333,20,2014-10-16 13:03:34
1424,-10.907986666666698,-37.05174,20,2014-10-16 13:03:39
1425,-10.90799,-37.051736666666706,20,2014-10-16 13:03:44
1426,-10.908035,-37.0517383333333,20,2014-10-16 13:03:49
1427,-10.9080633333333,-37.051753333333295,20,2014-10-16 13:03:54
1428,-10.908025,-37.051778333333296,20,2014-10-16 13:04:00
1429,-10.908055000000001,-37.051765,20,2014-10-16 13:04:05
1430,-10.908055000000001,-37.051765,20,2014-10-16 13:04:11
1431,-10.908075,-37.05176166666671,20,2014-10-16 13:04:17
1432,-10.908088333333302,-37.05179333333329,20,2014-10-16 13:04:22
1433,-10.908095,-37.0519066666667,20,2014-10-16 13:04:27
1434,-10.90809,-37.052195000000005,20,2014-10-16 13:04:32
1435,-10.908045,-37.052565,20,2014-10-16 13:04:38
1436,-10.908066666666699,-37.052673333333296,20,2014-10-16 13:04:43
1437,-10.908176666666698,-37.0527033333333,20,2014-10-16 13:04:49
1438,-10.9082816666667,-37.0526583333333,20,2014-10-16 13:04:55
1439,-10.90832,-37.0526416666667,20,2014-10-16 13:05:00
1440,-10.90832,-37.0526416666667,20,2014-10-16 13:05:06
1441,-10.908375,-37.05258,20,2014-10-16 13:05:11
1442,-10.908375,-37.05258,20,2014-10-16 13:05:17
1443,-10.908375,-37.05258,20,2014-10-16 13:05:22
1444,-10.908375,-37.05258,20,2014-10-16 13:05:27
1445,-10.908375,-37.05258,20,2014-10-16 13:05:33
1446,-10.908380000000001,-37.0525983333333,20,2014-10-16 13:05:38
1447,-10.908453333333302,-37.0525916666667,20,2014-10-16 13:05:44
1448,-10.908498333333302,-37.052605,20,2014-10-16 13:05:49
1449,-10.908616666666699,-37.0526183333333,20,2014-10-16 13:05:55
1450,-10.908788333333302,-37.0526433333333,20,2014-10-16 13:06:00
1451,-10.909006666666698,-37.052655,20,2014-10-16 13:06:06
1452,-10.909211666666698,-37.052640000000004,20,2014-10-16 13:06:11
1453,-10.909436666666698,-37.052634999999995,20,2014-10-16 13:06:16
1454,-10.909861666666698,-37.052640000000004,20,2014-10-16 13:06:22
1455,-10.910155,-37.0526416666667,20,2014-10-16 13:06:27
1456,-10.910221666666699,-37.0526466666667,20,2014-10-16 13:06:32
1457,-10.910423333333302,-37.052653333333296,20,2014-10-16 13:06:38
1458,-10.910701666666698,-37.0526633333333,20,2014-10-16 13:06:43
1459,-10.911,-37.052675,20,2014-10-16 13:06:48
1460,-10.911283333333301,-37.052673333333296,20,2014-10-16 13:06:54
1461,-10.911375,-37.052673333333296,20,2014-10-16 13:07:00
1462,-10.911355,-37.05268,20,2014-10-16 13:07:06
1463,-10.911351666666699,-37.052673333333296,20,2014-10-16 13:07:11
1464,-10.911536666666699,-37.0526833333333,20,2014-10-16 13:07:17
1465,-10.91179,-37.0526866666667,20,2014-10-16 13:07:23
1466,-10.911936666666698,-37.0527066666667,20,2014-10-16 13:07:28
1467,-10.911946666666699,-37.0527066666667,20,2014-10-16 13:07:33
1468,-10.911946666666699,-37.0527066666667,20,2014-10-16 13:07:39
1469,-10.911946666666699,-37.0527066666667,20,2014-10-16 13:07:45
1470,-10.911946666666699,-37.0527066666667,20,2014-10-16 13:07:50
1471,-10.911966666666698,-37.05273333333329,20,2014-10-16 13:07:55
1472,-10.912151666666698,-37.052738333333295,20,2014-10-16 13:08:00
1473,-10.912410000000001,-37.05274666666671,20,2014-10-16 13:08:06
1474,-10.912625,-37.05272,20,2014-10-16 13:08:12
1475,-10.912798333333301,-37.052718333333296,20,2014-10-16 13:08:17
1476,-10.913076666666699,-37.052725,20,2014-10-16 13:08:22
1477,-10.913411666666699,-37.05273,20,2014-10-16 13:08:27
1478,-10.913733333333301,-37.0527366666667,20,2014-10-16 13:08:33
1479,-10.914028333333302,-37.05274,20,2014-10-16 13:08:39
1480,-10.914461666666698,-37.05275,20,2014-10-16 13:08:45
1481,-10.9148066666667,-37.052755,20,2014-10-16 13:08:50
1482,-10.915005,-37.05255,20,2014-10-16 13:08:55
1483,-10.91503,-37.05216,20,2014-10-16 13:09:00
1484,-10.915043333333301,-37.0517016666667,20,2014-10-16 13:09:06
1485,-10.915258333333302,-37.051576666666705,20,2014-10-16 13:09:12
1486,-10.915631666666698,-37.051605,20,2014-10-16 13:09:18
1487,-10.915878333333302,-37.051618333333295,20,2014-10-16 13:09:23
1488,-10.91595,-37.051623333333296,20,2014-10-16 13:09:28
1489,-10.916030000000001,-37.051635,20,2014-10-16 13:09:33
1490,-10.916143333333302,-37.051643333333296,20,2014-10-16 13:09:39
1491,-10.916443333333302,-37.0516516666667,20,2014-10-16 13:09:44
1492,-10.916805,-37.051643333333296,20,2014-10-16 13:09:49
1493,-10.917175,-37.051641666666704,20,2014-10-16 13:09:55
1494,-10.917455,-37.0516366666667,20,2014-10-16 13:10:01
1495,-10.917551666666698,-37.0516366666667,20,2014-10-16 13:10:06
1496,-10.917568333333302,-37.0516366666667,20,2014-10-16 13:10:12
1497,-10.917568333333302,-37.0516366666667,20,2014-10-16 13:10:17
1498,-10.91761,-37.0516283333333,20,2014-10-16 13:10:22
1499,-10.91768,-37.051629999999996,20,2014-10-16 13:10:27
1500,-10.917710000000001,-37.051646666666706,20,2014-10-16 13:10:33
1501,-10.917795,-37.0516566666667,20,2014-10-16 13:10:38
1502,-10.917961666666699,-37.051665,20,2014-10-16 13:10:44
1503,-10.918068333333302,-37.05167166666671,20,2014-10-16 13:10:49
1504,-10.918238333333301,-37.0516733333333,20,2014-10-16 13:10:55
1505,-10.918496666666698,-37.051668333333296,20,2014-10-16 13:11:00
1506,-10.918795,-37.051666666666705,20,2014-10-16 13:11:06
1507,-10.9191716666667,-37.051645,20,2014-10-16 13:11:12
1508,-10.919501666666699,-37.05165,20,2014-10-16 13:11:17
1509,-10.919816666666698,-37.0516516666667,20,2014-10-16 13:11:22
1510,-10.920169999999999,-37.051655,20,2014-10-16 13:11:27
1511,-10.920575,-37.051645,20,2014-10-16 13:11:33
1512,-10.921,-37.0516483333333,20,2014-10-16 13:11:39
1513,-10.92136,-37.051643333333296,20,2014-10-16 13:11:44
1514,-10.921721666666699,-37.051646666666706,20,2014-10-16 13:11:49
1515,-10.9221433333333,-37.05165,20,2014-10-16 13:11:55
1516,-10.92228,-37.051655,20,2014-10-16 13:12:01
1517,-10.922318333333301,-37.05162666666671,20,2014-10-16 13:12:07
1518,-10.9223283333333,-37.0515383333333,20,2014-10-16 13:12:13
1519,-10.922333333333302,-37.051461666666704,20,2014-10-16 13:12:19
1520,-10.922395,-37.0514333333333,20,2014-10-16 13:12:25
1521,-10.922436666666698,-37.0514233333333,20,2014-10-16 13:12:31
1522,-10.922471666666699,-37.05142,20,2014-10-16 13:12:37
1523,-10.922486666666698,-37.05141,20,2014-10-16 13:12:43
1524,-10.922473333333302,-37.051398333333296,20,2014-10-16 13:12:49
1525,-10.922475,-37.051393333333294,20,2014-10-16 13:12:55
1526,-10.922475,-37.051393333333294,20,2014-10-16 13:13:00
1527,-10.922475,-37.051393333333294,20,2014-10-16 13:13:06
1528,-10.922475,-37.051393333333294,20,2014-10-16 13:13:11
1529,-10.922475,-37.051393333333294,20,2014-10-16 13:13:17
1530,-10.922383333333302,-37.051398333333296,20,2014-10-16 13:13:22
1713,-10.922356666666698,-37.05147,22,2014-10-16 15:19:16
1714,-10.9224516666667,-37.05147,22,2014-10-16 15:19:22
1715,-10.922455000000001,-37.0514716666667,22,2014-10-16 15:19:27
1716,-10.922455000000001,-37.0514716666667,22,2014-10-16 15:19:33
1717,-10.922455000000001,-37.0514716666667,22,2014-10-16 15:19:39
1718,-10.92244,-37.0515133333333,22,2014-10-16 15:19:45
1719,-10.922441666666698,-37.051515,22,2014-10-16 15:19:50
1720,-10.922368333333301,-37.0515716666667,22,2014-10-16 15:19:56
1721,-10.92232,-37.0516033333333,22,2014-10-16 15:20:01
1722,-10.922241666666698,-37.0516083333333,22,2014-10-16 15:20:07
1723,-10.92227,-37.051629999999996,22,2014-10-16 15:20:13
1724,-10.92228,-37.0516366666667,22,2014-10-16 15:20:18
1725,-10.922561666666699,-37.05171666666671,22,2014-10-16 15:20:24
1726,-10.922791666666699,-37.0517216666667,22,2014-10-16 15:20:29
1727,-10.922878333333301,-37.051686666666704,22,2014-10-16 15:20:34
1728,-10.922875,-37.051668333333296,22,2014-10-16 15:20:39
1729,-10.922875,-37.051668333333296,22,2014-10-16 15:20:45
1730,-10.922875,-37.051668333333296,22,2014-10-16 15:20:50
1731,-10.922953333333302,-37.051533333333296,22,2014-10-16 15:20:56
1732,-10.923001666666698,-37.0512816666667,22,2014-10-16 15:21:01
1733,-10.92305,-37.050805,22,2014-10-16 15:21:07
1734,-10.9230783333333,-37.0504683333333,22,2014-10-16 15:21:12
1735,-10.923081666666699,-37.0502833333333,22,2014-10-16 15:21:18
1736,-10.923118333333301,-37.0498633333333,22,2014-10-16 15:21:24
1737,-10.923185,-37.049385,22,2014-10-16 15:21:30
1738,-10.923188333333302,-37.049205,22,2014-10-16 15:21:35
1739,-10.923171666666699,-37.048671666666706,22,2014-10-16 15:21:45
1740,-10.923216666666699,-37.048355,22,2014-10-16 15:21:51
1741,-10.92323,-37.04823,22,2014-10-16 15:21:56
1742,-10.923258333333301,-37.0480066666667,22,2014-10-16 15:22:01
1743,-10.923316666666699,-37.047773333333296,22,2014-10-16 15:22:06
1744,-10.9233466666667,-37.04744,22,2014-10-16 15:22:12
1745,-10.923395,-37.0470883333333,22,2014-10-16 15:22:18
1746,-10.923435000000001,-37.0467233333333,22,2014-10-16 15:22:23
1747,-10.923518333333302,-37.046201666666704,22,2014-10-16 15:22:29
1748,-10.923606666666698,-37.0457383333333,22,2014-10-16 15:22:35
1749,-10.923665,-37.045398333333296,22,2014-10-16 15:22:41
1750,-10.923745,-37.0449383333333,22,2014-10-16 15:22:47
1751,-10.9237383333333,-37.0446666666667,22,2014-10-16 15:22:52
1752,-10.923778333333301,-37.0446,22,2014-10-16 15:22:58
1753,-10.923948333333302,-37.0445583333333,22,2014-10-16 15:23:03
1754,-10.923971666666699,-37.044546666666704,22,2014-10-16 15:23:08
1755,-10.923964999999999,-37.0445316666667,22,2014-10-16 15:23:14
1756,-10.923960000000001,-37.0445316666667,22,2014-10-16 15:23:20
1757,-10.924430000000001,-37.04439666666671,22,2014-10-16 15:23:40
1758,-10.924593333333302,-37.04432,22,2014-10-16 15:23:46
1759,-10.9246,-37.0443316666667,22,2014-10-16 15:23:52
1760,-10.924606666666698,-37.044346666666705,22,2014-10-16 15:23:57
1761,-10.924758333333301,-37.0442916666667,22,2014-10-16 15:24:03
1762,-10.925133333333301,-37.0441816666667,22,2014-10-16 15:24:09
1763,-10.925521666666699,-37.0439783333333,22,2014-10-16 15:24:15
1764,-10.92571,-37.043965,22,2014-10-16 15:24:21
1765,-10.925721666666698,-37.04397166666671,22,2014-10-16 15:24:27
1766,-10.925721666666698,-37.04397166666671,22,2014-10-16 15:24:32
1767,-10.925721666666698,-37.04397166666671,22,2014-10-16 15:24:43
1768,-10.925721666666698,-37.04397166666671,22,2014-10-16 15:24:49
1769,-10.925721666666698,-37.04397166666671,22,2014-10-16 15:24:55
1770,-10.9258,-37.043975,22,2014-10-16 15:25:01
1771,-10.925801666666699,-37.043986666666704,22,2014-10-16 15:25:07
1772,-10.925801666666699,-37.043986666666704,22,2014-10-16 15:25:12
1773,-10.925801666666699,-37.043986666666704,22,2014-10-16 15:25:18
1774,-10.925801666666699,-37.043986666666704,22,2014-10-16 15:25:24
1775,-10.925933333333301,-37.0439283333333,22,2014-10-16 15:25:29
1776,-10.926211666666699,-37.0438616666667,22,2014-10-16 15:25:34
1777,-10.926464999999999,-37.0437283333333,22,2014-10-16 15:25:39
1778,-10.926785,-37.04363,22,2014-10-16 15:25:45
1779,-10.9271633333333,-37.04347,22,2014-10-16 15:25:51
1780,-10.927438333333301,-37.0433916666667,22,2014-10-16 15:25:56
1781,-10.927596666666698,-37.04336666666671,22,2014-10-16 15:26:01
1782,-10.927518333333301,-37.04335,22,2014-10-16 15:26:06
1783,-10.927518333333301,-37.04335,22,2014-10-16 15:26:12
1784,-10.927431666666699,-37.0433266666667,22,2014-10-16 15:26:17
1785,-10.92742,-37.04332166666671,22,2014-10-16 15:26:25
1786,-10.92742,-37.04332166666671,22,2014-10-16 15:26:31
1787,-10.928178333333301,-37.04359,22,2014-10-16 15:26:42
1788,-10.928406666666698,-37.04383666666671,22,2014-10-16 15:26:48
1789,-10.928606666666699,-37.0440883333333,22,2014-10-16 15:26:54
1790,-10.928763333333302,-37.044275,22,2014-10-16 15:26:59
1791,-10.928863333333302,-37.044375,22,2014-10-16 15:27:05
1792,-10.928888333333301,-37.0444066666667,22,2014-10-16 15:27:10
1793,-10.928891666666699,-37.04442,22,2014-10-16 15:27:16
1794,-10.928903333333302,-37.0444183333333,22,2014-10-16 15:27:22
1795,-10.928891666666699,-37.0444316666667,22,2014-10-16 15:27:28
1796,-10.928891666666699,-37.0444316666667,22,2014-10-16 15:27:33
1797,-10.928891666666699,-37.0444316666667,22,2014-10-16 15:27:39
1798,-10.928908333333302,-37.0444716666667,22,2014-10-16 15:27:44
1799,-10.929026666666699,-37.0446,22,2014-10-16 15:27:49
1800,-10.9291783333333,-37.04482166666671,22,2014-10-16 15:27:54
1801,-10.929373333333302,-37.045035,22,2014-10-16 15:28:00
1802,-10.929683333333301,-37.0453433333333,22,2014-10-16 15:28:06
1803,-10.929886666666699,-37.0456116666667,22,2014-10-16 15:28:12
1804,-10.930013333333301,-37.0457933333333,22,2014-10-16 15:28:17
1805,-10.9300566666667,-37.04585166666671,22,2014-10-16 15:28:23
1806,-10.930055,-37.04585166666671,22,2014-10-16 15:28:29
1807,-10.930123333333302,-37.045905,22,2014-10-16 15:28:35
1808,-10.930116666666699,-37.045908333333294,22,2014-10-16 15:28:40
1809,-10.930116666666699,-37.045908333333294,22,2014-10-16 15:28:46
1810,-10.930116666666699,-37.045908333333294,22,2014-10-16 15:28:52
1811,-10.930116666666699,-37.045908333333294,22,2014-10-16 15:28:57
1812,-10.930116666666699,-37.045908333333294,22,2014-10-16 15:29:02
1813,-10.930116666666699,-37.045908333333294,22,2014-10-16 15:29:07
1814,-10.930116666666699,-37.045908333333294,22,2014-10-16 15:29:12
1815,-10.930125,-37.045936666666705,22,2014-10-16 15:29:18
1816,-10.930245,-37.0460983333333,22,2014-10-16 15:29:23
1817,-10.930421666666698,-37.046316666666705,22,2014-10-16 15:29:28
1818,-10.930603333333302,-37.046566666666706,22,2014-10-16 15:29:34
1819,-10.930771666666699,-37.0468183333333,22,2014-10-16 15:29:39
1820,-10.930863333333301,-37.046925,22,2014-10-16 15:29:44
1821,-10.930863333333301,-37.04692666666671,22,2014-10-16 15:29:50
1822,-10.930863333333301,-37.04692666666671,22,2014-10-16 15:29:55
1823,-10.930863333333301,-37.04692666666671,22,2014-10-16 15:30:01
1824,-10.930863333333301,-37.04692666666671,22,2014-10-16 15:30:06
1825,-10.930863333333301,-37.04692666666671,22,2014-10-16 15:30:11
1826,-10.930863333333301,-37.04692666666671,22,2014-10-16 15:30:17
1827,-10.930863333333301,-37.04692666666671,22,2014-10-16 15:30:23
1828,-10.930863333333301,-37.04692666666671,22,2014-10-16 15:30:29
1829,-10.930863333333301,-37.04692666666671,22,2014-10-16 15:30:34
1830,-10.930863333333301,-37.04692666666671,22,2014-10-16 15:30:40
1831,-10.930896666666698,-37.0469983333333,22,2014-10-16 15:30:45
1832,-10.931063333333302,-37.0472416666667,22,2014-10-16 15:30:50
1833,-10.9314166666667,-37.0476466666667,22,2014-10-16 15:30:55
1834,-10.931764999999999,-37.0479983333333,22,2014-10-16 15:31:01
1835,-10.932243333333302,-37.0484233333333,22,2014-10-16 15:31:07
1836,-10.93266,-37.048821666666704,22,2014-10-16 15:31:12
1837,-10.933135,-37.049243333333294,22,2014-10-16 15:31:18
1838,-10.933515,-37.049558333333295,22,2014-10-16 15:31:23
1839,-10.933871666666699,-37.0498133333333,22,2014-10-16 15:31:29
1840,-10.934061666666699,-37.0499516666667,22,2014-10-16 15:31:35
1841,-10.934128333333302,-37.049985,22,2014-10-16 15:31:40
1842,-10.934128333333302,-37.0499933333333,22,2014-10-16 15:31:45
1843,-10.934125,-37.049985,22,2014-10-16 15:31:51
1844,-10.934125,-37.049985,22,2014-10-16 15:31:57
1845,-10.934125,-37.049985,22,2014-10-16 15:32:02
1846,-10.934111666666698,-37.049986666666705,22,2014-10-16 15:32:08
1847,-10.934118333333302,-37.05001,22,2014-10-16 15:32:14
1848,-10.934116666666698,-37.050015,22,2014-10-16 15:32:20
1849,-10.934116666666698,-37.050015,22,2014-10-16 15:32:25
1850,-10.934126666666698,-37.050025,22,2014-10-16 15:32:30
1851,-10.934126666666698,-37.050025,22,2014-10-16 15:32:36
1852,-10.934101666666699,-37.0499966666667,22,2014-10-16 15:32:42
1853,-10.934105,-37.049995,22,2014-10-16 15:32:47
1854,-10.9341533333333,-37.050035,22,2014-10-16 15:32:53
1855,-10.934173333333302,-37.050035,22,2014-10-16 15:32:58
1856,-10.934185000000001,-37.0500233333333,22,2014-10-16 15:33:04
1857,-10.9342316666667,-37.0500416666667,22,2014-10-16 15:33:09
1858,-10.934445,-37.05017166666671,22,2014-10-16 15:33:15
1859,-10.934686666666698,-37.05030666666671,22,2014-10-16 15:33:21
1860,-10.934755000000001,-37.050340000000006,22,2014-10-16 15:33:27
1861,-10.934764999999999,-37.050363333333294,22,2014-10-16 15:33:32
1862,-10.934944999999999,-37.050470000000004,22,2014-10-16 15:33:38
1863,-10.935165,-37.050596666666706,22,2014-10-16 15:33:44
1864,-10.935538333333302,-37.050548333333296,22,2014-10-16 15:33:50
1865,-10.935951666666698,-37.050585,22,2014-10-16 15:33:56
1866,-10.93634,-37.050658333333296,22,2014-10-16 15:34:01
1867,-10.936765,-37.05062,22,2014-10-16 15:34:07
1868,-10.93713,-37.050698333333294,22,2014-10-16 15:34:13
1869,-10.937205,-37.050698333333294,22,2014-10-16 15:34:19
1870,-10.937185000000001,-37.050703333333296,22,2014-10-16 15:34:24
1871,-10.9372,-37.05069,22,2014-10-16 15:34:29
1872,-10.937243333333301,-37.050678333333295,22,2014-10-16 15:34:34
1873,-10.937291666666699,-37.050675,22,2014-10-16 15:34:40
1874,-10.937485,-37.050779999999996,22,2014-10-16 15:34:46
1875,-10.937826666666698,-37.050768333333295,22,2014-10-16 15:34:52
1876,-10.938176666666699,-37.0507666666667,22,2014-10-16 15:34:57
1877,-10.93863,-37.05086,22,2014-10-16 15:35:02
1878,-10.939075,-37.0509583333333,22,2014-10-16 15:35:07
1879,-10.939451666666699,-37.0509383333333,22,2014-10-16 15:35:12
1880,-10.939608333333302,-37.050925,22,2014-10-16 15:35:17
1881,-10.939601666666698,-37.0509116666667,22,2014-10-16 15:35:23
1882,-10.939601666666698,-37.0509116666667,22,2014-10-16 15:35:28
1883,-10.939601666666698,-37.0509116666667,22,2014-10-16 15:35:33
1884,-10.939601666666698,-37.0509116666667,22,2014-10-16 15:35:39
1885,-10.939601666666698,-37.0509116666667,22,2014-10-16 15:35:45
1886,-10.939728333333301,-37.050865,22,2014-10-16 15:35:51
1887,-10.940031666666698,-37.05088,22,2014-10-16 15:35:57
1888,-10.940226666666698,-37.0509333333333,22,2014-10-16 15:36:03
1889,-10.940226666666698,-37.050975,22,2014-10-16 15:36:08
1890,-10.94022,-37.050973333333296,22,2014-10-16 15:36:13
1891,-10.94022,-37.050973333333296,22,2014-10-16 15:36:19
1892,-10.94022,-37.050973333333296,22,2014-10-16 15:36:24
1893,-10.94022,-37.050973333333296,22,2014-10-16 15:36:29
1894,-10.94022,-37.050973333333296,22,2014-10-16 15:36:35
1895,-10.940323333333302,-37.05095,22,2014-10-16 15:36:40
1896,-10.940401666666698,-37.050990000000006,22,2014-10-16 15:36:46
1897,-10.940493333333302,-37.0510083333333,22,2014-10-16 15:36:51
1898,-10.9407233333333,-37.0509616666667,22,2014-10-16 15:36:57
1899,-10.940955,-37.0509833333333,22,2014-10-16 15:37:02
1900,-10.941173333333301,-37.0508516666667,22,2014-10-16 15:37:08
1901,-10.941168333333302,-37.0504933333333,22,2014-10-16 15:37:13
1902,-10.941393333333302,-37.050011666666705,22,2014-10-16 15:37:19
1903,-10.941711666666698,-37.049586666666706,22,2014-10-16 15:37:24
1904,-10.942176666666699,-37.0490133333333,22,2014-10-16 15:37:30
1905,-10.942688333333301,-37.04832333333329,22,2014-10-16 15:37:36
1906,-10.943283333333301,-37.04768,22,2014-10-16 15:37:42
1907,-10.94373,-37.047281666666706,22,2014-10-16 15:37:47
1908,-10.94403,-37.047051666666704,22,2014-10-16 15:37:53
1909,-10.944075,-37.046986666666704,22,2014-10-16 15:37:58
1910,-10.944065,-37.046988333333296,22,2014-10-16 15:38:04
1911,-10.94406,-37.046986666666704,22,2014-10-16 15:38:10
1912,-10.94406,-37.046986666666704,22,2014-10-16 15:38:15
1913,-10.94406,-37.046986666666704,22,2014-10-16 15:38:20
1914,-10.94406,-37.046986666666704,22,2014-10-16 15:38:25
1915,-10.944161666666698,-37.046895,22,2014-10-16 15:38:31
1916,-10.94442,-37.04671,22,2014-10-16 15:38:36
1917,-10.944806666666699,-37.0464633333333,22,2014-10-16 15:38:42
1918,-10.94512,-37.04631,22,2014-10-16 15:38:48
1919,-10.945383333333302,-37.0461933333333,22,2014-10-16 15:38:53
1920,-10.945745,-37.04602,22,2014-10-16 15:38:58
1921,-10.946211666666699,-37.04585,22,2014-10-16 15:39:03
1922,-10.946873333333302,-37.0457033333333,22,2014-10-16 15:39:09
1923,-10.947498333333302,-37.0456283333333,22,2014-10-16 15:39:15
1924,-10.948181666666699,-37.0455583333333,22,2014-10-16 15:39:21
1925,-10.948891666666698,-37.0454933333333,22,2014-10-16 15:39:27
1926,-10.949471666666698,-37.0454683333333,22,2014-10-16 15:39:32
1927,-10.950038333333302,-37.045485,22,2014-10-16 15:39:37
1928,-10.9507466666667,-37.045576666666705,22,2014-10-16 15:39:43
1929,-10.9513283333333,-37.045663333333295,22,2014-10-16 15:39:48
1930,-10.952083333333302,-37.045675,22,2014-10-16 15:39:54
1931,-10.9527166666667,-37.045609999999996,22,2014-10-16 15:39:59
1932,-10.953318333333302,-37.045465,22,2014-10-16 15:40:04
1933,-10.953786666666698,-37.0453233333333,22,2014-10-16 15:40:09
1934,-10.9542,-37.04525,22,2014-10-16 15:40:16
1935,-10.954435,-37.0457033333333,22,2014-10-16 15:40:22
1936,-10.954623333333302,-37.0460416666667,22,2014-10-16 15:40:27
1937,-10.954946666666698,-37.0460616666667,22,2014-10-16 15:40:32
1938,-10.955405,-37.04585,22,2014-10-16 15:40:37
1939,-10.955976666666698,-37.0455683333333,22,2014-10-16 15:40:42
1940,-10.9567,-37.045238333333295,22,2014-10-16 15:40:48
1941,-10.957435,-37.04489,22,2014-10-16 15:40:54
1942,-10.95807,-37.0446183333333,22,2014-10-16 15:40:59
1943,-10.95875,-37.04432,22,2014-10-16 15:41:05
1944,-10.959361666666698,-37.0440383333333,22,2014-10-16 15:41:10
1945,-10.960016666666698,-37.0437566666667,22,2014-10-16 15:41:15
1946,-10.960673333333302,-37.043465000000005,22,2014-10-16 15:41:20
1947,-10.961495,-37.043093333333296,22,2014-10-16 15:41:26
1948,-10.962156666666699,-37.042803333333296,22,2014-10-16 15:41:31
1949,-10.962843333333302,-37.04254,22,2014-10-16 15:41:36
1950,-10.963676666666698,-37.042345000000005,22,2014-10-16 15:41:42
1951,-10.964405000000001,-37.0423466666667,22,2014-10-16 15:41:47
1952,-10.965238333333302,-37.0424483333333,22,2014-10-16 15:41:53
1953,-10.965885,-37.0425716666667,22,2014-10-16 15:41:58
1954,-10.966491666666698,-37.042688333333295,22,2014-10-16 15:42:03
1955,-10.966963333333302,-37.042911666666704,22,2014-10-16 15:42:08
1956,-10.967248333333302,-37.043023333333295,22,2014-10-16 15:42:13
1957,-10.967271666666699,-37.043183333333296,22,2014-10-16 15:42:19
1958,-10.967228333333301,-37.043403333333295,22,2014-10-16 15:42:25
1959,-10.967165,-37.043603333333294,22,2014-10-16 15:42:31
1960,-10.967106666666698,-37.0438,22,2014-10-16 15:42:37
1961,-10.96706,-37.0439966666667,22,2014-10-16 15:42:42
1962,-10.966991666666699,-37.0442066666667,22,2014-10-16 15:42:47
1963,-10.966973333333302,-37.044455,22,2014-10-16 15:42:53
1964,-10.967125,-37.044543333333294,22,2014-10-16 15:42:58
1965,-10.967291666666698,-37.0445733333333,22,2014-10-16 15:43:03
1966,-10.967564999999999,-37.0446183333333,22,2014-10-16 15:43:08
1967,-10.967801666666698,-37.0447116666667,22,2014-10-16 15:43:14
1968,-10.968148333333302,-37.044779999999996,22,2014-10-16 15:43:20
1969,-10.9684533333333,-37.044813333333295,22,2014-10-16 15:43:25
1970,-10.968825,-37.04485,22,2014-10-16 15:43:31
1971,-10.9691583333333,-37.044928333333296,22,2014-10-16 15:43:36
1972,-10.969565,-37.045016666666704,22,2014-10-16 15:43:42
1973,-10.96984,-37.045075,22,2014-10-16 15:43:47
1974,-10.970211666666698,-37.0451433333333,22,2014-10-16 15:43:53
1975,-10.970583333333302,-37.04526,22,2014-10-16 15:43:58
1976,-10.970989999999999,-37.0453916666667,22,2014-10-16 15:44:04
1977,-10.971211666666699,-37.04547,22,2014-10-16 15:44:09
1978,-10.971485000000001,-37.045573333333294,22,2014-10-16 15:44:14
1979,-10.97189,-37.04567,22,2014-10-16 15:44:20
1980,-10.972315,-37.045765,22,2014-10-16 15:44:26
1981,-10.972576666666699,-37.045845,22,2014-10-16 15:44:31
1982,-10.972841666666698,-37.0459,22,2014-10-16 15:44:36
1983,-10.973323333333301,-37.0459833333333,22,2014-10-16 15:44:42
1984,-10.973856666666698,-37.0461016666667,22,2014-10-16 15:44:48
1985,-10.974298333333302,-37.04618,22,2014-10-16 15:44:54
1986,-10.974718333333302,-37.046275,22,2014-10-16 15:44:59
1987,-10.975148333333301,-37.046375,22,2014-10-16 15:45:04
1988,-10.975455,-37.046445,22,2014-10-16 15:45:09
1989,-10.975513333333302,-37.04656,22,2014-10-16 15:45:14
1990,-10.975465,-37.046755,22,2014-10-16 15:45:20
1991,-10.975388333333301,-37.047008333333295,22,2014-10-16 15:45:26
1992,-10.9753816666667,-37.0471566666667,22,2014-10-16 15:45:31
1993,-10.975394999999999,-37.047165,22,2014-10-16 15:45:36
1994,-10.975394999999999,-37.047188333333295,22,2014-10-16 15:45:42
1995,-10.975461666666698,-37.047255,22,2014-10-16 15:45:47
1996,-10.975623333333301,-37.047318333333294,22,2014-10-16 15:45:53
1997,-10.97568,-37.0473366666667,22,2014-10-16 15:45:58
1998,-10.975686666666698,-37.0473333333333,22,2014-10-16 15:46:04
1999,-10.982081666666698,-37.0529783333333,23,2014-10-17 19:25:33
2000,-10.981286666666698,-37.052955,23,2014-10-17 19:25:39
2001,-10.98044,-37.052995,23,2014-10-17 19:25:45
2002,-10.97977,-37.05321666666671,23,2014-10-17 19:25:50
2003,-10.979068333333302,-37.0534483333333,23,2014-10-17 19:25:55
2004,-10.97816,-37.0536033333333,23,2014-10-17 19:26:01
2005,-10.977215,-37.0536716666667,23,2014-10-17 19:26:07
2006,-10.976443333333302,-37.05376333333329,23,2014-10-17 19:26:12
2007,-10.975646666666698,-37.053775,23,2014-10-17 19:26:17
2008,-10.974698333333302,-37.053833333333294,23,2014-10-17 19:26:23
2009,-10.973901666666698,-37.0538733333333,23,2014-10-17 19:26:28
2010,-10.97289,-37.0537116666667,23,2014-10-17 19:26:34
2011,-10.972216666666698,-37.053703333333296,23,2014-10-17 19:26:39
2012,-10.971616666666698,-37.053715000000004,23,2014-10-17 19:26:45
2013,-10.971321666666698,-37.053726666666705,23,2014-10-17 19:26:50
2014,-10.9709716666667,-37.05376333333329,23,2014-10-17 19:26:57
2015,-10.970816666666698,-37.0537816666667,23,2014-10-17 19:27:03
2016,-10.970808333333302,-37.0538016666667,23,2014-10-17 19:27:09
2017,-10.97082,-37.05380833333329,23,2014-10-17 19:27:14
2018,-10.97082,-37.05380833333329,23,2014-10-17 19:27:20
2019,-10.970796666666699,-37.0537866666667,23,2014-10-17 19:27:26
2020,-10.970796666666699,-37.0537866666667,23,2014-10-17 19:27:32
2021,-10.970796666666699,-37.0537866666667,23,2014-10-17 19:27:38
2022,-10.970796666666699,-37.0537866666667,23,2014-10-17 19:27:43
2023,-10.970796666666699,-37.0537866666667,23,2014-10-17 19:27:48
2024,-10.970796666666699,-37.0537866666667,23,2014-10-17 19:27:53
2025,-10.970796666666699,-37.0537866666667,23,2014-10-17 19:27:59
2026,-10.970796666666699,-37.0537866666667,23,2014-10-17 19:28:04
2027,-10.9707533333333,-37.0536033333333,23,2014-10-17 19:28:10
2028,-10.970744999999999,-37.053605,23,2014-10-17 19:28:15
2029,-10.970744999999999,-37.053605,23,2014-10-17 19:28:21
2030,-10.970744999999999,-37.053605,23,2014-10-17 19:28:26
2031,-10.97056,-37.0537166666667,23,2014-10-17 19:28:32
2032,-10.970483333333302,-37.053943333333294,23,2014-10-17 19:28:37
2033,-10.9705,-37.0543366666667,23,2014-10-17 19:28:42
2034,-10.970464999999999,-37.054705,23,2014-10-17 19:28:47
2035,-10.970101666666698,-37.0550533333333,23,2014-10-17 19:28:53
2036,-10.97005,-37.055491666666704,23,2014-10-17 19:28:59
2037,-10.970298333333302,-37.055811666666706,23,2014-10-17 19:29:04
2038,-10.970486666666698,-37.056143333333296,23,2014-10-17 19:29:09
2039,-10.970445,-37.0567816666667,23,2014-10-17 19:29:15
2040,-10.970106666666698,-37.057331666666705,23,2014-10-17 19:29:21
2041,-10.9698,-37.057805,23,2014-10-17 19:29:26
2042,-10.969671666666699,-37.0581683333333,23,2014-10-17 19:29:31
2043,-10.969636666666698,-37.0584116666667,23,2014-10-17 19:29:37
2044,-10.969631666666698,-37.0584166666667,23,2014-10-17 19:29:43
2045,-10.969631666666698,-37.0584166666667,23,2014-10-17 19:29:49
2046,-10.969631666666698,-37.0584166666667,23,2014-10-17 19:29:55
2047,-10.969631666666698,-37.0584166666667,23,2014-10-17 19:30:00
2048,-10.969631666666698,-37.0584166666667,23,2014-10-17 19:30:06
2049,-10.969638333333302,-37.0584833333333,23,2014-10-17 19:30:11
2050,-10.96963,-37.0587716666667,23,2014-10-17 19:30:16
2051,-10.969653333333302,-37.059298333333295,23,2014-10-17 19:30:21
2052,-10.969686666666698,-37.0599833333333,23,2014-10-17 19:30:27
2053,-10.969731666666698,-37.060643333333296,23,2014-10-17 19:30:34
2054,-10.9698,-37.06095,23,2014-10-17 19:30:39
2055,-10.9698466666667,-37.0606233333333,23,2014-10-17 19:30:45
2056,-10.969831666666698,-37.060125,23,2014-10-17 19:30:50
2057,-10.969828333333302,-37.059484999999995,23,2014-10-17 19:30:56
2058,-10.969814999999999,-37.059028333333295,23,2014-10-17 19:31:02
2059,-10.969826666666698,-37.05888,23,2014-10-17 19:31:08
2060,-10.969811666666699,-37.058875,23,2014-10-17 19:31:14
2061,-10.969816666666699,-37.0586216666667,23,2014-10-17 19:31:20
2062,-10.969826666666698,-37.0580983333333,23,2014-10-17 19:31:25
2063,-10.970073333333302,-37.05761333333329,23,2014-10-17 19:31:31
2064,-10.970413333333301,-37.0571333333333,23,2014-10-17 19:31:36
2065,-10.97062,-37.056661666666706,23,2014-10-17 19:31:41
2066,-10.97062,-37.0561366666667,23,2014-10-17 19:31:46
2067,-10.970855,-37.05571,23,2014-10-17 19:31:52
2068,-10.971068333333301,-37.05529,23,2014-10-17 19:31:57
2069,-10.97087,-37.0548033333333,23,2014-10-17 19:32:02
2070,-10.9706916666667,-37.054404999999996,23,2014-10-17 19:32:08
2071,-10.970705,-37.054236666666704,23,2014-10-17 19:32:14
2072,-10.970701666666699,-37.054261666666704,23,2014-10-17 19:32:20
2073,-10.970701666666699,-37.054261666666704,23,2014-10-17 19:32:25
2074,-10.970701666666699,-37.054261666666704,23,2014-10-17 19:32:31
2075,-10.97064,-37.0542283333333,23,2014-10-17 19:32:36
2076,-10.970653333333301,-37.053943333333294,23,2014-10-17 19:32:42
2077,-10.9708,-37.0538516666667,23,2014-10-17 19:32:47
2078,-10.971275,-37.05387,23,2014-10-17 19:32:53
2079,-10.971975,-37.0538883333333,23,2014-10-17 19:32:59
2080,-10.972671666666699,-37.0538933333333,23,2014-10-17 19:33:04
2081,-10.973431666666698,-37.053855,23,2014-10-17 19:33:09
2082,-10.974356666666699,-37.0538033333333,23,2014-10-17 19:33:15
2083,-10.975251666666699,-37.05371833333329,23,2014-10-17 19:33:21
2084,-10.976093333333301,-37.0536666666667,23,2014-10-17 19:33:27
2085,-10.97676,-37.0536316666667,23,2014-10-17 19:33:32
2086,-10.9775583333333,-37.05359666666671,23,2014-10-17 19:33:38
2087,-10.978355,-37.053548333333296,23,2014-10-17 19:33:44
2088,-10.978956666666699,-37.0534933333333,23,2014-10-17 19:33:49
2089,-10.979578333333302,-37.05337,23,2014-10-17 19:33:55
2090,-10.9800766666667,-37.05316,23,2014-10-17 19:34:00
2091,-10.980758333333302,-37.052918333333295,23,2014-10-17 19:34:06
2092,-10.981323333333302,-37.052955,23,2014-10-17 19:34:11
2093,-10.981848333333302,-37.052988333333296,23,2014-10-17 19:34:16
2094,-10.982045,-37.0529966666667,23,2014-10-17 19:34:22
2095,-10.982036666666698,-37.052995,23,2014-10-17 19:34:28
2096,-10.982036666666698,-37.052995,23,2014-10-17 19:34:33
2097,-10.982014999999999,-37.05298,23,2014-10-17 19:34:39
2098,-10.982011666666699,-37.0529783333333,23,2014-10-17 19:34:45
2099,-10.982011666666699,-37.0529783333333,23,2014-10-17 19:34:50
2100,-10.982011666666699,-37.0529783333333,23,2014-10-17 19:34:56
2101,-10.982003333333301,-37.0530166666667,23,2014-10-17 19:35:02
2102,-10.982003333333301,-37.0530166666667,23,2014-10-17 19:35:08
2103,-10.982063333333302,-37.053015,23,2014-10-17 19:35:13
2104,-10.982331666666699,-37.0530716666667,23,2014-10-17 19:35:19
2105,-10.982756666666699,-37.0530916666667,23,2014-10-17 19:35:25
2106,-10.983206666666698,-37.0531,23,2014-10-17 19:35:30
2107,-10.98371,-37.053051666666704,23,2014-10-17 19:35:36
2108,-10.98436,-37.0529283333333,23,2014-10-17 19:35:42
2109,-10.985146666666699,-37.05274,23,2014-10-17 19:35:48
2110,-10.9857683333333,-37.0525983333333,23,2014-10-17 19:35:54
2111,-10.986360000000001,-37.0525116666667,23,2014-10-17 19:36:00
2112,-10.986645,-37.0524616666667,23,2014-10-17 19:36:06
2113,-10.986635,-37.0524533333333,23,2014-10-17 19:36:11
2114,-10.986635,-37.0524533333333,23,2014-10-17 19:36:17
2115,-10.986635,-37.0524533333333,23,2014-10-17 19:36:22
2116,-10.986635,-37.0524533333333,23,2014-10-17 19:36:27
2117,-10.986635,-37.0524533333333,23,2014-10-17 19:36:32
2118,-10.986871666666698,-37.0523883333333,23,2014-10-17 19:36:37
2119,-10.987218333333301,-37.0521683333333,23,2014-10-17 19:36:43
2120,-10.9872516666667,-37.0518133333333,23,2014-10-17 19:36:49
2121,-10.987225,-37.051795,23,2014-10-17 19:36:54
2122,-10.987203333333301,-37.05178,23,2014-10-17 19:36:59
2123,-10.986961666666698,-37.05174,23,2014-10-17 19:37:04
2124,-10.986601666666699,-37.0517916666667,23,2014-10-17 19:37:09
2125,-10.986118333333302,-37.051668333333296,23,2014-10-17 19:37:15
2126,-10.98568,-37.051463333333295,23,2014-10-17 19:37:20
2127,-10.985116666666698,-37.051245,23,2014-10-17 19:37:26
2128,-10.984621666666698,-37.051035,23,2014-10-17 19:37:31
2129,-10.9841566666667,-37.05087,23,2014-10-17 19:37:36
2130,-10.983553333333301,-37.050751666666706,23,2014-10-17 19:37:42
2131,-10.983028333333301,-37.050746666666704,23,2014-10-17 19:37:47
2132,-10.982628333333302,-37.0507383333333,23,2014-10-17 19:37:53
2133,-10.982488333333302,-37.050765000000006,23,2014-10-17 19:37:58
2134,-10.982436666666699,-37.0505566666667,23,2014-10-17 19:38:04
2135,-10.982541666666698,-37.050090000000004,23,2014-10-17 19:38:10
2136,-10.982641666666698,-37.0497083333333,23,2014-10-17 19:38:15
2137,-10.982531666666699,-37.04954,23,2014-10-17 19:38:20
2138,-10.9822,-37.049476666666706,23,2014-10-17 19:38:25
2139,-10.981793333333302,-37.049395000000004,23,2014-10-17 19:38:31
2140,-10.981376666666698,-37.0492783333333,23,2014-10-17 19:38:37
2141,-10.981126666666698,-37.0492366666667,23,2014-10-17 19:38:43
2142,-10.980778333333301,-37.049170000000004,23,2014-10-17 19:38:48
2143,-10.980331666666698,-37.049046666666705,23,2014-10-17 19:38:54
2144,-10.9799033333333,-37.0489266666667,23,2014-10-17 19:39:00
2145,-10.979851666666699,-37.048735,23,2014-10-17 19:39:06
2146,-10.979911666666698,-37.048463333333295,23,2014-10-17 19:39:11
2147,-10.979965,-37.048225,23,2014-10-17 19:39:16
2148,-10.979926666666698,-37.0481616666667,23,2014-10-17 19:39:22
2149,-10.97966,-37.0480883333333,23,2014-10-17 19:39:27
2150,-10.979261666666698,-37.047991666666704,23,2014-10-17 19:39:32
2151,-10.978769999999999,-37.047883333333296,23,2014-10-17 19:39:38
2152,-10.978403333333302,-37.047768333333295,23,2014-10-17 19:39:44
2153,-10.978096666666698,-37.0477133333333,23,2014-10-17 19:39:50
2154,-10.977771666666698,-37.047625,23,2014-10-17 19:39:55
2155,-10.977455,-37.0475,23,2014-10-17 19:40:00
2156,-10.977093333333302,-37.0474216666667,23,2014-10-17 19:40:06
2157,-10.976846666666699,-37.0473766666667,23,2014-10-17 19:40:12
2158,-10.976588333333302,-37.0473283333333,23,2014-10-17 19:40:17
2159,-10.976289999999999,-37.047253333333295,23,2014-10-17 19:40:23
2160,-10.975988333333301,-37.0471733333333,23,2014-10-17 19:40:28
2161,-10.975858333333301,-37.0471333333333,23,2014-10-17 19:40:34
2162,-10.97585,-37.047129999999996,23,2014-10-17 19:40:39
2163,-10.97585,-37.047138333333294,23,2014-10-17 19:40:45
2164,-10.97585,-37.047138333333294,23,2014-10-17 19:40:51
2165,-10.97585,-37.047138333333294,23,2014-10-17 19:40:56
2166,-10.97585,-37.047138333333294,23,2014-10-17 19:41:02
2167,-10.97585,-37.047138333333294,23,2014-10-17 19:41:08
2168,-10.97585,-37.047138333333294,23,2014-10-17 19:41:13
2169,-10.975861666666699,-37.047141666666704,23,2014-10-17 19:41:19
2170,-10.975871666666698,-37.047125,23,2014-10-17 19:41:25
2171,-10.9758683333333,-37.0471283333333,23,2014-10-17 19:41:30
2172,-10.9758683333333,-37.0471283333333,23,2014-10-17 19:41:35
2173,-10.9758683333333,-37.0471283333333,23,2014-10-17 19:41:40
2174,-10.975811666666699,-37.0471366666667,23,2014-10-17 19:41:46
2175,-10.975811666666699,-37.0471366666667,23,2014-10-17 19:41:51
2176,-10.975811666666699,-37.0471366666667,23,2014-10-17 19:41:56
2177,-10.975811666666699,-37.0471366666667,23,2014-10-17 19:42:02
2178,-10.975811666666699,-37.0471366666667,23,2014-10-17 19:42:07
2179,-10.975811666666699,-37.0471366666667,23,2014-10-17 19:42:12
2180,-10.975811666666699,-37.0471366666667,23,2014-10-17 19:42:18
2181,-10.975811666666699,-37.0471366666667,23,2014-10-17 19:42:23
2182,-10.975811666666699,-37.0471366666667,23,2014-10-17 19:42:29
2183,-10.975811666666699,-37.0471366666667,23,2014-10-17 19:42:34
2184,-10.975811666666699,-37.0471366666667,23,2014-10-17 19:42:40
2185,-10.975811666666699,-37.0471366666667,23,2014-10-17 19:42:45
2186,-10.975811666666699,-37.0471366666667,23,2014-10-17 19:42:51
2187,-10.923538333333301,-37.080926666666706,24,2014-10-20 10:43:52
2188,-10.922625,-37.0814116666667,24,2014-10-20 10:44:02
2189,-10.922016666666698,-37.081748333333294,24,2014-10-20 10:44:13
2190,-10.921783333333302,-37.081818333333295,24,2014-10-20 10:44:24
2191,-10.9214,-37.082115,24,2014-10-20 10:44:34
2192,-10.9206266666667,-37.082925,24,2014-10-20 10:44:45
2193,-10.919758333333302,-37.0839283333333,24,2014-10-20 10:44:55
2194,-10.918955,-37.0848266666667,24,2014-10-20 10:45:05
2195,-10.918339999999999,-37.085556666666704,24,2014-10-20 10:45:15
2196,-10.917841666666698,-37.086211666666706,24,2014-10-20 10:45:26
2197,-10.91783,-37.0868033333333,24,2014-10-20 10:45:36
2198,-10.917485000000001,-37.086411666666706,24,2014-10-20 10:45:48
2199,-10.916986666666698,-37.086603333333294,24,2014-10-20 10:45:59
2200,-10.916525,-37.08689333333329,24,2014-10-20 10:46:09
2201,-10.916111666666698,-37.087208333333294,24,2014-10-20 10:46:19
2202,-10.915733333333302,-37.08748,24,2014-10-20 10:46:30
2203,-10.915606666666699,-37.087785,24,2014-10-20 10:46:40
2204,-10.915460000000001,-37.087955,24,2014-10-20 10:46:51
2205,-10.915280000000001,-37.088088333333296,24,2014-10-20 10:47:02
2206,-10.9151483333333,-37.088218333333295,24,2014-10-20 10:47:13
2207,-10.915146666666699,-37.0882116666667,24,2014-10-20 10:47:24
2208,-10.915075,-37.088286666666704,24,2014-10-20 10:47:35
2209,-10.914808333333301,-37.088491666666705,24,2014-10-20 10:47:46
2210,-10.914331666666698,-37.088725,24,2014-10-20 10:47:57
2211,-10.913936666666698,-37.0889733333333,24,2014-10-20 10:48:07
2212,-10.913945,-37.0889916666667,24,2014-10-20 10:48:17
2213,-10.913925,-37.08898,24,2014-10-20 10:48:27
2214,-10.913925,-37.08898,24,2014-10-20 10:48:38
2215,-10.913925,-37.08898,24,2014-10-20 10:48:49
2216,-10.913925,-37.08898,24,2014-10-20 10:48:59
2217,-10.913925,-37.08898,24,2014-10-20 10:49:10
2218,-10.913925,-37.08898,24,2014-10-20 10:49:21
2219,-10.913925,-37.08898,24,2014-10-20 10:49:31
2220,-10.913925,-37.08898,24,2014-10-20 10:49:41
2221,-10.914051666666698,-37.0891233333333,24,2014-10-20 10:49:52
2222,-10.914978333333302,-37.0888816666667,24,2014-10-20 10:50:03
2223,-10.915645,-37.088365,24,2014-10-20 10:50:13
2224,-10.916178333333301,-37.087959999999995,24,2014-10-20 10:50:24
2225,-10.916605,-37.0880533333333,24,2014-10-20 10:50:34
2226,-10.917093333333302,-37.0877333333333,24,2014-10-20 10:50:45
2227,-10.917158333333301,-37.0877,24,2014-10-20 10:50:55
2228,-10.917206666666699,-37.087681666666704,24,2014-10-20 10:51:06
2229,-10.917268333333302,-37.087685,24,2014-10-20 10:51:16
2230,-10.917343333333301,-37.0876883333333,24,2014-10-20 10:51:27
2231,-10.917466666666698,-37.0874716666667,24,2014-10-20 10:51:37
2232,-10.917488333333301,-37.08689333333329,24,2014-10-20 10:51:48
2233,-10.917985,-37.086203333333295,24,2014-10-20 10:51:58
2234,-10.9187966666667,-37.085618333333294,24,2014-10-20 10:52:09
2235,-10.922611666666699,-37.105123333333296,24,2014-10-20 10:56:07
2236,-10.923151666666698,-37.10512,24,2014-10-20 10:56:18
2237,-10.923228333333302,-37.1051566666667,24,2014-10-20 10:56:28
2238,-10.923385000000001,-37.1051333333333,24,2014-10-20 10:56:39
2239,-10.923746666666698,-37.1051116666667,24,2014-10-20 10:56:50
2240,-10.923946666666698,-37.1049683333333,24,2014-10-20 10:57:00
2241,-10.924185000000001,-37.1047083333333,24,2014-10-20 10:57:11
2242,-10.924271666666698,-37.104758333333294,24,2014-10-20 10:57:22
2243,-10.924353333333302,-37.104741666666705,24,2014-10-20 10:57:32
2244,-10.924478333333301,-37.104684999999996,24,2014-10-20 10:57:43
2245,-10.924619999999999,-37.1046883333333,24,2014-10-20 10:57:53
3064,-10.89744512,-37.05813513,28,2014-10-23 18:09:25
3065,-10.89764866,-37.0584107,28,2014-10-23 18:09:30
3066,-10.8977761,-37.05829136,28,2014-10-23 18:09:36
3067,-10.89754937,-37.05840849,28,2014-10-23 18:09:42
3068,-10.89755822,-37.05835588,28,2014-10-23 18:09:47
3069,-10.89757919,-37.05837197,28,2014-10-23 18:09:53
3070,-10.89758418,-37.05835806,28,2014-10-23 18:09:59
3071,-10.89758069,-37.05835592,28,2014-10-23 18:10:05
3072,-10.8975769,-37.058358,28,2014-10-23 18:10:10
3073,-10.89757709,-37.05836324,28,2014-10-23 18:10:16
3074,-10.89772554,-37.05846327,28,2014-10-23 18:10:22
3075,-10.89797862,-37.05847324,28,2014-10-23 18:10:27
3076,-10.89858777,-37.058077399999995,28,2014-10-23 18:10:33
3077,-10.89903404,-37.05773198,28,2014-10-23 18:10:38
3078,-10.89958686,-37.0572379,28,2014-10-23 18:10:43
3079,-10.9000924,-37.05685885,28,2014-10-23 18:10:49
3080,-10.90055901,-37.05644986,28,2014-10-23 18:10:54
3081,-10.90103901,-37.05611977,28,2014-10-23 18:10:59
3082,-10.90155061,-37.05579599,28,2014-10-23 18:11:04
3083,-10.90198038,-37.05543841,28,2014-10-23 18:11:09
3084,-10.90245656,-37.05517801,28,2014-10-23 18:11:15
3085,-10.90270836,-37.05505333,28,2014-10-23 18:11:20
3086,-10.90275368,-37.05507164,28,2014-10-23 18:11:26
3087,-10.90275227,-37.0550819,28,2014-10-23 18:11:31
3088,-10.90275586,-37.05508258,28,2014-10-23 18:11:36
3089,-10.90275605,-37.05507772,28,2014-10-23 18:11:41
3090,-10.90278371,-37.05505562,28,2014-10-23 18:11:46
3091,-10.9029141,-37.05494191,28,2014-10-23 18:11:52
3092,-10.90310065,-37.05495891,28,2014-10-23 18:11:57
3093,-10.90303087,-37.05545283,28,2014-10-23 18:12:03
3094,-10.90301613,-37.05597309,28,2014-10-23 18:12:08
3095,-10.90298555,-37.05653638,28,2014-10-23 18:12:13
3096,-10.90296893,-37.05728062,28,2014-10-23 18:12:19
3097,-10.90293972,-37.05790142,28,2014-10-23 18:12:24
3098,-10.90294106,-37.05866149,28,2014-10-23 18:12:30
3099,-10.90292848,-37.05932374,28,2014-10-23 18:12:35
3100,-10.90290957,-37.05974545,28,2014-10-23 18:12:41
3101,-10.903175300000001,-37.05999865,28,2014-10-23 18:12:47
3102,-10.90356704,-37.06012396,28,2014-10-23 18:12:52
3103,-10.9040295,-37.06032843,28,2014-10-23 18:12:58
3104,-10.90441755,-37.06044103,28,2014-10-23 18:13:03
3105,-10.90472431,-37.06054051,28,2014-10-23 18:13:08
3106,-10.90473094,-37.06052624,28,2014-10-23 18:13:14
3107,-10.90471962,-37.06052108,28,2014-10-23 18:13:20
3108,-10.90472021,-37.06052072,28,2014-10-23 18:13:25
3109,-10.90479162,-37.06053969,28,2014-10-23 18:13:31
3110,-10.90498062,-37.06060221,28,2014-10-23 18:13:36
3111,-10.90528745,-37.06072042,28,2014-10-23 18:13:42
3112,-10.90573665,-37.06093788,28,2014-10-23 18:13:48
3113,-10.90611674,-37.06117754,28,2014-10-23 18:13:54
3114,-10.90625742,-37.06125925,28,2014-10-23 18:14:00
3115,-10.90627125,-37.06127294,28,2014-10-23 18:14:05
3116,-10.90634187,-37.06140421,28,2014-10-23 18:14:10
3117,-10.90630131,-37.06183085,28,2014-10-23 18:14:16
3118,-10.906222999999999,-37.06241868,28,2014-10-23 18:14:22
3119,-10.90614829,-37.06293203,28,2014-10-23 18:14:27
3120,-10.90610473,-37.06348093,28,2014-10-23 18:14:33
3121,-10.90598521,-37.06421493,28,2014-10-23 18:14:39
3122,-10.90587843,-37.06492818,28,2014-10-23 18:14:44
3123,-10.90610723,-37.06532256,28,2014-10-23 18:14:49
3124,-10.90675135,-37.06524137,28,2014-10-23 18:14:55
3125,-10.90737576,-37.06534217,28,2014-10-23 18:15:01
3126,-10.90814868,-37.06554243,28,2014-10-23 18:15:06
3127,-10.90875753,-37.06582515,28,2014-10-23 18:15:12
3128,-10.90949074,-37.06612854,28,2014-10-23 18:15:17
3129,-10.90998318,-37.06639395,28,2014-10-23 18:15:22
3130,-10.91019652,-37.06652188,28,2014-10-23 18:15:27
3131,-10.91019973,-37.06651318,28,2014-10-23 18:15:32
3132,-10.91019662,-37.06650918,28,2014-10-23 18:15:37
3133,-10.91020292,-37.06650823,28,2014-10-23 18:15:42
3134,-10.91020289,-37.06650841,28,2014-10-23 18:15:47
3135,-10.91020281,-37.06650844,28,2014-10-23 18:15:52
3136,-10.91020272,-37.06650852,28,2014-10-23 18:15:58
3137,-10.91020271,-37.06650863,28,2014-10-23 18:16:03
3138,-10.91020272,-37.06650899,28,2014-10-23 18:16:08
3139,-10.91020293,-37.0665104,28,2014-10-23 18:16:13
3140,-10.91020314,-37.06651148,28,2014-10-23 18:16:19
3141,-10.91020316,-37.06651173,28,2014-10-23 18:16:24
3142,-10.9102031,-37.06651192,28,2014-10-23 18:16:29
3143,-10.91020307,-37.06651211,28,2014-10-23 18:16:34
3144,-10.91020313,-37.06651233,28,2014-10-23 18:16:40
3145,-10.91020335,-37.06651245,28,2014-10-23 18:16:45
3146,-10.91020337,-37.06651255,28,2014-10-23 18:16:50
3147,-10.91020341,-37.06651274,28,2014-10-23 18:16:56
3148,-10.91023244,-37.06653179,28,2014-10-23 18:17:02
3149,-10.91031855,-37.06665518,28,2014-10-23 18:17:07
3150,-10.91029951,-37.0669298,28,2014-10-23 18:17:13
3151,-10.91022946,-37.06739589,28,2014-10-23 18:17:18
3152,-10.91015653,-37.06792353,28,2014-10-23 18:17:24
3153,-10.91008772,-37.06843607,28,2014-10-23 18:17:30
3154,-10.91005618,-37.06863591,28,2014-10-23 18:17:36
3155,-10.91004245,-37.06863370000001,28,2014-10-23 18:17:41
3156,-10.910039,-37.06863111,28,2014-10-23 18:17:46
3157,-10.9100386,-37.06863108,28,2014-10-23 18:17:51
3158,-10.91003863,-37.06863114,28,2014-10-23 18:17:56
3159,-10.91003852,-37.06863121,28,2014-10-23 18:18:02
3160,-10.91003824,-37.06863131,28,2014-10-23 18:18:07
3161,-10.91002985,-37.06868538,28,2014-10-23 18:18:13
3162,-10.90999024,-37.06899449,28,2014-10-23 18:18:19
3163,-10.90994482,-37.06931349,28,2014-10-23 18:18:24
3164,-10.90991786,-37.06960172,28,2014-10-23 18:18:29
3165,-10.90990451,-37.06976874,28,2014-10-23 18:18:34
3166,-10.90990069,-37.06977533,28,2014-10-23 18:18:41
3167,-10.90989809,-37.069779700000005,28,2014-10-23 18:18:46
3168,-10.90989958,-37.06977717,28,2014-10-23 18:18:51
3169,-10.90986204,-37.0699597,28,2014-10-23 18:18:57
3170,-10.90982927,-37.07035863,28,2014-10-23 18:19:02
3171,-10.90980061,-37.07074087,28,2014-10-23 18:19:07
3172,-10.90972088,-37.07104931,28,2014-10-23 18:19:12
3173,-10.90955135,-37.07104475,28,2014-10-23 18:19:18
3174,-10.90942065,-37.07101964,28,2014-10-23 18:19:23
3175,-10.90940691,-37.07102637,28,2014-10-23 18:19:29
3176,-10.90940416,-37.07103398,28,2014-10-23 18:19:35
3177,-10.90940293,-37.07103783,28,2014-10-23 18:19:40
3178,-10.90940237,-37.07103835,28,2014-10-23 18:19:46
3179,-10.90940895,-37.07104508,28,2014-10-23 18:19:51
3180,-10.90940359,-37.07104421,28,2014-10-23 18:19:57
3181,-10.90941206,-37.071044799999996,28,2014-10-23 18:20:02
3182,-10.9094845,-37.07104885,28,2014-10-23 18:20:08
3183,-10.90955594,-37.07105301,28,2014-10-23 18:20:13
3184,-10.90963269,-37.071006700000005,28,2014-10-23 18:20:19
3185,-10.90965562,-37.07092551,28,2014-10-23 18:20:25
3186,-10.90968091,-37.07085827,28,2014-10-23 18:20:31
3187,-10.90973931,-37.07079318,28,2014-10-23 18:20:37
3188,-10.909795599999999,-37.07071409,28,2014-10-23 18:20:43
3189,-10.90982999,-37.07066228,28,2014-10-23 18:20:48
3190,-10.90984122,-37.07061553,28,2014-10-23 18:20:54
3191,-10.90986645,-37.07060878,28,2014-10-23 18:20:59
3192,-10.90986688,-37.07060942,28,2014-10-23 18:21:04
3193,-10.90986584,-37.07058919,28,2014-10-23 18:21:10
3194,-10.90987207,-37.07051655,28,2014-10-23 18:21:17
3195,-10.90989119,-37.07042658,28,2014-10-23 18:21:22
3196,-10.90990148,-37.07034917,28,2014-10-23 18:21:28
3197,-10.90988391,-37.07025619,28,2014-10-23 18:21:33
3198,-10.90986022,-37.07023666,28,2014-10-23 18:21:39
3199,-10.90981455,-37.07023138,28,2014-10-23 18:21:44
3200,-10.90976714,-37.07024284,28,2014-10-23 18:21:49
3201,-10.90972974,-37.07028255,28,2014-10-23 18:21:54
3202,-10.90973017,-37.07028686,28,2014-10-23 18:22:00
3203,-10.90972052,-37.07029141,28,2014-10-23 18:22:05
3204,-10.90971761,-37.07029117,28,2014-10-23 18:22:11
3205,-10.9097145,-37.07028857,28,2014-10-23 18:22:17
3206,-10.9097144,-37.07028838,28,2014-10-23 18:22:22
3207,-10.90971456,-37.07028891,28,2014-10-23 18:22:27
3208,-10.90971482,-37.07028945,28,2014-10-23 18:22:33
3209,-10.9097129,-37.07029002,28,2014-10-23 18:22:39
3210,-10.90971303,-37.0702899,28,2014-10-23 18:22:44
3211,-10.90971371,-37.07028959,28,2014-10-23 18:22:49
3212,-10.90971404,-37.070289700000004,28,2014-10-23 18:22:54
3213,-10.90971495,-37.07029049,28,2014-10-23 18:23:00
3214,-10.90971447,-37.07029158,28,2014-10-23 18:23:06
3215,-10.90971495,-37.07029138,28,2014-10-23 18:23:12
3216,-10.90971638,-37.07028974,28,2014-10-23 18:23:17
3217,-10.90971682,-37.07029026,28,2014-10-23 18:23:22
3218,-10.90971706,-37.07029073,28,2014-10-23 18:23:27
3219,-10.90971706,-37.07029076,28,2014-10-23 18:23:32
3220,-10.90971709,-37.0702908,28,2014-10-23 18:23:37
3221,-10.90971705,-37.07029085,28,2014-10-23 18:23:42
3222,-10.90971702,-37.07029099,28,2014-10-23 18:23:47
3223,-10.90971698,-37.07029106,28,2014-10-23 18:23:52
3224,-10.90971694,-37.07029118,28,2014-10-23 18:23:58
3225,-10.90971705,-37.07029139,28,2014-10-23 18:24:04
3226,-10.90971727,-37.07029172,28,2014-10-23 18:24:09
3227,-10.90971754,-37.070292200000004,28,2014-10-23 18:24:15
3228,-10.90971768,-37.07029262,28,2014-10-23 18:24:20
3229,-10.90971762,-37.07029343,28,2014-10-23 18:24:26
3230,-10.90971096,-37.07033554,28,2014-10-23 18:24:31
3231,-10.90974131,-37.07037696,28,2014-10-23 18:24:37
3232,-10.90958382,-37.07064217,28,2014-10-23 18:24:54
3233,-10.9095636,-37.07066661,28,2014-10-23 18:25:00
3234,-10.90952644,-37.0706363,28,2014-10-23 18:25:06
3235,-10.90950176,-37.07060943,28,2014-10-23 18:25:12
3236,-10.90950831,-37.070535299999996,28,2014-10-23 18:25:18
3237,-10.90960076,-37.07076498,28,2014-10-23 18:25:24
3238,-10.90956853,-37.07064539,28,2014-10-23 18:25:29
3239,-10.90958998,-37.07066429,28,2014-10-23 18:25:35
3240,-10.90954564,-37.07065249,28,2014-10-23 18:25:41
3241,-10.90956656,-37.07066036,28,2014-10-23 18:25:47
3242,-10.90954584,-37.07065821,28,2014-10-23 18:25:52
3243,-10.90955295,-37.07065024,28,2014-10-23 18:25:58
3244,-10.909552900000001,-37.07064922,28,2014-10-23 18:26:03
3245,-10.90955159,-37.07065185,28,2014-10-23 18:26:09
3246,-10.90955256,-37.07065276,28,2014-10-23 18:26:14
3247,-10.90955395,-37.07065382,28,2014-10-23 18:26:20
3248,-10.90957391,-37.07066847,28,2014-10-23 18:26:26
3249,-10.90961367,-37.07067532,28,2014-10-23 18:26:31
3250,-10.90968618,-37.07068878,28,2014-10-23 18:26:36
3251,-10.90974269,-37.0707433,28,2014-10-23 18:26:42
3252,-10.9097693,-37.0707916,28,2014-10-23 18:26:47
3253,-10.90979438,-37.07087002,28,2014-10-23 18:26:52
3254,-10.90980139,-37.07095239,28,2014-10-23 18:26:58
3255,-10.90981402,-37.0710174,28,2014-10-23 18:27:04
3256,-10.90979673,-37.07107198,28,2014-10-23 18:27:09
3257,-10.909790600000001,-37.07113355,28,2014-10-23 18:27:15
3258,-10.9097725,-37.07115147,28,2014-10-23 18:27:20
3259,-10.9098649,-37.07109375,28,2014-10-23 18:27:25
3260,-10.90989064,-37.07101771,28,2014-10-23 18:27:30
3261,-10.90989559,-37.07088796,28,2014-10-23 18:27:35
3262,-10.90984549,-37.07092147,28,2014-10-23 18:27:41
3263,-10.90981902,-37.0709428,28,2014-10-23 18:27:46
3264,-10.9098311,-37.07092247,28,2014-10-23 18:27:51
3265,-10.90989998,-37.07075498,28,2014-10-23 18:28:26
3266,-10.90990826,-37.07079874,28,2014-10-23 18:28:32
3267,-10.90989264,-37.07088187,28,2014-10-23 18:28:37
3268,-10.90987238,-37.07092123,28,2014-10-23 18:28:43
3269,-10.90975922,-37.07085659,28,2014-10-23 18:28:48
3270,-10.90961434,-37.07090125,28,2014-10-23 18:28:53
3271,-10.90949942,-37.07095849,28,2014-10-23 18:28:59
3272,-10.90941246,-37.0710105,28,2014-10-23 18:29:04
3273,-10.90939687,-37.07105691,28,2014-10-23 18:29:10
3274,-10.90939012,-37.07105823,28,2014-10-23 18:29:15
3275,-10.90938779,-37.07106019,28,2014-10-23 18:29:21
3276,-10.90938678,-37.07106014,28,2014-10-23 18:29:27
3277,-10.90938686,-37.07105996,28,2014-10-23 18:29:32
3278,-10.90938697,-37.07105989,28,2014-10-23 18:29:38
3279,-10.90938705,-37.07105976,28,2014-10-23 18:29:44
3280,-10.90938719,-37.07105958,28,2014-10-23 18:29:49
3281,-10.9093873,-37.07105948,28,2014-10-23 18:29:54
3282,-10.90938718,-37.07105972,28,2014-10-23 18:29:59
3283,-10.90937451,-37.07105673,28,2014-10-23 18:30:04
3284,-10.90919103,-37.07105795,28,2014-10-23 18:30:10
3285,-10.90892625,-37.07103428,28,2014-10-23 18:30:15
3286,-10.90864559,-37.07097802,28,2014-10-23 18:30:21
3287,-10.9083452,-37.07094087,28,2014-10-23 18:30:26
3288,-10.90808815,-37.07091842,28,2014-10-23 18:30:32
3289,-10.90782723,-37.07084984,28,2014-10-23 18:30:37
3290,-10.90765222,-37.07083778,28,2014-10-23 18:30:42
3291,-10.90752021,-37.07083442,28,2014-10-23 18:30:48
3292,-10.90744724,-37.07082191,28,2014-10-23 18:30:53
3293,-10.90728545,-37.07078396,28,2014-10-23 18:30:59
3294,-10.907086900000001,-37.07075021,28,2014-10-23 18:31:04
3295,-10.90674319,-37.07069864,28,2014-10-23 18:31:10
3296,-10.90655871,-37.07067049,28,2014-10-23 18:31:16
3297,-10.90642327,-37.07066807,28,2014-10-23 18:31:22
3298,-10.90639174,-37.07067845,28,2014-10-23 18:31:28
3299,-10.90633957,-37.07092106,28,2014-10-23 18:31:34
3300,-10.90632711,-37.07127525,28,2014-10-23 18:31:39
3301,-10.90625806,-37.07162633,28,2014-10-23 18:31:44
3302,-10.90629845,-37.07186736,28,2014-10-23 18:31:49
3303,-10.90659345,-37.071913099999996,28,2014-10-23 18:31:55
3304,-10.90694686,-37.07183961,28,2014-10-23 18:32:00
3305,-10.90719823,-37.07187466,28,2014-10-23 18:32:06
3306,-10.90730969,-37.07187513,28,2014-10-23 18:32:11
3307,-10.90750928,-37.07190987,28,2014-10-23 18:32:17
3308,-10.90768834,-37.07194858,28,2014-10-23 18:32:23
3309,-10.908103599999999,-37.07198851,28,2014-10-23 18:32:28
3310,-10.90839329,-37.07204013,28,2014-10-23 18:32:33
3311,-10.90847375,-37.07221199,28,2014-10-23 18:32:39
3312,-10.90842226,-37.0725219,28,2014-10-23 18:32:45
3313,-10.90834634,-37.07285937,28,2014-10-23 18:32:50
3314,-10.9082979,-37.07311534,28,2014-10-23 18:32:56
3315,-10.9080948,-37.07303489,28,2014-10-23 18:33:02
3316,-10.90781406,-37.072993100000005,28,2014-10-23 18:33:08
3317,-10.90767741,-37.07300712,28,2014-10-23 18:33:13
3318,-10.90766697,-37.07303613,28,2014-10-23 18:33:19
3319,-10.90767042,-37.0730363,28,2014-10-23 18:33:24
3320,-10.90767401,-37.07303565,28,2014-10-23 18:33:29
3321,-10.90767478,-37.07303516,28,2014-10-23 18:33:34
3322,-10.90767492,-37.07303504,28,2014-10-23 18:33:40
3323,-10.90767503,-37.07303493,28,2014-10-23 18:33:45
3324,-10.90767506,-37.07303489,28,2014-10-23 18:34:12
3325,-10.90767511,-37.07303485,28,2014-10-23 18:34:18
3326,-10.90767539,-37.07303471,28,2014-10-23 18:34:24
3327,-10.90767547,-37.0730348,28,2014-10-23 18:34:30
3328,-10.90766846,-37.07307893,28,2014-10-23 18:34:36
3329,-10.90761138,-37.07311588,28,2014-10-23 18:34:43
3330,-10.90760822,-37.07311842,28,2014-10-23 18:34:48
3331,-10.907620300000001,-37.07311719,28,2014-10-23 18:34:53
3332,-10.90762148,-37.07311726,28,2014-10-23 18:34:59
3333,-10.90762165,-37.0731172,28,2014-10-23 18:35:04
3334,-10.90762042,-37.07311734,28,2014-10-23 18:35:10
3335,-10.907620300000001,-37.07311751,28,2014-10-23 18:35:15
3336,-10.90762102,-37.07311778,28,2014-10-23 18:35:21
3337,-10.90762127,-37.07311786,28,2014-10-23 18:35:26
3338,-10.90762131,-37.07311792,28,2014-10-23 18:35:32
3339,-10.90762143,-37.07311796,28,2014-10-23 18:35:37
3340,-10.90762272,-37.07311805,28,2014-10-23 18:35:42
3341,-10.9076352,-37.07315147,28,2014-10-23 18:35:48
3342,-10.90765728,-37.07318303,28,2014-10-23 18:35:53
3343,-10.90766524,-37.07325196,28,2014-10-23 18:35:59
3344,-10.90768863,-37.07326797,28,2014-10-23 18:36:05
3345,-10.90768294,-37.07326548,28,2014-10-23 18:36:10
3346,-10.90767426,-37.07326568,28,2014-10-23 18:36:15
3347,-10.90768175,-37.07326956,28,2014-10-23 18:36:20
3348,-10.90768146,-37.07327013,28,2014-10-23 18:36:26
3349,-10.9076826,-37.07326979,28,2014-10-23 18:36:32
3350,-10.90768202,-37.07326936,28,2014-10-23 18:36:37
3351,-10.90768152,-37.07326704,28,2014-10-23 18:36:43
3352,-10.90768143,-37.07326687,28,2014-10-23 18:36:49
3353,-10.90768136,-37.07326712,28,2014-10-23 18:36:55
3354,-10.90768198,-37.07326935,28,2014-10-23 18:37:00
3355,-10.90768215,-37.07327031,28,2014-10-23 18:37:06
3356,-10.90768455,-37.07327563,28,2014-10-23 18:37:11
3357,-10.90768523,-37.07327668,28,2014-10-23 18:37:16
3358,-10.90768553,-37.07327619,28,2014-10-23 18:37:22
3359,-10.90768578,-37.07327652,28,2014-10-23 18:37:28
3360,-10.90768586,-37.07327571,28,2014-10-23 18:37:33
3361,-10.90768562,-37.07327556,28,2014-10-23 18:37:39
3362,-10.90768563,-37.07327508,28,2014-10-23 18:37:45
3363,-10.90768547,-37.07327513,28,2014-10-23 18:37:51
3364,-10.90768555,-37.07327472,28,2014-10-23 18:37:56
3365,-10.90768585,-37.073274100000006,28,2014-10-23 18:38:02
3366,-10.90768577,-37.0732735,28,2014-10-23 18:38:07
3367,-10.90768584,-37.0732732,28,2014-10-23 18:38:12
3368,-10.907685899999999,-37.07327287,28,2014-10-23 18:38:17
3369,-10.90768627,-37.07327379,28,2014-10-23 18:38:23
3370,-10.9076865,-37.07327431,28,2014-10-23 18:38:28
3371,-10.90768689,-37.07327521,28,2014-10-23 18:38:33
3372,-10.90768673,-37.073275200000005,28,2014-10-23 18:38:39
3373,-10.90768558,-37.07327501,28,2014-10-23 18:38:44
3374,-10.90768523,-37.07327483,28,2014-10-23 18:38:49
3375,-10.90768505,-37.07327433,28,2014-10-23 18:38:55
3376,-10.90768655,-37.07327638,28,2014-10-23 18:39:00
3377,-10.90768572,-37.07327527,28,2014-10-23 18:39:06
3378,-10.90768526,-37.07327503,28,2014-10-23 18:39:11
3379,-10.90768533,-37.07327513,28,2014-10-23 18:39:16
3381,-10.45715472,-36.49335713,30,2014-11-04 18:38:15
3382,-10.45708211,-36.49386736,30,2014-11-04 18:38:20
3383,-10.45701876,-36.49431129,30,2014-11-04 18:38:25
3384,-10.45695983,-36.49488071,30,2014-11-04 18:38:31
3385,-10.45690524,-36.49537454,30,2014-11-04 18:38:36
3386,-10.456717999999999,-36.49592828,30,2014-11-04 18:38:42
3387,-10.45632153,-36.49616052,30,2014-11-04 18:38:47
3388,-10.45571962,-36.49610868,30,2014-11-04 18:38:53
3389,-10.45523304,-36.49579191,30,2014-11-04 18:38:59
3390,-10.45476836,-36.49573189,30,2014-11-04 18:39:04
3391,-10.45416887,-36.49594546,30,2014-11-04 18:39:10
3392,-10.45372552,-36.49623984,30,2014-11-04 18:39:15
3393,-10.45329541,-36.49653424,30,2014-11-04 18:39:20
3394,-10.45286913,-36.49680526,30,2014-11-04 18:39:25
3395,-10.45239232,-36.49711198,30,2014-11-04 18:39:31
3396,-10.45198852,-36.49735271,30,2014-11-04 18:39:36
3397,-10.45149991,-36.49759039,30,2014-11-04 18:39:42
3398,-10.45102483,-36.49781754,30,2014-11-04 18:39:48
3399,-10.45059996,-36.49799439,30,2014-11-04 18:39:53
3400,-10.45004291,-36.4981227,30,2014-11-04 18:39:59
3401,-10.44956883,-36.49814733,30,2014-11-04 18:40:04
3402,-10.4490258,-36.49813353,30,2014-11-04 18:40:10
3403,-10.44849871,-36.49813914,30,2014-11-04 18:40:16
3404,-10.44805063,-36.49812168,30,2014-11-04 18:40:21
3405,-10.44750671,-36.49808198,30,2014-11-04 18:40:27
3406,-10.44703836,-36.49803117,30,2014-11-04 18:40:32
3407,-10.44647591,-36.49794374,30,2014-11-04 18:40:38
3408,-10.44591654,-36.49784784,30,2014-11-04 18:40:44
3409,-10.44545403,-36.49776778,30,2014-11-04 18:40:49
3410,-10.44485844,-36.49766783,30,2014-11-04 18:40:55
3411,-10.44435501,-36.49758775,30,2014-11-04 18:41:00
3412,-10.44369875,-36.49749127,30,2014-11-04 18:41:06
3413,-10.44303101,-36.4974101,30,2014-11-04 18:41:12
3414,-10.44250383,-36.49733943,30,2014-11-04 18:41:17
3415,-10.4418894,-36.49727458,30,2014-11-04 18:41:23
3416,-10.44140907,-36.49721408,30,2014-11-04 18:41:28
3417,-10.44111183,-36.49725805,30,2014-11-04 18:41:34
3418,-10.44116278,-36.49749764,30,2014-11-04 18:41:39
3419,-10.44127535,-36.4978792,30,2014-11-04 18:41:44
3420,-10.44142248,-36.49837646,30,2014-11-04 18:41:49
3421,-10.44165718,-36.49909336,30,2014-11-04 18:41:55
3422,-10.44184843,-36.49972137,30,2014-11-04 18:42:00
3423,-10.44208579,-36.50051441,30,2014-11-04 18:42:06
3424,-10.44229817,-36.50124867,30,2014-11-04 18:42:11
3425,-10.44258642,-36.50221463,30,2014-11-04 18:42:17
3426,-10.44283511,-36.5030446,30,2014-11-04 18:42:22
3427,-10.44315318,-36.504056,30,2014-11-04 18:42:28
3428,-10.44341302,-36.50491891,30,2014-11-04 18:42:33
3429,-10.44374012,-36.50598823,30,2014-11-04 18:42:39
3430,-10.44406409,-36.50706683,30,2014-11-04 18:42:45
3431,-10.44439568,-36.50814383,30,2014-11-04 18:42:51
3432,-10.44472744,-36.50918919,30,2014-11-04 18:42:57
3433,-10.44500082,-36.51001733,30,2014-11-04 18:43:02
3434,-10.44532761,-36.51081863,30,2014-11-04 18:43:07
3435,-10.44580956,-36.51175005,30,2014-11-04 18:43:13
3436,-10.44631742,-36.51248088,30,2014-11-04 18:43:18
3437,-10.44688786,-36.51318766,30,2014-11-04 18:43:23
3438,-10.44751652,-36.513833500000004,30,2014-11-04 18:43:28
3439,-10.44831665,-36.51455468,30,2014-11-04 18:43:34
3440,-10.4489905,-36.51510061,30,2014-11-04 18:43:39
3441,-10.44977672,-36.51569329,30,2014-11-04 18:43:45
3442,-10.45057564,-36.51627705,30,2014-11-04 18:43:51
3443,-10.45126432,-36.5167868,30,2014-11-04 18:43:56
3444,-10.45210265,-36.517413700000006,30,2014-11-04 18:44:02
3445,-10.45282658,-36.51793045,30,2014-11-04 18:44:07
3446,-10.45371862,-36.51858176,30,2014-11-04 18:44:13
3447,-10.45458516,-36.51923357,30,2014-11-04 18:44:19
3448,-10.45531579,-36.51976059,30,2014-11-04 18:44:24
3449,-10.45622224,-36.52045038,30,2014-11-04 18:44:30
3450,-10.45699139,-36.52101753,30,2014-11-04 18:44:35
3451,-10.45788092,-36.52168365,30,2014-11-04 18:44:41
3452,-10.45876108,-36.52233196,30,2014-11-04 18:44:47
3453,-10.45947453,-36.5228548,30,2014-11-04 18:44:52
3454,-10.46034125,-36.52349031,30,2014-11-04 18:44:58
3455,-10.46119852,-36.52412197,30,2014-11-04 18:45:04
3456,-10.46191878,-36.52464235,30,2014-11-04 18:45:09
3457,-10.46262867,-36.52517832,30,2014-11-04 18:45:14
3458,-10.46355332,-36.52585144,30,2014-11-04 18:45:20
3459,-10.46433701,-36.52643624,30,2014-11-04 18:45:25
3460,-10.46508052,-36.52704574,30,2014-11-04 18:45:30
3461,-10.4658457,-36.52781141,30,2014-11-04 18:45:36
3462,-10.46638436,-36.52847194,30,2014-11-04 18:45:42
3463,-10.46694736,-36.52932509,30,2014-11-04 18:45:47
3464,-10.46738468,-36.53005213,30,2014-11-04 18:45:53
3465,-10.46795032,-36.53099696,30,2014-11-04 18:45:59
3466,-10.46842445,-36.53179344,30,2014-11-04 18:46:04
3467,-10.46900489,-36.53275261,30,2014-11-04 18:46:10
3468,-10.4695862,-36.53370977,30,2014-11-04 18:46:15
3469,-10.47003881,-36.53446071,30,2014-11-04 18:46:21
3470,-10.47037533,-36.53502733,30,2014-11-04 18:46:26
3471,-10.47066441,-36.53551024,30,2014-11-04 18:46:31
3472,-10.47100964,-36.53608665,30,2014-11-04 18:46:36
3473,-10.47140912,-36.53675794,30,2014-11-04 18:46:42
3474,-10.47194954,-36.53765812,30,2014-11-04 18:46:47
3475,-10.4724839,-36.53854908,30,2014-11-04 18:46:53
3476,-10.47291119,-36.5392414,30,2014-11-04 18:46:59
3477,-10.47341591,-36.54006995,30,2014-11-04 18:47:04
3478,-10.4738145,-36.54073832,30,2014-11-04 18:47:09
3479,-10.4743065,-36.54155803,30,2014-11-04 18:47:15
3480,-10.47473279,-36.54227995,30,2014-11-04 18:47:20
3481,-10.47526918,-36.54318238,30,2014-11-04 18:47:26
3482,-10.4757275,-36.54396685,30,2014-11-04 18:47:31
3483,-10.47630288,-36.54491642,30,2014-11-04 18:47:37
3484,-10.47680486,-36.54574242,30,2014-11-04 18:47:42
3485,-10.477397300000002,-36.54670934,30,2014-11-04 18:47:48
3486,-10.47798208,-36.54768826,30,2014-11-04 18:47:54
3487,-10.47845751,-36.54849926,30,2014-11-04 18:47:59
3488,-10.4790588,-36.54948701,30,2014-11-04 18:48:06
3489,-10.47963362,-36.55044741,30,2014-11-04 18:48:11
3490,-10.48011574,-36.5512336,30,2014-11-04 18:48:16
3491,-10.48065151,-36.55214565,30,2014-11-04 18:48:22
3492,-10.48112881,-36.55292593,30,2014-11-04 18:48:27
3493,-10.48169426,-36.55388485,30,2014-11-04 18:48:34
3494,-10.482285899999999,-36.55486065,30,2014-11-04 18:48:39
3495,-10.48277989,-36.555701,30,2014-11-04 18:48:44
3496,-10.48338771,-36.55669627,30,2014-11-04 18:48:50
3497,-10.48388774,-36.5575222,30,2014-11-04 18:48:55
3498,-10.48447183,-36.55850842,30,2014-11-04 18:49:01
3499,-10.485049400000001,-36.55948027,30,2014-11-04 18:49:07
3500,-10.48564207,-36.56045594,30,2014-11-04 18:49:13
3501,-10.48624138,-36.56148741,30,2014-11-04 18:49:19
3502,-10.48689363,-36.56256882,30,2014-11-04 18:49:25
3503,-10.48742722,-36.56344834,30,2014-11-04 18:49:30
3504,-10.48795039,-36.56433846,30,2014-11-04 18:49:35
3505,-10.48856703,-36.56535428,30,2014-11-04 18:49:41
3506,-10.48915265,-36.56628764,30,2014-11-04 18:49:47
3507,-10.48963621,-36.56710127,30,2014-11-04 18:49:53
3508,-10.49025538,-36.56814318,30,2014-11-04 18:49:58
3509,-10.49073744,-36.56894932,30,2014-11-04 18:50:04
3510,-10.49128374,-36.56986668,30,2014-11-04 18:50:09
3511,-10.49184594,-36.57076599,30,2014-11-04 18:50:15
3512,-10.49228771,-36.57149558,30,2014-11-04 18:50:20
3513,-10.49282895,-36.57239591,30,2014-11-04 18:50:26
3514,-10.49328321,-36.57315031,30,2014-11-04 18:50:31
3515,-10.49372445,-36.57389434,30,2014-11-04 18:50:37
3516,-10.49426239,-36.57477895,30,2014-11-04 18:50:43
3517,-10.49478345,-36.57564365,30,2014-11-04 18:50:48
3518,-10.49522069,-36.57636123,30,2014-11-04 18:50:53
3519,-10.49573958,-36.57722321,30,2014-11-04 18:50:59
3520,-10.49627498,-36.5781452,30,2014-11-04 18:51:05
3521,-10.49672189,-36.57890501,30,2014-11-04 18:51:10
3522,-10.497264300000001,-36.57980428,30,2014-11-04 18:51:16
3523,-10.49768957,-36.580527399999994,30,2014-11-04 18:51:21
3524,-10.49821128,-36.58140588,30,2014-11-04 18:51:27
3525,-10.49873343,-36.58228523,30,2014-11-04 18:51:33
3526,-10.49917107,-36.58301732,30,2014-11-04 18:51:39
3527,-10.49949572,-36.58395976,30,2014-11-04 18:51:44
3528,-10.49964283,-36.58479246,30,2014-11-04 18:51:50
3529,-10.49968999,-36.58581573,30,2014-11-04 18:51:55
3530,-10.49962979,-36.58673954,30,2014-11-04 18:52:00
3531,-10.499442,-36.58772459,30,2014-11-04 18:52:05
3532,-10.49926668,-36.58867909,30,2014-11-04 18:52:11
3533,-10.49908583,-36.58971416,30,2014-11-04 18:52:17
3534,-10.49892914,-36.59062064,30,2014-11-04 18:52:22
3535,-10.49877875,-36.59136789,30,2014-11-04 18:52:27
3536,-10.49863237,-36.59218412,30,2014-11-04 18:52:32
3537,-10.49843918,-36.59327633,30,2014-11-04 18:52:38
3538,-10.4982658,-36.59423308,30,2014-11-04 18:52:43
3539,-10.49805898,-36.59536841,30,2014-11-04 18:52:49
3540,-10.49784439,-36.59650087,30,2014-11-04 18:52:55
3541,-10.49758085,-36.59757491,30,2014-11-04 18:53:01
3542,-10.49734282,-36.59838595,30,2014-11-04 18:53:06
3543,-10.49707131,-36.5993777,30,2014-11-04 18:53:12
3544,-10.4967901,-36.6003769,30,2014-11-04 18:53:18
3545,-10.49649809,-36.60140488,30,2014-11-04 18:53:25
3546,-10.49619626,-36.60245517,30,2014-11-04 18:53:31
3547,-10.4959439,-36.60332413,30,2014-11-04 18:53:36
3548,-10.49565954,-36.60437388,30,2014-11-04 18:53:42
3549,-10.49537138,-36.60541984,30,2014-11-04 18:53:47
3550,-10.49513129,-36.60627974,30,2014-11-04 18:53:53
3551,-10.49483171,-36.60732885,30,2014-11-04 18:53:58
3552,-10.49459275,-36.60820838,30,2014-11-04 18:54:03
3553,-10.4943371,-36.60912002,30,2014-11-04 18:54:09
3554,-10.49402058,-36.61023559,30,2014-11-04 18:54:15
3555,-10.49371511,-36.61133888,30,2014-11-04 18:54:20
3556,-10.4934707,-36.61225554,30,2014-11-04 18:54:25
3557,-10.4931599,-36.61334525,30,2014-11-04 18:54:31
3558,-10.49283667,-36.61443721,30,2014-11-04 18:54:37
3559,-10.49252319,-36.61553128,30,2014-11-04 18:54:43
3560,-10.49226264,-36.61645275,30,2014-11-04 18:54:48
3561,-10.49195718,-36.61755569,30,2014-11-04 18:54:54
3562,-10.49169175,-36.61852044,30,2014-11-04 18:55:00
3563,-10.49150604,-36.61919386,30,2014-11-04 18:55:05
3564,-10.49131733,-36.61977759,30,2014-11-04 18:55:11
3565,-10.49096093,-36.62041525,30,2014-11-04 18:55:16
3566,-10.49038951,-36.62101186,30,2014-11-04 18:55:22
3567,-10.48984763,-36.62135578,30,2014-11-04 18:55:27
3568,-10.48901437,-36.62158565,30,2014-11-04 18:55:33
3569,-10.48804357,-36.62170928,30,2014-11-04 18:55:39
3570,-10.48716194,-36.62181268,30,2014-11-04 18:55:44
3571,-10.48627757,-36.62191269,30,2014-11-04 18:55:49
3572,-10.48521163,-36.62203165,30,2014-11-04 18:55:55
3573,-10.48435513,-36.62212571,30,2014-11-04 18:56:00
3574,-10.4835111,-36.62223347,30,2014-11-04 18:56:05
3575,-10.48268545,-36.6223411,30,2014-11-04 18:56:11
3576,-10.4816907,-36.62245595,30,2014-11-04 18:56:16
3577,-10.48085926,-36.62255096,30,2014-11-04 18:56:21
3578,-10.47986357,-36.62266468,30,2014-11-04 18:56:27
3579,-10.47900948,-36.62274862,30,2014-11-04 18:56:32
3580,-10.47815892,-36.62285992,30,2014-11-04 18:56:37
3581,-10.4772851,-36.62296218,30,2014-11-04 18:56:43
3582,-10.47625658,-36.6230749,30,2014-11-04 18:56:48
3583,-10.4754636,-36.62318081,30,2014-11-04 18:56:54
3584,-10.47459104,-36.62328758,30,2014-11-04 18:56:59
3585,-10.47382114,-36.62350825,30,2014-11-04 18:57:05
3586,-10.47324317,-36.62383681,30,2014-11-04 18:57:10
3587,-10.47264553,-36.62441385,30,2014-11-04 18:57:16
3588,-10.47223335,-36.62503842,30,2014-11-04 18:57:21
3589,-10.47174921,-36.62592606,30,2014-11-04 18:57:27
3590,-10.47133548,-36.62669917,30,2014-11-04 18:57:32
3591,-10.47083256,-36.62764127,30,2014-11-04 18:57:38
3592,-10.47043063,-36.62837163,30,2014-11-04 18:57:44
3593,-10.47000243,-36.629155600000004,30,2014-11-04 18:57:50
3594,-10.46958373,-36.62993197,30,2014-11-04 18:57:55
3595,-10.46922923,-36.63058974,30,2014-11-04 18:58:00
3596,-10.4688636,-36.63124235,30,2014-11-04 18:58:05
3597,-10.46851252,-36.63190092,30,2014-11-04 18:58:11
3598,-10.46809965,-36.63266487,30,2014-11-04 18:58:16
3599,-10.467773,-36.63327742,30,2014-11-04 18:58:22
3600,-10.46761662,-36.63356258,30,2014-11-04 18:58:27
3601,-10.46746792,-36.6338156,30,2014-11-04 18:58:33
3602,-10.46729347,-36.63415732,30,2014-11-04 18:58:39
3603,-10.46703395,-36.63468722,30,2014-11-04 18:58:44
3604,-10.46676649,-36.63516117,30,2014-11-04 18:58:49
3605,-10.4664101,-36.63579444,30,2014-11-04 18:58:55
3606,-10.46612031,-36.63634596,30,2014-11-04 18:59:00
3607,-10.46571936,-36.63708541,30,2014-11-04 18:59:06
3608,-10.46535804,-36.63776661,30,2014-11-04 18:59:11
3609,-10.46490829,-36.63835839,30,2014-11-04 18:59:16
3610,-10.46419593,-36.63884479,30,2014-11-04 18:59:22
3611,-10.46341399,-36.63906561,30,2014-11-04 18:59:28
3612,-10.46272005,-36.63912902,30,2014-11-04 18:59:35
3613,-10.46229929,-36.63915676,30,2014-11-04 18:59:41
3614,-10.46213084,-36.63917823,30,2014-11-04 18:59:46
3615,-10.46212985,-36.63919038,30,2014-11-04 18:59:52
3616,-10.46208442,-36.63920907,30,2014-11-04 18:59:57
3617,-10.46195138,-36.63923041,30,2014-11-04 19:00:03
3618,-10.461654699999999,-36.63924094,30,2014-11-04 19:00:08
3619,-10.46127414,-36.63926822,30,2014-11-04 19:00:14
3620,-10.46079169,-36.63930261,30,2014-11-04 19:00:19
3621,-10.46048245,-36.63932108,30,2014-11-04 19:00:25
3622,-10.46022642,-36.63934606,30,2014-11-04 19:00:30
3623,-10.45993956,-36.63937837,30,2014-11-04 19:00:36
3624,-10.45955644,-36.63941001,30,2014-11-04 19:00:42
3625,-10.45898047,-36.63944452,30,2014-11-04 19:00:48
3626,-10.45838046,-36.63950102,30,2014-11-04 19:00:53
3627,-10.45786859,-36.63953082,30,2014-11-04 19:00:59
3628,-10.45718443,-36.63958522,30,2014-11-04 19:01:05
3629,-10.45644363,-36.63964744,30,2014-11-04 19:01:10
3630,-10.45562991,-36.63970034,30,2014-11-04 19:01:16
3631,-10.45475273,-36.63977546,30,2014-11-04 19:01:22
3632,-10.45400711,-36.63983649,30,2014-11-04 19:01:27
3633,-10.45311862,-36.63993702,30,2014-11-04 19:01:33
3634,-10.45226823,-36.640124,30,2014-11-04 19:01:39
3635,-10.45159895,-36.64037557,30,2014-11-04 19:01:44
3636,-10.45087662,-36.64071656,30,2014-11-04 19:01:50
3637,-10.45029022,-36.64109001,30,2014-11-04 19:01:55
3638,-10.44973283,-36.64158311,30,2014-11-04 19:02:00
3639,-10.44926163,-36.64208674,30,2014-11-04 19:02:05
3640,-10.44871591,-36.64272289,30,2014-11-04 19:02:11
3641,-10.44828704,-36.643355,30,2014-11-04 19:02:16
3642,-10.44786356,-36.64413319,30,2014-11-04 19:02:22
3643,-10.44758114,-36.64471726,30,2014-11-04 19:02:27
3644,-10.44724764,-36.64537164,30,2014-11-04 19:02:33
3645,-10.4470368,-36.64581941,30,2014-11-04 19:02:38
3646,-10.44691476,-36.64606895,30,2014-11-04 19:02:45
3647,-10.44685565,-36.64620747,30,2014-11-04 19:02:50
3648,-10.44685156,-36.64623825,30,2014-11-04 19:02:56
3649,-10.44682062,-36.64630756,30,2014-11-04 19:03:01
3650,-10.44662154,-36.64668725,30,2014-11-04 19:03:07
3651,-10.44637488,-36.647197999999996,30,2014-11-04 19:03:13
3652,-10.44602094,-36.64791285,30,2014-11-04 19:03:18
3653,-10.44572522,-36.64851498,30,2014-11-04 19:03:23
3654,-10.44535788,-36.6492899,30,2014-11-04 19:03:29
3655,-10.44497698,-36.65011304,30,2014-11-04 19:03:35
3656,-10.44461974,-36.65091535,30,2014-11-04 19:03:41
3657,-10.44429052,-36.65159586,30,2014-11-04 19:03:47
3658,-10.44395782,-36.65227822,30,2014-11-04 19:03:53
3659,-10.443644699999998,-36.65291773,30,2014-11-04 19:03:58
3660,-10.44325537,-36.65373835,30,2014-11-04 19:04:04
3661,-10.4428634,-36.65456829,30,2014-11-04 19:04:10
3662,-10.44249297,-36.6553726,30,2014-11-04 19:04:16
3663,-10.44217892,-36.65603034,30,2014-11-04 19:04:21
3664,-10.441798599999998,-36.65682319,30,2014-11-04 19:04:28
3665,-10.44139712,-36.65761978,30,2014-11-04 19:04:33
3666,-10.44090329,-36.65842259,30,2014-11-04 19:04:39
3667,-10.44047326,-36.6590622,30,2014-11-04 19:04:45
3668,-10.4398302,-36.65979947,30,2014-11-04 19:04:50
3669,-10.43926101,-36.66042013,30,2014-11-04 19:04:56
3670,-10.43858055,-36.66115507,30,2014-11-04 19:05:01
3672,-10.43803731,-36.66175467,30,2014-11-04 19:05:07
3673,-10.43751723,-36.66232645,30,2014-11-04 19:05:12
3675,-10.43688028,-36.66298344,30,2014-11-04 19:05:17
3677,-10.4362073,-36.66366505,30,2014-11-04 19:05:23
3679,-10.43562353,-36.66425861,30,2014-11-04 19:05:28
3681,-10.43488926,-36.66502855,30,2014-11-04 19:05:34
3683,-10.4342659,-36.66568442,30,2014-11-04 19:05:39
3685,-10.43353981,-36.6664517,30,2014-11-04 19:05:45
3687,-10.43293716,-36.66708564,30,2014-11-04 19:05:51
3689,-10.43223496,-36.66783047,30,2014-11-04 19:05:56
3691,-10.43155622,-36.66854966,30,2014-11-04 19:06:02
3693,-10.43103519,-36.6691037,30,2014-11-04 19:06:07
3695,-10.43041232,-36.66977424,30,2014-11-04 19:06:13
3697,-10.42993106,-36.67038367,30,2014-11-04 19:06:19
3699,-10.4295017,-36.671151,30,2014-11-04 19:06:25
3701,-10.42931737,-36.67189178,30,2014-11-04 19:06:30
3703,-10.4292443,-36.67248065,30,2014-11-04 19:06:35
3705,-10.42936989,-36.67332136,30,2014-11-04 19:06:41
3707,-10.42952101,-36.67409803,30,2014-11-04 19:06:47
3709,-10.42974397,-36.67502227,30,2014-11-04 19:06:52
3711,-10.42997052,-36.67597953,30,2014-11-04 19:06:58
3713,-10.43010485,-36.67669902,30,2014-11-04 19:07:03
3715,-10.43020064,-36.67747571,30,2014-11-04 19:07:09
3717,-10.43003721,-36.67831792,30,2014-11-04 19:07:15
3719,-10.42983774,-36.67910866,30,2014-11-04 19:07:20
3721,-10.42960163,-36.68007584,30,2014-11-04 19:07:26
3723,-10.42934116,-36.68102856,30,2014-11-04 19:07:32
3725,-10.42914817,-36.68179472,30,2014-11-04 19:07:37
3727,-10.42892726,-36.68254466,30,2014-11-04 19:07:42
3729,-10.42862445,-36.68322744,30,2014-11-04 19:07:47
3731,-10.42821461,-36.68380292,30,2014-11-04 19:07:52
3733,-10.42763687,-36.68433685,30,2014-11-04 19:07:58
3735,-10.42703918,-36.68481066,30,2014-11-04 19:08:04
3737,-10.42654599,-36.68520039,30,2014-11-04 19:08:09
3739,-10.42594058,-36.68566537,30,2014-11-04 19:08:15
3741,-10.42528688,-36.68617671,30,2014-11-04 19:08:21
3743,-10.42459026,-36.68670378,30,2014-11-04 19:08:27
3745,-10.42397027,-36.68718349,30,2014-11-04 19:08:32
3747,-10.42334971,-36.68766198,30,2014-11-04 19:08:37
3749,-10.42259599,-36.68823351,30,2014-11-04 19:08:43
3751,-10.42195294,-36.68876462,30,2014-11-04 19:08:49
3753,-10.42147979,-36.68920186,30,2014-11-04 19:08:54
3755,-10.42106572,-36.6896193,30,2014-11-04 19:09:00
3757,-10.42079549,-36.68990394,30,2014-11-04 19:09:05
3759,-10.42048122,-36.69020445,30,2014-11-04 19:09:11
3761,-10.42013157,-36.69054056,30,2014-11-04 19:09:16
3763,-10.41959004,-36.69108412,30,2014-11-04 19:09:22
3765,-10.41890474,-36.69174282,30,2014-11-04 19:09:29
3767,-10.41832417,-36.69235862,30,2014-11-04 19:09:34
3769,-10.41797931,-36.69270646,30,2014-11-04 19:09:40
3771,-10.41780551,-36.69287234,30,2014-11-04 19:09:45
3773,-10.41741892,-36.69322719,30,2014-11-04 19:09:51
3775,-10.41702457,-36.69358645,30,2014-11-04 19:09:56
3777,-10.41671027,-36.69391366,30,2014-11-04 19:10:01
3779,-10.41651063,-36.69409171,30,2014-11-04 19:10:06
3781,-10.41624333,-36.69436246,30,2014-11-04 19:10:12
3783,-10.41581746,-36.69479805,30,2014-11-04 19:10:18
3785,-10.41533147,-36.69534556,30,2014-11-04 19:10:24
3787,-10.41503881,-36.69592562,30,2014-11-04 19:10:29
3789,-10.41470283,-36.69669575,30,2014-11-04 19:10:35
3791,-10.41443053,-36.69734945,30,2014-11-04 19:10:40
3793,-10.41417634,-36.69794314,30,2014-11-04 19:10:45
3795,-10.41391209,-36.69849304,30,2014-11-04 19:10:51
3797,-10.41372569,-36.69878395,30,2014-11-04 19:10:56
3799,-10.41355338,-36.69900548,30,2014-11-04 19:11:01
3801,-10.41324105,-36.69933909,30,2014-11-04 19:11:07
3803,-10.41300256,-36.69952562,30,2014-11-04 19:11:13
3805,-10.41264942,-36.69981771,30,2014-11-04 19:11:19
3806,-10.41208607,-36.70025488,30,2014-11-04 19:11:26
3808,-10.41159077,-36.70062046,30,2014-11-04 19:11:31
3810,-10.41102279,-36.70105844,30,2014-11-04 19:11:36
3812,-10.41056601,-36.70140979,30,2014-11-04 19:11:42
3814,-10.40997804,-36.70187369,30,2014-11-04 19:11:47
3816,-10.40954,-36.70223249,30,2014-11-04 19:11:52
3818,-10.40915278,-36.70262288,30,2014-11-04 19:11:57
3820,-10.40882683,-36.70307615,30,2014-11-04 19:12:03
3822,-10.40868203,-36.70330193,30,2014-11-04 19:12:08
3824,-10.40853646,-36.70351577,30,2014-11-04 19:12:14
3826,-10.40837511,-36.70374974,30,2014-11-04 19:12:19
3828,-10.40823956,-36.70393239,30,2014-11-04 19:12:24
3830,-10.40810531,-36.70409915,30,2014-11-04 19:12:30
3832,-10.40788307,-36.7044177,30,2014-11-04 19:12:36
3834,-10.40765171,-36.70482676,30,2014-11-04 19:12:42
3836,-10.4074048,-36.705236299999996,30,2014-11-04 19:12:47
3838,-10.40714263,-36.70564826,30,2014-11-04 19:12:52
3840,-10.406819300000002,-36.70621574,30,2014-11-04 19:12:58
3842,-10.40651222,-36.70670081,30,2014-11-04 19:13:03
3844,-10.4059957,-36.70721437,30,2014-11-04 19:13:09
3846,-10.4053829,-36.70759169,30,2014-11-04 19:13:15
3848,-10.40490115,-36.70789567,30,2014-11-04 19:13:20
3850,-10.40443008,-36.70819742,30,2014-11-04 19:13:25
3852,-10.40382022,-36.70857487,30,2014-11-04 19:13:32
3854,-10.40330451,-36.70909722,30,2014-11-04 19:13:37
3856,-10.40295866,-36.70963948,30,2014-11-04 19:13:42
3858,-10.40260022,-36.71021308,30,2014-11-04 19:13:47
3860,-10.40225582,-36.71076284,30,2014-11-04 19:13:52
3862,-10.40188514,-36.71133369,30,2014-11-04 19:13:58
3864,-10.40161182,-36.71175232,30,2014-11-04 19:14:03
3866,-10.40135001,-36.71222314,30,2014-11-04 19:14:09
3868,-10.40110512,-36.71270788,30,2014-11-04 19:14:15
3870,-10.40081525,-36.71333669,30,2014-11-04 19:14:21
3872,-10.40044827,-36.71409894,30,2014-11-04 19:14:27
3874,-10.39979928,-36.71474382,30,2014-11-04 19:14:33
3876,-10.39912816,-36.71527286,30,2014-11-04 19:14:38
3878,-10.39840663,-36.71580917,30,2014-11-04 19:14:43
3880,-10.39775767,-36.71630716,30,2014-11-04 19:14:48
3882,-10.39705135,-36.71694537,30,2014-11-04 19:14:54
3884,-10.39627708,-36.71769043,30,2014-11-04 19:15:00
3886,-10.39551904,-36.71844013,30,2014-11-04 19:15:06
3888,-10.39492667,-36.71902007,30,2014-11-04 19:15:11
3890,-10.39434075,-36.71958493,30,2014-11-04 19:15:16
3892,-10.39364325,-36.72027489,30,2014-11-04 19:15:22
3894,-10.39292482,-36.72097138,30,2014-11-04 19:15:28
3896,-10.3922231,-36.72165898,30,2014-11-04 19:15:34
3898,-10.3916314,-36.72223953,30,2014-11-04 19:15:39
3900,-10.39091771,-36.72294249,30,2014-11-04 19:15:45
3902,-10.39031487,-36.72354216,30,2014-11-04 19:15:50
3904,-10.3895558,-36.72427344,30,2014-11-04 19:15:56
3906,-10.388917300000001,-36.72487449,30,2014-11-04 19:16:01
3908,-10.38815969,-36.72563937,30,2014-11-04 19:16:07
3911,-10.38735156,-36.72643581,30,2014-11-04 19:16:13
3912,-10.38651092,-36.72725624,30,2014-11-04 19:16:19
3915,-10.38581149,-36.72794405,30,2014-11-04 19:16:24
3917,-10.38497606,-36.72875769,30,2014-11-04 19:16:30
3919,-10.3841496,-36.72955712,30,2014-11-04 19:16:36
3921,-10.3833232,-36.73036884,30,2014-11-04 19:16:42
3922,-10.38260839,-36.73105639,30,2014-11-04 19:16:47
3924,-10.38175285,-36.73189353,30,2014-11-04 19:16:53
3927,-10.3810406,-36.73257914,30,2014-11-04 19:16:59
3928,-10.38025123,-36.73343243,30,2014-11-04 19:17:04
3930,-10.37946099,-36.73420188,30,2014-11-04 19:17:10
3933,-10.37877342,-36.73485844,30,2014-11-04 19:17:15
3935,-10.37809262,-36.73552120000001,30,2014-11-04 19:17:20
3938,-10.377288,-36.73630458,30,2014-11-04 19:17:26
3940,-10.37663025,-36.73694397,30,2014-11-04 19:17:31
3942,-10.37582117,-36.73773629,30,2014-11-04 19:17:37
3944,-10.37501603,-36.7385231,30,2014-11-04 19:17:43
3946,-10.37419272,-36.73932449,30,2014-11-04 19:17:49
3948,-10.37352507,-36.73997561,30,2014-11-04 19:17:55
3950,-10.37274959,-36.74074601,30,2014-11-04 19:18:00
3952,-10.372106500000001,-36.74139447,30,2014-11-04 19:18:05
3954,-10.37131338,-36.742208700000006,30,2014-11-04 19:18:11
3956,-10.37067905,-36.74285386,30,2014-11-04 19:18:16
3958,-10.36989069,-36.7436308,30,2014-11-04 19:18:22
3960,-10.36909874,-36.74440746,30,2014-11-04 19:18:28
3962,-10.36842231,-36.74506465,30,2014-11-04 19:18:33
3964,-10.367608,-36.74587046,30,2014-11-04 19:18:39
3966,-10.36692064,-36.74656075,30,2014-11-04 19:18:44
3968,-10.36602314,-36.74745413,30,2014-11-04 19:18:50
3970,-10.36507833,-36.74835552,30,2014-11-04 19:18:56
3972,-10.36432476,-36.74910862,30,2014-11-04 19:19:01
3974,-10.36346249,-36.74993806,30,2014-11-04 19:19:07
3976,-10.362715800000002,-36.75067265,30,2014-11-04 19:19:13
3978,-10.36202985,-36.75135317,30,2014-11-04 19:19:19
3980,-10.361465699999998,-36.75190168,30,2014-11-04 19:19:24
3982,-10.36090009,-36.75246024,30,2014-11-04 19:19:29
3984,-10.3601882,-36.75315609,30,2014-11-04 19:19:35
3986,-10.35959288,-36.75373938,30,2014-11-04 19:19:40
3988,-10.35886746,-36.75445207,30,2014-11-04 19:19:46
3990,-10.35812216,-36.75518455,30,2014-11-04 19:19:52
3992,-10.35743013,-36.75587905,30,2014-11-04 19:19:58
3994,-10.35690843,-36.75638292,30,2014-11-04 19:20:03
3997,-10.35655226,-36.75671464,30,2014-11-04 19:20:08
3998,-10.35638818,-36.75678619,30,2014-11-04 19:20:13
4000,-10.35622014,-36.75671529,30,2014-11-04 19:20:18
4002,-10.35591201,-36.75687938,30,2014-11-04 19:20:24
4004,-10.355697099999999,-36.75736133,30,2014-11-04 19:20:30
4006,-10.35547887,-36.75778719,30,2014-11-04 19:20:35
4008,-10.35534106,-36.75808717,30,2014-11-04 19:20:41
4010,-10.35519916,-36.75841388,30,2014-11-04 19:20:46
4012,-10.35495283,-36.75894573,30,2014-11-04 19:20:52
4014,-10.3546751,-36.75949934,30,2014-11-04 19:20:57
4016,-10.35435445,-36.76015825,30,2014-11-04 19:21:03
4018,-10.35403832,-36.760803499999994,30,2014-11-04 19:21:09
4020,-10.35363377,-36.7617051,30,2014-11-04 19:21:14
4022,-10.35314411,-36.76271987,30,2014-11-04 19:21:21
4024,-10.35265583,-36.76373281,30,2014-11-04 19:21:26
4026,-10.35220749,-36.76468649,30,2014-11-04 19:21:32
4028,-10.35186265,-36.76542565,30,2014-11-04 19:21:37
4030,-10.35147447,-36.76625009,30,2014-11-04 19:21:43
4032,-10.35113775,-36.76692783,30,2014-11-04 19:21:48
4034,-10.35071343,-36.76779389,30,2014-11-04 19:21:54
4036,-10.35032163,-36.76856579,30,2014-11-04 19:22:00
4038,-10.3498839,-36.76948407,30,2014-11-04 19:22:05
4040,-10.34950706,-36.77027619,30,2014-11-04 19:22:10
4042,-10.34918985,-36.77112956,30,2014-11-04 19:22:15
4044,-10.3489768,-36.77202386,30,2014-11-04 19:22:20
4046,-10.34881673,-36.77315525,30,2014-11-04 19:22:26
4048,-10.34865608,-36.77434267,30,2014-11-04 19:22:32
4050,-10.3485575,-36.77530599,30,2014-11-04 19:22:37
4052,-10.34841011,-36.77651492,30,2014-11-04 19:22:43
4054,-10.3483099,-36.77746322,30,2014-11-04 19:22:48
4056,-10.34829445,-36.778307299999994,30,2014-11-04 19:22:53
4058,-10.34835135,-36.77930514,30,2014-11-04 19:22:59
4060,-10.34842852,-36.78018359,30,2014-11-04 19:23:04
4062,-10.34853266,-36.78123604,30,2014-11-04 19:23:10
4064,-10.34860912,-36.78206259,30,2014-11-04 19:23:16
4066,-10.34870576,-36.78299343,30,2014-11-04 19:23:21
4068,-10.34878783,-36.78381251,30,2014-11-04 19:23:26
4070,-10.34889184,-36.78480606,30,2014-11-04 19:23:32
4072,-10.34897813,-36.78570187,30,2014-11-04 19:23:38
4074,-10.34905152,-36.78652396,30,2014-11-04 19:23:44
4076,-10.34915921,-36.78724972,30,2014-11-04 19:23:49
4078,-10.34940812,-36.78820033,30,2014-11-04 19:23:55
4080,-10.3497009,-36.78893404,30,2014-11-04 19:24:00
4082,-10.35005606,-36.78963642,30,2014-11-04 19:24:05
4084,-10.35052036,-36.79048155,30,2014-11-04 19:24:11
4086,-10.35100364,-36.79138434,30,2014-11-04 19:24:17
4088,-10.35143077,-36.79218904,30,2014-11-04 19:24:22
4090,-10.35192469,-36.7931398,30,2014-11-04 19:24:28
4092,-10.35234549,-36.79397653,30,2014-11-04 19:24:34
4095,-10.35268822,-36.79460442,30,2014-11-04 19:24:39
4097,-10.35300831,-36.7952118,30,2014-11-04 19:24:44
4099,-10.35333126,-36.79582973,30,2014-11-04 19:24:49
4101,-10.35376217,-36.79662358,30,2014-11-04 19:24:55
4103,-10.3541962,-36.79746309,30,2014-11-04 19:25:01
4105,-10.35454485,-36.79813252,30,2014-11-04 19:25:06
4107,-10.35487804,-36.79877391,30,2014-11-04 19:25:12
4109,-10.35520642,-36.79931882,30,2014-11-04 19:25:18
4111,-10.35555648,-36.79979271,30,2014-11-04 19:25:25
4113,-10.35600479,-36.80028672,30,2014-11-04 19:25:30
4115,-10.35649284,-36.80072902,30,2014-11-04 19:25:35
4117,-10.35723847,-36.80132852,30,2014-11-04 19:25:41
4119,-10.3579094,-36.80185677,30,2014-11-04 19:25:46
4122,-10.35859458,-36.80240937,30,2014-11-04 19:25:51
4124,-10.35941628,-36.80306841,30,2014-11-04 19:25:57
4126,-10.36029638,-36.80366945,30,2014-11-04 19:26:03
4128,-10.36129375,-36.80410094,30,2014-11-04 19:26:09
4130,-10.36220235,-36.80437571,30,2014-11-04 19:26:14
4132,-10.36326877,-36.80464419,30,2014-11-04 19:26:20
4134,-10.36411448,-36.80485354,30,2014-11-04 19:26:25
4136,-10.36497981,-36.80513632,30,2014-11-04 19:26:30
4138,-10.366029300000001,-36.80568181,30,2014-11-04 19:26:36
4140,-10.36698641,-36.80646239,30,2014-11-04 19:26:42
4142,-10.36784422,-36.80741079,30,2014-11-04 19:26:48
4144,-10.36860059,-36.80833666,30,2014-11-04 19:26:54
4146,-10.36924871,-36.80911414,30,2014-11-04 19:27:00
4148,-10.36988822,-36.80986762,30,2014-11-04 19:27:06
4150,-10.37053373,-36.81062827,30,2014-11-04 19:27:12
4152,-10.37105864,-36.81124883,30,2014-11-04 19:27:17
4154,-10.37171764,-36.81205493,30,2014-11-04 19:27:23
4156,-10.37227627,-36.81273025,30,2014-11-04 19:27:28
4158,-10.37286089,-36.81344218,30,2014-11-04 19:27:33
4160,-10.37359656,-36.81432225,30,2014-11-04 19:27:39
4162,-10.37434285,-36.81521348,30,2014-11-04 19:27:45
4164,-10.374984699999999,-36.81617824,30,2014-11-04 19:27:51
4166,-10.37542022,-36.81718197,30,2014-11-04 19:27:57
4168,-10.37580801,-36.81817653,30,2014-11-04 19:28:03
4170,-10.37637591,-36.81880966,30,2014-11-04 19:28:08
4172,-10.37709084,-36.81924569,30,2014-11-04 19:28:13
4174,-10.37797707,-36.81982705,30,2014-11-04 19:28:19
4176,-10.37875932,-36.82055344,30,2014-11-04 19:28:25
4178,-10.37927745,-36.82152748,30,2014-11-04 19:28:31
4180,-10.37978942,-36.82250076,30,2014-11-04 19:28:37
4182,-10.38020602,-36.82332608,30,2014-11-04 19:28:42
4184,-10.38057443,-36.82413108,30,2014-11-04 19:28:47
4186,-10.3808496,-36.82508105,30,2014-11-04 19:28:53
4188,-10.38098582,-36.82601266,30,2014-11-04 19:28:59
4190,-10.38107815,-36.82678658,30,2014-11-04 19:29:04
4192,-10.38116409,-36.82760425,30,2014-11-04 19:29:09
4194,-10.38126554,-36.82862356,30,2014-11-04 19:29:15
4196,-10.38138568,-36.82968968,30,2014-11-04 19:29:21
4198,-10.38142573,-36.83075024,30,2014-11-04 19:29:27
4200,-10.38115719,-36.83171073,30,2014-11-04 19:29:33
4202,-10.38075382,-36.83250795,30,2014-11-04 19:29:39
4204,-10.38043886,-36.83308027,30,2014-11-04 19:29:44
4206,-10.38013882,-36.83364576,30,2014-11-04 19:29:49
4208,-10.37976442,-36.83433347,30,2014-11-04 19:29:55
4210,-10.37946129,-36.83490965,30,2014-11-04 19:30:00
4212,-10.37912555,-36.83552014,30,2014-11-04 19:30:05
4214,-10.37871001,-36.8363149,30,2014-11-04 19:30:11
4216,-10.37835477,-36.83701827,30,2014-11-04 19:30:16
4218,-10.37795736,-36.8377625,30,2014-11-04 19:30:21
4220,-10.37768175,-36.83870868,30,2014-11-04 19:30:27
4222,-10.37776709,-36.83971465,30,2014-11-04 19:30:33
4224,-10.37794279,-36.84050586,30,2014-11-04 19:30:38
4226,-10.37817798,-36.84143238,30,2014-11-04 19:30:44
4228,-10.37839081,-36.84228291,30,2014-11-04 19:30:49
4230,-10.37862845,-36.84321435,30,2014-11-04 19:30:54
4232,-10.37892207,-36.84436283,30,2014-11-04 19:31:00
4234,-10.37917437,-36.84539522,30,2014-11-04 19:31:06
4236,-10.37935709,-36.84614802,30,2014-11-04 19:31:12
4238,-10.37956512,-36.84693907,30,2014-11-04 19:31:17
4240,-10.37972326,-36.84757879,30,2014-11-04 19:31:22
4242,-10.37992155,-36.84836049,30,2014-11-04 19:31:28
4244,-10.380082199999999,-36.84900956,30,2014-11-04 19:31:33
4246,-10.38020147,-36.849408600000004,30,2014-11-04 19:31:38
4248,-10.38027095,-36.84965298,30,2014-11-04 19:31:43
4250,-10.38042751,-36.85020905,30,2014-11-04 19:31:49
4252,-10.38064318,-36.85081181,30,2014-11-04 19:31:54
4254,-10.38094756,-36.85171494,30,2014-11-04 19:32:00
4256,-10.38123212,-36.85255583,30,2014-11-04 19:32:05
4258,-10.38154562,-36.85354933,30,2014-11-04 19:32:11
4260,-10.38181663,-36.85428934,30,2014-11-04 19:32:16
4262,-10.38204832,-36.85496342,30,2014-11-04 19:32:21
4264,-10.38224877,-36.85561374,30,2014-11-04 19:32:28
4266,-10.38239461,-36.85601297,30,2014-11-04 19:32:33
4268,-10.3824582,-36.85625989,30,2014-11-04 19:32:38
4270,-10.38261748,-36.85675674,30,2014-11-04 19:32:44
4272,-10.38279245,-36.85727821,30,2014-11-04 19:32:49
4274,-10.38298826,-36.8580586,30,2014-11-04 19:32:55
4276,-10.38315751,-36.85884643,30,2014-11-04 19:33:01
4278,-10.38324389,-36.85951842,30,2014-11-04 19:33:06
4280,-10.38329256,-36.86012295,30,2014-11-04 19:33:11
4282,-10.38331706,-36.86043882,30,2014-11-04 19:33:16
4284,-10.38333736,-36.86075851,30,2014-11-04 19:33:21
4286,-10.38339857,-36.86131183,30,2014-11-04 19:33:27
4288,-10.38343977,-36.86186313,30,2014-11-04 19:33:32
4290,-10.38351275,-36.86260041,30,2014-11-04 19:33:38
4292,-10.38357163,-36.86327905,30,2014-11-04 19:33:43
4294,-10.38363006,-36.86401437,30,2014-11-04 19:33:48
4296,-10.3837103,-36.86494091,30,2014-11-04 19:33:54
4298,-10.38377991,-36.86569463,30,2014-11-04 19:33:59
4300,-10.38384537,-36.86648446,30,2014-11-04 19:34:04
4302,-10.38392133,-36.86738327,30,2014-11-04 19:34:10
4304,-10.38397385,-36.867984899999996,30,2014-11-04 19:34:15
4306,-10.38399711,-36.8682446,30,2014-11-04 19:34:20
4308,-10.38404387,-36.86859525,30,2014-11-04 19:34:26
4310,-10.38406753,-36.86906024,30,2014-11-04 19:34:31
4312,-10.38413173,-36.86974831,30,2014-11-04 19:34:37
4314,-10.38417774,-36.8703598,30,2014-11-04 19:34:42
4316,-10.3842377,-36.87114598,30,2014-11-04 19:34:48
4318,-10.38429693,-36.87184955,30,2014-11-04 19:34:53
4321,-10.38438497,-36.87273327,30,2014-11-04 19:34:59
4323,-10.38444869,-36.87348156,30,2014-11-04 19:35:04
4325,-10.38451112,-36.87437066,30,2014-11-04 19:35:11
4327,-10.38458889,-36.87524546,30,2014-11-04 19:35:16
4329,-10.38464705,-36.87574909,30,2014-11-04 19:35:21
4331,-10.38466176,-36.87603561,30,2014-11-04 19:35:27
4333,-10.38470221,-36.87647702,30,2014-11-04 19:35:32
4335,-10.38475471,-36.87719011,30,2014-11-04 19:35:38
4337,-10.38481612,-36.87797591,30,2014-11-04 19:35:44
4339,-10.38488062,-36.87863839999999,30,2014-11-04 19:35:50
4342,-10.3849603,-36.87949098,30,2014-11-04 19:35:55
4344,-10.38504581,-36.88037693,30,2014-11-04 19:36:01
4346,-10.38511183,-36.8811375,30,2014-11-04 19:36:06
4348,-10.38519085,-36.88206748,30,2014-11-04 19:36:12
4350,-10.38526141,-36.88285709,30,2014-11-04 19:36:17
4352,-10.38533807,-36.88378926,30,2014-11-04 19:36:24
4354,-10.38542693,-36.8846869,30,2014-11-04 19:36:29
4356,-10.38547658,-36.88543533,30,2014-11-04 19:36:34
4359,-10.38556021,-36.88636403,30,2014-11-04 19:36:40
4360,-10.38563656,-36.88717659,30,2014-11-04 19:36:45
4363,-10.38570768,-36.88817594,30,2014-11-04 19:36:51
4365,-10.38580945,-36.88917801,30,2014-11-04 19:36:57
4367,-10.385890400000001,-36.89012206,30,2014-11-04 19:37:03
4369,-10.3859616,-36.8910223,30,2014-11-04 19:37:09
4371,-10.38602757,-36.89173246,30,2014-11-04 19:37:14
4373,-10.38608467,-36.89239018,30,2014-11-04 19:37:19
4376,-10.38613113,-36.89306662,30,2014-11-04 19:37:24
4378,-10.38618367,-36.89374028,30,2014-11-04 19:37:29
4380,-10.38621563,-36.89430369,30,2014-11-04 19:37:34
4382,-10.3862601,-36.894599,30,2014-11-04 19:37:39
4384,-10.38628642,-36.89492327,30,2014-11-04 19:37:45
4386,-10.38632133,-36.89532737,30,2014-11-04 19:37:50
4388,-10.38639147,-36.8958542,30,2014-11-04 19:37:55
4673,-10.9088832,-37.05223326,33,2014-11-18 09:37:56
4674,-10.90888295,-37.05223344,33,2014-11-18 09:38:07
4675,-10.90888293,-37.05223377,33,2014-11-18 09:38:17
4676,-10.90889716,-37.05228277,33,2014-11-18 09:38:28
4677,-10.9088838,-37.05228786,33,2014-11-18 09:38:39
4678,-10.90888731,-37.052290500000005,33,2014-11-18 09:38:50
4679,-10.90888763,-37.05229111,33,2014-11-18 09:39:01
4680,-10.908888000000001,-37.05229165,33,2014-11-18 09:39:11
4681,-10.9089084,-37.05243949,33,2014-11-18 09:39:22
4682,-10.90962054,-37.05257143,33,2014-11-18 09:39:33
4683,-10.91017822,-37.05261309,33,2014-11-18 09:39:43
4684,-10.91024486,-37.05249167,33,2014-11-18 09:39:53
4685,-10.91020435,-37.05254541,33,2014-11-18 09:40:03
4686,-10.91020688,-37.05252098,33,2014-11-18 09:40:14
4687,-10.91039359,-37.052561499999996,33,2014-11-18 09:40:25
4688,-10.91130085,-37.05267804,33,2014-11-18 09:40:36
4689,-10.91243579,-37.05275943,33,2014-11-18 09:40:47
4690,-10.91281912,-37.05275623,33,2014-11-18 09:40:57
4691,-10.91299845,-37.0527907,33,2014-11-18 09:41:09
4692,-10.913434800000001,-37.05281276,33,2014-11-18 09:41:19
4693,-10.91439671,-37.05283108,33,2014-11-18 09:41:30
4694,-10.91502386,-37.05244318,33,2014-11-18 09:41:41
4695,-10.91501958,-37.05163338,33,2014-11-18 09:41:52
4696,-10.91500529,-37.05097196,33,2014-11-18 09:42:03
4697,-10.91499287,-37.05073336,33,2014-11-18 09:42:13
4698,-10.91498954,-37.05071972,33,2014-11-18 09:42:24
4699,-10.91499182,-37.050661100000006,33,2014-11-18 09:42:35
4700,-10.9149873,-37.05005493,33,2014-11-18 09:42:45
4701,-10.91499228,-37.04907819,33,2014-11-18 09:42:56
4702,-10.91501937,-37.04823088,33,2014-11-18 09:43:07
4703,-10.91500077,-37.04824910000001,33,2014-11-18 09:43:18
4704,-10.91498185,-37.04824279,33,2014-11-18 09:43:29
4705,-10.91496461,-37.04817991,33,2014-11-18 09:43:40
4706,-10.91496661,-37.04803323,33,2014-11-18 09:43:50
4707,-10.91496718,-37.04801393,33,2014-11-18 09:44:00
4708,-10.91516181,-37.04781039,33,2014-11-18 09:44:11
4709,-10.91523487,-37.04787634,33,2014-11-18 09:44:21
4710,-10.91533744,-37.04786168,33,2014-11-18 09:44:31
4711,-10.91608908,-37.04767929999999,33,2014-11-18 09:44:42
4712,-10.91683097,-37.04750631,33,2014-11-18 09:44:52
4713,-10.91684096,-37.04754065,33,2014-11-18 09:45:02
4714,-10.916821800000001,-37.0475271,33,2014-11-18 09:45:12
4715,-10.91713138,-37.0474522,33,2014-11-18 09:45:23
4716,-10.91782558,-37.04702501,33,2014-11-18 09:45:34
4717,-10.91837927,-37.04666542,33,2014-11-18 09:45:45
4718,-10.91837243,-37.04770506,33,2014-11-18 09:45:56
4719,-10.91833151,-37.04808085,33,2014-11-18 09:46:06
4720,-10.91832686,-37.04858431,33,2014-11-18 09:46:16
4721,-10.91831371,-37.0485561,33,2014-11-18 09:46:27
4722,-10.91831785,-37.04868209,33,2014-11-18 09:46:38
4723,-10.91833123,-37.04923471,33,2014-11-18 09:46:48
4724,-10.91833778,-37.04934597,33,2014-11-18 09:46:58
4725,-10.91833821,-37.04937453,33,2014-11-18 09:47:09
4726,-10.918341400000001,-37.04945326,33,2014-11-18 09:47:20
4727,-10.91837705,-37.05024349,33,2014-11-18 09:47:31
4728,-10.91829526,-37.05077556,33,2014-11-18 09:47:41
4729,-10.91833569,-37.05084079,33,2014-11-18 09:47:52
4730,-10.91827778,-37.051247700000005,33,2014-11-18 09:48:03
4731,-10.91834515,-37.05129777,33,2014-11-18 09:48:13
4732,-10.91838587,-37.0512946,33,2014-11-18 09:48:24
4733,-10.91838725,-37.05129725,33,2014-11-18 09:48:35
4734,-10.91838729,-37.05129849,33,2014-11-18 09:48:46
4735,-10.91838757,-37.05129899,33,2014-11-18 09:48:57
4736,-10.91833538,-37.05183484,33,2014-11-18 09:49:07
4737,-10.91837977,-37.05302974,33,2014-11-18 09:49:18
4738,-10.91836768,-37.05378366,33,2014-11-18 09:49:28
4739,-10.9183838,-37.05384531,33,2014-11-18 09:49:38
4740,-10.91839339,-37.05386023,33,2014-11-18 09:49:49
4741,-10.91838394,-37.05415973,33,2014-11-18 09:49:59
4742,-10.91839687,-37.05424387,33,2014-11-18 09:50:09
4743,-10.91839319,-37.0543386,33,2014-11-18 09:50:20
4744,-10.91842129,-37.05440578,33,2014-11-18 09:50:31
4745,-10.91841793,-37.05442785,33,2014-11-18 09:50:41
4746,-10.91842099,-37.05443536,33,2014-11-18 09:50:52
4747,-10.91841976,-37.05443633,33,2014-11-18 09:51:03
4748,-10.91841974,-37.05486635,33,2014-11-18 09:51:13
4749,-10.9184573,-37.05574085,33,2014-11-18 09:51:23
4750,-10.91843007,-37.05642844,33,2014-11-18 09:51:34
4751,-10.91842008,-37.0573422,33,2014-11-18 09:51:45
4752,-10.91848418,-37.05820659,33,2014-11-18 09:51:56
4753,-10.91845611,-37.05822943,33,2014-11-18 09:52:06
4754,-10.91847223,-37.05835245,33,2014-11-18 09:52:17
4755,-10.91844448,-37.05878222,33,2014-11-18 09:52:27
4756,-10.91843396,-37.05891325,33,2014-11-18 09:52:38
4757,-10.91847597,-37.05968129,33,2014-11-18 09:52:48
4758,-10.91843197,-37.06092973,33,2014-11-18 09:52:59
4759,-10.91846829,-37.06220078,33,2014-11-18 09:53:10
4760,-10.91849185,-37.06260413,33,2014-11-18 09:53:21
4761,-10.91851347,-37.06291687,33,2014-11-18 09:53:31
4762,-10.91851883,-37.06352569,33,2014-11-18 09:53:41
4763,-10.91849179,-37.06346688,33,2014-11-18 09:53:52
4764,-10.91855271,-37.06342298,33,2014-11-18 09:54:02
4765,-10.91837489,-37.06332552,33,2014-11-18 09:54:19
4766,-10.91842185,-37.06352608,33,2014-11-18 09:54:30
4767,-10.91848517,-37.06354868,33,2014-11-18 09:54:41
4768,-10.91851322,-37.06357117,33,2014-11-18 09:54:51
4769,-10.91849923,-37.06425238,33,2014-11-18 09:55:02
4770,-10.91851269,-37.06524847,33,2014-11-18 09:55:13
4771,-10.91854919,-37.06559617,33,2014-11-18 09:55:24
4772,-10.9186087,-37.06621679999999,33,2014-11-18 09:55:35
4773,-10.91865213,-37.06716314,33,2014-11-18 09:55:45
4774,-10.91869049,-37.06771784,33,2014-11-18 09:55:56
4775,-10.91869273,-37.06772156,33,2014-11-18 09:56:06
4776,-10.91870221,-37.06778545,33,2014-11-18 09:56:17
4777,-10.91871375,-37.06803424,33,2014-11-18 09:56:28
4778,-10.91870789,-37.06805034,33,2014-11-18 09:56:39
4779,-10.91870006,-37.06807086,33,2014-11-18 09:56:49
4780,-10.91865094,-37.06854942,33,2014-11-18 09:57:00
4781,-10.9186561,-37.06886971,33,2014-11-18 09:57:11
4782,-10.91865274,-37.06884879,33,2014-11-18 09:57:22
4783,-10.91866858,-37.06884557,33,2014-11-18 09:57:33
4784,-10.91866672,-37.06885515,33,2014-11-18 09:57:43
4785,-10.91866746,-37.06885616,33,2014-11-18 09:57:53
4786,-10.91866695,-37.0688564,33,2014-11-18 09:58:04
4787,-10.91867187,-37.06886864,33,2014-11-18 09:58:14
4788,-10.9186002,-37.06963588,33,2014-11-18 09:58:24
4789,-10.91843443,-37.07107976,33,2014-11-18 09:58:36
4790,-10.91822535,-37.07245827,33,2014-11-18 09:58:47
4791,-10.91823134,-37.0727501,33,2014-11-18 09:58:58
4792,-10.91821917,-37.07331754,33,2014-11-18 09:59:09
4793,-10.91827723,-37.07328082,33,2014-11-18 09:59:20
4794,-10.91828368,-37.07328092,33,2014-11-18 09:59:30
4795,-10.91828464,-37.0732799,33,2014-11-18 09:59:41
4796,-10.91828491,-37.07328002,33,2014-11-18 09:59:52
4797,-10.91828525,-37.07327996,33,2014-11-18 10:00:03
4798,-10.91828515,-37.07327946,33,2014-11-18 10:00:13
4799,-10.91828575,-37.07328014,33,2014-11-18 10:00:24
4800,-10.91829734,-37.07332701,33,2014-11-18 10:00:34
4801,-10.91830273,-37.07397364,33,2014-11-18 10:00:46
4802,-10.91830768,-37.07410884,33,2014-11-18 10:00:56
4803,-10.91831768,-37.07426703,33,2014-11-18 10:01:07
4804,-10.91830898,-37.07426671,33,2014-11-18 10:01:17
4805,-10.91830983,-37.07427203,33,2014-11-18 10:01:28
4806,-10.91831097,-37.07427023,33,2014-11-18 10:01:38
4807,-10.9183095,-37.07426966,33,2014-11-18 10:01:49
4808,-10.91831156,-37.07429544,33,2014-11-18 10:01:59
4809,-10.91833997,-37.07488835,33,2014-11-18 10:02:09
4810,-10.91839598,-37.07608223,33,2014-11-18 10:02:20
4811,-10.91848014,-37.077586600000004,33,2014-11-18 10:02:31
4812,-10.91845126,-37.07872471,33,2014-11-18 10:02:41
4813,-10.91853722,-37.07971351,33,2014-11-18 10:02:51
4814,-10.91858856,-37.08101469,33,2014-11-18 10:03:02
4815,-10.91856093,-37.08130972,33,2014-11-18 10:03:13
4816,-10.91863132,-37.08159399,33,2014-11-18 10:03:23
4817,-10.91863097,-37.0826843,33,2014-11-18 10:03:33
4818,-10.91877317,-37.0844055,33,2014-11-18 10:03:44
4819,-10.91923248,-37.08607822,33,2014-11-18 10:03:55
4820,-10.91991725,-37.08772072,33,2014-11-18 10:04:06
4821,-10.92021272,-37.0885526,33,2014-11-18 10:04:17
4822,-10.92029294,-37.0893145,33,2014-11-18 10:04:28
4823,-10.92080031,-37.09004848,33,2014-11-18 10:04:39
4824,-10.92127702,-37.09126236,33,2014-11-18 10:04:50
4825,-10.92168856,-37.09240736,33,2014-11-18 10:05:00
4826,-10.92182484,-37.09275357,33,2014-11-18 10:05:11
4827,-10.921844,-37.09277982,33,2014-11-18 10:05:21
4828,-10.921923199999998,-37.09298061,33,2014-11-18 10:05:31
4829,-10.92198168,-37.09314702,33,2014-11-18 10:05:41
4830,-10.92198211,-37.09314559,33,2014-11-18 10:05:51
4831,-10.92197872,-37.09313835,33,2014-11-18 10:06:02
4832,-10.92198474,-37.09315315,33,2014-11-18 10:06:12
4833,-10.92201721,-37.09321265,33,2014-11-18 10:06:22
4834,-10.92204373,-37.09327943,33,2014-11-18 10:06:32
4835,-10.92203945,-37.09331084,33,2014-11-18 10:06:43
4836,-10.92209226,-37.09346881,33,2014-11-18 10:06:54
4837,-10.9221319,-37.09360129,33,2014-11-18 10:07:05
4838,-10.92213489,-37.09361729,33,2014-11-18 10:07:15
4839,-10.92220012,-37.09376768,33,2014-11-18 10:07:26
4840,-10.92224383,-37.09389621,33,2014-11-18 10:07:36
4841,-10.92229875,-37.09406197,33,2014-11-18 10:07:47
4842,-10.92231259,-37.09412253,33,2014-11-18 10:07:57
4843,-10.92232288,-37.09412419,33,2014-11-18 10:08:07
4844,-10.92238078,-37.09428239,33,2014-11-18 10:08:18
4845,-10.92239589,-37.09428834,33,2014-11-18 10:08:29
4846,-10.92246472,-37.09448227,33,2014-11-18 10:08:40
4847,-10.92249559,-37.094576399999994,33,2014-11-18 10:08:50
4848,-10.92251675,-37.09464045,33,2014-11-18 10:09:01
4849,-10.92260502,-37.09488827,33,2014-11-18 10:09:11
4850,-10.92264693,-37.09504228,33,2014-11-18 10:09:21
4851,-10.92265818,-37.09509681,33,2014-11-18 10:09:32
4852,-10.92270123,-37.095324,33,2014-11-18 10:09:43
4853,-10.92271163,-37.09555123,33,2014-11-18 10:09:53
4854,-10.92273434,-37.0956595,33,2014-11-18 10:10:04
4855,-10.92273551,-37.09580649,33,2014-11-18 10:10:14
4856,-10.92272208,-37.09613894,33,2014-11-18 10:10:24
4857,-10.92272138,-37.09624293,33,2014-11-18 10:10:35
4858,-10.92270692,-37.09635799,33,2014-11-18 10:10:45
4859,-10.92256523,-37.09683054,33,2014-11-18 10:10:55
4860,-10.92249965,-37.09699533,33,2014-11-18 10:11:06
4861,-10.92249912,-37.09700496,33,2014-11-18 10:11:17
4862,-10.922485400000001,-37.09704871,33,2014-11-18 10:11:28
4863,-10.92245081,-37.09715584,33,2014-11-18 10:11:38
4864,-10.92239153,-37.0973477,33,2014-11-18 10:11:49
4865,-10.92233273,-37.09750338,33,2014-11-18 10:11:59
4866,-10.92233884,-37.0975099,33,2014-11-18 10:12:10
4867,-10.92233905,-37.09751035,33,2014-11-18 10:12:21
4868,-10.9222754,-37.09767894,33,2014-11-18 10:12:32
4869,-10.89692496,-37.05343101,34,2014-11-28 12:06:00
4870,-10.89692465,-37.05346774,34,2014-11-28 12:06:06
4871,-10.8970004,-37.05345527,34,2014-11-28 12:06:12
4872,-10.89717474,-37.05350175,34,2014-11-28 12:06:17
4873,-10.89732716,-37.05350957,34,2014-11-28 12:06:22
4874,-10.89727414,-37.05364194,34,2014-11-28 12:06:28
4875,-10.89717581,-37.05381169,34,2014-11-28 12:06:33
4876,-10.89702882,-37.05389759,34,2014-11-28 12:06:39
4877,-10.8967586,-37.05383448,34,2014-11-28 12:06:45
4878,-10.89646047,-37.05375454,34,2014-11-28 12:06:50
4879,-10.89627174,-37.05373559,34,2014-11-28 12:06:55
4880,-10.89624563,-37.05376079999999,34,2014-11-28 12:07:03
4881,-10.89627822,-37.05410612,34,2014-11-28 12:07:09
4882,-10.896317699999999,-37.05447637,34,2014-11-28 12:07:14
4883,-10.89636799,-37.0549386,34,2014-11-28 12:07:19
4884,-10.8964745,-37.05541019,34,2014-11-28 12:07:24
4885,-10.89662228,-37.0559439,34,2014-11-28 12:07:29
4886,-10.89676376,-37.05655546,34,2014-11-28 12:07:35
4887,-10.8968868,-37.05715562,34,2014-11-28 12:07:41
4888,-10.89694701,-37.057479,34,2014-11-28 12:07:47
4889,-10.89706106,-37.05772865,34,2014-11-28 12:07:53
4890,-10.89715545,-37.05782452,34,2014-11-28 12:07:58
4891,-10.89735486,-37.05801203,34,2014-11-28 12:08:04
4892,-10.89756179,-37.05818514,34,2014-11-28 12:08:09
4893,-10.89764295,-37.058255700000004,34,2014-11-28 12:08:15
4894,-10.89765353,-37.05826085,34,2014-11-28 12:08:20
4895,-10.89765858,-37.05826217,34,2014-11-28 12:08:26
4896,-10.89765866,-37.05826259,34,2014-11-28 12:08:32
4897,-10.89766103,-37.05826372,34,2014-11-28 12:08:37
4898,-10.89766245,-37.05826445,34,2014-11-28 12:08:42
4899,-10.89766318,-37.05826491,34,2014-11-28 12:08:47
4900,-10.89768076,-37.058279299999995,34,2014-11-28 12:08:53
4901,-10.89783974,-37.05838996,34,2014-11-28 12:08:58
4902,-10.89807029,-37.05869555,34,2014-11-28 12:09:04
4903,-10.89825848,-37.05906569,34,2014-11-28 12:09:09
4904,-10.89840645,-37.05947031,34,2014-11-28 12:09:15
4905,-10.89846804,-37.05974263,34,2014-11-28 12:09:21
4906,-10.89852517,-37.06010479,34,2014-11-28 12:09:27
4907,-10.89842329,-37.06041584,34,2014-11-28 12:09:33
4908,-10.89804936,-37.06052958,34,2014-11-28 12:09:39
4909,-10.89766631,-37.06065634,34,2014-11-28 12:09:45
4910,-10.89734305,-37.06078343,34,2014-11-28 12:09:50
4911,-10.89716779,-37.06094955,34,2014-11-28 12:09:56
4912,-10.89726884,-37.06118471,34,2014-11-28 12:10:02
4913,-10.89735011,-37.06139208,34,2014-11-28 12:10:07
4914,-10.89732334,-37.06151764,34,2014-11-28 12:10:13
4915,-10.89721417,-37.06155201,34,2014-11-28 12:10:18
4916,-10.89718893,-37.06155198,34,2014-11-28 12:10:23
4917,-10.89718733,-37.06154678,34,2014-11-28 12:10:28
4918,-10.89718382,-37.06154027,34,2014-11-28 12:10:34
4919,-10.8971815,-37.06154302,34,2014-11-28 12:10:39
4920,-10.89718252,-37.06153744,35,2014-11-28 12:06:00
4921,-10.89717928,-37.06154183,35,2014-11-28 12:06:06
4922,-10.89719427,-37.06162388,35,2014-11-28 12:06:12
4923,-10.89740362,-37.06170339,35,2014-11-28 12:06:17
4924,-10.89748508,-37.06158833,35,2014-11-28 12:06:22
4925,-10.89743247,-37.06147908,35,2014-11-28 12:06:28
4926,-10.89773025,-37.06136172,35,2014-11-28 12:06:33
4927,-10.89817615,-37.06121401,35,2014-11-28 12:06:39
4928,-10.89838822,-37.06119026,35,2014-11-28 12:06:45
4929,-10.89846547,-37.06133559,35,2014-11-28 12:06:50
4930,-10.89847857,-37.06135715,35,2014-11-28 12:06:55
4931,-10.8984647,-37.06142127,35,2014-11-28 12:07:03
4932,-10.89839607,-37.06173579,35,2014-11-28 12:07:09
4933,-10.89846346,-37.06178951,35,2014-11-28 12:07:14
4934,-10.89862291,-37.06147323,35,2014-11-28 12:07:19
4935,-10.8987976,-37.06109532,35,2014-11-28 12:07:24
4936,-10.89912081,-37.0605383,35,2014-11-28 12:07:29
4937,-10.89952792,-37.06019947,35,2014-11-28 12:07:35
4938,-10.90019806,-37.0601987,35,2014-11-28 12:07:41
4939,-10.90092503,-37.06019532,35,2014-11-28 12:07:47
4940,-10.90144101,-37.05998673,35,2014-11-28 12:07:53
4941,-10.90187237,-37.05955134,35,2014-11-28 12:07:58
4942,-10.90227431,-37.05964394,35,2014-11-28 12:08:04
4943,-10.90257628,-37.05978713,35,2014-11-28 12:08:09
4944,-10.90270141,-37.05984812,35,2014-11-28 12:08:15
4945,-10.90297523,-37.0599222,35,2014-11-28 12:08:20
4946,-10.90341326,-37.06000922,35,2014-11-28 12:08:26
4947,-10.903924,-37.06024892,35,2014-11-28 12:08:32
4948,-10.90438876,-37.06042871,35,2014-11-28 12:08:37
4949,-10.90480213,-37.06056641,35,2014-11-28 12:08:42
4950,-10.90491238,-37.06062265,35,2014-11-28 12:08:47
4951,-10.90491834,-37.06062478,35,2014-11-28 12:08:53
4952,-10.90491399,-37.06062826,35,2014-11-28 12:08:58
4953,-10.90491404,-37.06062837,35,2014-11-28 12:09:04
4954,-10.90492721,-37.06063118,35,2014-11-28 12:09:09
4955,-10.90527481,-37.06073831,35,2014-11-28 12:09:15
4956,-10.9056133,-37.0608926,35,2014-11-28 12:09:21
4957,-10.90596027,-37.06107534,35,2014-11-28 12:09:27
4958,-10.90633685,-37.06129554,35,2014-11-28 12:09:33
4959,-10.90638657,-37.06172159,35,2014-11-28 12:09:39
4960,-10.90632397,-37.06219955,35,2014-11-28 12:09:45
4961,-10.90626305,-37.06272622,35,2014-11-28 12:09:50
4962,-10.90620849,-37.06322452,35,2014-11-28 12:09:56
4963,-10.90613043,-37.06392946,35,2014-11-28 12:10:02
4964,-10.9059863,-37.06466479,35,2014-11-28 12:10:07
4965,-10.90581971,-37.06542344,35,2014-11-28 12:10:13
4966,-10.90538927,-37.06614526,35,2014-11-28 12:10:18
4967,-10.90523179,-37.06684845,35,2014-11-28 12:10:23
4968,-10.90530215,-37.06775635,35,2014-11-28 12:10:28
4969,-10.90532315,-37.06854295,35,2014-11-28 12:10:34
4970,-10.90530999,-37.06898251,35,2014-11-28 12:10:39
4971,-10.90534177,-37.06945143,35,2014-11-28 12:10:57
4972,-10.90529468,-37.06988133,35,2014-11-28 12:11:03
4973,-10.90520903,-37.07045209,35,2014-11-28 12:11:08
4974,-10.90511702,-37.0710441,35,2014-11-28 12:11:13
4975,-10.90506513,-37.07151597,35,2014-11-28 12:11:19
4976,-10.90513088,-37.07168569,35,2014-11-28 12:11:24
4977,-10.90535913,-37.07171172,35,2014-11-28 12:11:30
4978,-10.905517999999999,-37.07172697,35,2014-11-28 12:11:36
4979,-10.9058173,-37.07175409,35,2014-11-28 12:11:41
4980,-10.90619432,-37.0718065,35,2014-11-28 12:11:47
4981,-10.90640428,-37.07183294,35,2014-11-28 12:11:52
4982,-10.90679616,-37.0718898,35,2014-11-28 12:11:58
4983,-10.90714975,-37.07190534,35,2014-11-28 12:12:04
4984,-10.90731855,-37.07193713,35,2014-11-28 12:12:10
4985,-10.90747746,-37.07196974,35,2014-11-28 12:12:16
4986,-10.90768244,-37.07200372,35,2014-11-28 12:12:21
4987,-10.90796666,-37.07202936,35,2014-11-28 12:12:27
4988,-10.90835309,-37.072075899999994,35,2014-11-28 12:12:32
4989,-10.90850061,-37.07228625,35,2014-11-28 12:12:38
4990,-10.90847072,-37.07253407,35,2014-11-28 12:12:44
4991,-10.908419,-37.07285023,35,2014-11-28 12:12:49
4992,-10.90837452,-37.0731016,35,2014-11-28 12:12:55
4993,-10.90808951,-37.07305897,35,2014-11-28 12:13:00
4994,-10.90780501,-37.07299979,35,2014-11-28 12:13:06
4995,-10.90771421,-37.07303244,35,2014-11-28 12:13:12
4996,-10.90773156,-37.07304193,35,2014-11-28 12:13:17
4997,-10.90773216,-37.07303937,35,2014-11-28 12:13:23
4998,-10.9077349,-37.07304259,35,2014-11-28 12:13:29
4999,-10.90773444,-37.07304379,35,2014-11-28 12:13:34
5000,-10.90773465,-37.07304339,35,2014-11-28 12:13:40
5001,-10.90773488,-37.07304307,35,2014-11-28 12:13:46
5002,-10.90773492,-37.07304313,35,2014-11-28 12:13:52
5003,-10.90773493,-37.07304317,35,2014-11-28 12:13:58
5004,-10.90773493,-37.07304317,35,2014-11-28 12:14:03
5005,-10.90773491,-37.07304324,35,2014-11-28 12:14:10
5006,-10.9077349,-37.07304328,35,2014-11-28 12:14:16
5007,-10.90773485,-37.07304348,35,2014-11-28 12:14:21
5008,-10.90773478,-37.07304368,35,2014-11-28 12:14:26
5009,-10.90773465,-37.07304389,35,2014-11-28 12:14:32
5010,-10.90769344,-37.07310355,35,2014-11-28 12:14:38
5011,-10.90772073,-37.07317623,35,2014-11-28 12:14:43
5012,-10.90775551,-37.07316745,35,2014-11-28 12:14:48
5013,-10.90765891,-37.07305151,35,2014-11-28 12:14:53
5014,-10.90766044,-37.07302627,35,2014-11-28 12:14:59
5015,-10.90762726,-37.07312806,35,2014-11-28 12:15:05
5016,-10.90766993,-37.07314672,35,2014-11-28 12:15:11
5017,-10.9075945,-37.07307496,35,2014-11-28 12:15:17
5018,-10.90757843,-37.07311326,35,2014-11-28 12:15:22
5019,-10.90770215,-37.07321334,35,2014-11-28 12:15:28
5020,-10.90775981,-37.07328701,35,2014-11-28 12:15:34
5021,-10.90773305,-37.07338943,35,2014-11-28 12:15:39
5022,-10.90780396,-37.07349019,35,2014-11-28 12:15:45
5023,-10.90774554,-37.07334824,35,2014-11-28 12:15:50
5024,-10.90778599,-37.07334086,35,2014-11-28 12:15:56
5025,-10.90772423,-37.07345392,35,2014-11-28 12:16:02
5026,-10.90763186,-37.07331128,35,2014-11-28 12:16:07
5027,-10.90771947,-37.07333281,35,2014-11-28 12:16:12
5028,-10.90776828,-37.07331933,35,2014-11-28 12:16:18
5029,-10.90773922,-37.07328206,35,2014-11-28 12:16:23
5030,-10.90775751,-37.07326267,35,2014-11-28 12:16:28
5031,-10.9079168,-37.07324445,35,2014-11-28 12:16:34
5032,-10.9078881,-37.07325607,35,2014-11-28 12:16:40
5033,-10.90794507,-37.07347514,35,2014-11-28 12:16:46
5034,-10.90796649,-37.07346901,35,2014-11-28 12:16:51
5035,-10.90790874,-37.073449100000005,35,2014-11-28 12:16:57
5036,-10.90785067,-37.07350005,35,2014-11-28 12:17:02
5037,-10.90783778,-37.07342061,35,2014-11-28 12:17:08
5038,-10.90792676,-37.07337003,35,2014-11-28 12:17:14
5039,-10.9078536,-37.07325889,35,2014-11-28 12:17:20
5040,-10.90786763,-37.07320771,35,2014-11-28 12:17:26
5041,-10.90776746,-37.0731938,35,2014-11-28 12:17:31
5042,-10.90768463,-37.07312922,35,2014-11-28 12:17:36
5043,-10.90778169,-37.07319702,35,2014-11-28 12:17:42
5044,-10.907764,-37.07329961,35,2014-11-28 12:17:48
5045,-10.90766187,-37.07325587,35,2014-11-28 12:17:53
5046,-10.90764612,-37.07318198,35,2014-11-28 12:17:59
5047,-10.90761881,-37.07315654,35,2014-11-28 12:18:05
5048,-10.90784353,-37.07341004,35,2014-11-28 12:18:11
5049,-10.90783896,-37.07341802,35,2014-11-28 12:18:16
5050,-10.90780446,-37.07331564,35,2014-11-28 12:18:22
5051,-10.90775324,-37.07321701,35,2014-11-28 12:18:28
5052,-10.90768318,-37.07321721,35,2014-11-28 12:18:33
5053,-10.90765836,-37.07319478,35,2014-11-28 12:18:38
5054,-10.90766332,-37.0731867,35,2014-11-28 12:18:43
5055,-10.9076861,-37.07317843,35,2014-11-28 12:18:48
5056,-10.90771507,-37.07319776,35,2014-11-28 12:18:53
5057,-10.90772807,-37.07322532,35,2014-11-28 12:18:59
5058,-10.907703,-37.07324562,35,2014-11-28 12:19:05
5059,-10.90771112,-37.07324491,35,2014-11-28 12:19:11
5060,-10.90772459,-37.07324626,35,2014-11-28 12:19:17
5061,-10.90772836,-37.07324979,35,2014-11-28 12:19:23
5062,-10.9077341,-37.07325302,35,2014-11-28 12:19:29
5063,-10.90773526,-37.07325474,35,2014-11-28 12:19:34
5064,-10.90773536,-37.07325477,35,2014-11-28 12:19:40
5065,-10.90773411,-37.0732529,35,2014-11-28 12:19:46
5066,-10.90773286,-37.07325047,35,2014-11-28 12:19:51
5067,-10.9077335,-37.07325118,35,2014-11-28 12:19:56
5068,-10.9077332,-37.07325138,35,2014-11-28 12:20:02
5069,-10.907786300000001,-37.07326522,35,2014-11-28 12:20:07
5070,-10.90776883,-37.07326307,35,2014-11-28 12:20:12
5071,-10.90778074,-37.07327006,35,2014-11-28 12:20:17
5072,-10.90777981,-37.07327252,35,2014-11-28 12:20:23
5073,-10.90779339,-37.07328283,35,2014-11-28 12:20:29
5074,-10.90779073,-37.07328262,35,2014-11-28 12:20:34
5075,-10.90779103,-37.07328268,35,2014-11-28 12:20:39
5076,-10.90779144,-37.07328265,35,2014-11-28 12:20:45
5077,-10.90779399,-37.07328369,35,2014-11-28 12:20:50
5078,-10.90779412,-37.0732838,35,2014-11-28 12:20:56
5079,-10.90779392,-37.07328378,35,2014-11-28 12:21:02
5080,-10.90779372,-37.07328371,35,2014-11-28 12:21:07
5081,-10.90779355,-37.07328362,35,2014-11-28 12:21:13
5082,-10.90779315,-37.07328342,35,2014-11-28 12:21:18
5083,-10.9077933,-37.07328338,35,2014-11-28 12:21:23
5084,-10.90779535,-37.07328394,35,2014-11-28 12:21:29
5085,-10.90779754,-37.07328453,35,2014-11-28 12:21:34
5086,-10.90779809,-37.07328453,35,2014-11-28 12:21:39
5087,-10.90779863,-37.07328463,35,2014-11-28 12:21:44
5088,-10.90779888,-37.07328472,35,2014-11-28 12:21:50
5089,-10.90779837,-37.07328456,35,2014-11-28 12:21:56
5090,-10.90779823,-37.07328453,35,2014-11-28 12:22:01
5091,-10.90779813,-37.07328447,35,2014-11-28 12:22:07
5092,-10.90779871,-37.07328465,35,2014-11-28 12:22:13
5093,-10.90779818,-37.07328458,35,2014-11-28 12:22:18
5094,-10.90779536,-37.073283700000005,35,2014-11-28 12:22:24
5095,-10.90779354,-37.07328315,35,2014-11-28 12:22:29
5096,-10.90779377,-37.07328328,35,2014-11-28 12:22:35
5097,-10.90779385,-37.07328332,35,2014-11-28 12:22:40
5098,-10.90779217,-37.07328266,35,2014-11-28 12:22:45
5099,-10.90778796,-37.07328124,35,2014-11-28 12:22:51
5100,-10.90778867,-37.07328162,35,2014-11-28 12:22:56
5101,-10.90778948,-37.07328197,35,2014-11-28 12:23:01
5102,-10.90778983,-37.07328208,35,2014-11-28 12:23:07
5103,-10.90778961,-37.07328202,35,2014-11-28 12:23:12
5104,-10.90778983,-37.07328209,35,2014-11-28 12:23:17
5105,-10.90779017,-37.07328225,35,2014-11-28 12:23:23
5106,-10.90779036,-37.07328234,35,2014-11-28 12:23:28
5107,-10.90778999,-37.07328225,35,2014-11-28 12:23:33
5108,-10.90778977,-37.0732822,35,2014-11-28 12:23:39
5109,-10.90778906,-37.0732821,35,2014-11-28 12:23:44
5110,-10.90778846,-37.07328193,35,2014-11-28 12:23:50
5111,-10.90778859,-37.07328198,35,2014-11-28 12:23:55
5112,-10.90778818,-37.07328181,35,2014-11-28 12:24:01
5113,-10.90778771,-37.07328161,35,2014-11-28 12:24:07
5114,-10.90778745,-37.07328153,35,2014-11-28 12:24:13
5115,-10.90778749,-37.07328161,35,2014-11-28 12:24:18
5116,-10.90778761,-37.07328166,35,2014-11-28 12:24:24
5117,-10.90778761,-37.07328166,35,2014-11-28 12:24:29
5118,-10.90778771,-37.07328169,35,2014-11-28 12:24:35
5119,-10.90778771,-37.07328169,35,2014-11-28 12:24:41
5120,-10.90778766,-37.07328172,35,2014-11-28 12:24:47
5121,-10.90778768,-37.07328182,35,2014-11-28 12:24:52
5122,-10.9077877,-37.07328185,35,2014-11-28 12:24:57
5123,-10.9077872,-37.07328168,35,2014-11-28 12:25:03
5124,-10.90778592,-37.07328124,35,2014-11-28 12:25:09
5125,-10.90778532,-37.07328103,35,2014-11-28 12:25:15
5126,-10.90778428,-37.0732805,35,2014-11-28 12:25:20
5127,-10.90754699,-37.07319218,36,2014-11-28 12:31:45
5128,-10.90759585,-37.07319506,36,2014-11-28 12:31:51
5129,-10.9077082,-37.07324967,36,2014-11-28 12:31:57
5130,-10.90763236,-37.07320339,36,2014-11-28 12:32:02
5131,-10.90762913,-37.07319632,36,2014-11-28 12:32:08
5132,-10.90763718,-37.07317905,36,2014-11-28 12:32:13
5133,-10.90767434,-37.07309863,36,2014-11-28 12:32:18
5134,-10.90769327,-37.07307087,36,2014-11-28 12:32:24
5135,-10.90770076,-37.07306912,36,2014-11-28 12:32:29
5136,-10.90769992,-37.07304174,36,2014-11-28 12:32:36
5137,-10.90757683,-37.07300081,36,2014-11-28 12:32:41
5138,-10.90746314,-37.07298155,36,2014-11-28 12:32:47
5139,-10.90732466,-37.07296265,36,2014-11-28 12:32:52
5140,-10.90708554,-37.07289457,36,2014-11-28 12:32:57
5141,-10.9067791,-37.07282857,36,2014-11-28 12:33:02
5142,-10.90649464,-37.07277726,36,2014-11-28 12:33:08
5143,-10.90630002,-37.07275099,36,2014-11-28 12:33:13
5144,-10.90621301,-37.07274919,36,2014-11-28 12:33:19
5145,-10.90613576,-37.07284962,36,2014-11-28 12:33:24
5146,-10.90609606,-37.07323772,36,2014-11-28 12:33:30
5147,-10.90602815,-37.07376109,36,2014-11-28 12:33:36
5148,-10.90595932,-37.07426836,36,2014-11-28 12:33:41
5149,-10.90591516,-37.07492447,36,2014-11-28 12:33:47
5150,-10.90582531,-37.07548636,36,2014-11-28 12:33:52
5151,-10.90573065,-37.07605645,36,2014-11-28 12:33:57
5152,-10.90566317,-37.07678046,36,2014-11-28 12:34:03
5153,-10.90557432,-37.07739057,36,2014-11-28 12:34:08
5154,-10.90546664,-37.07812601,36,2014-11-28 12:34:14
5155,-10.90536338,-37.07873587,36,2014-11-28 12:34:19
5156,-10.90527836,-37.07934027,36,2014-11-28 12:34:25
5157,-10.90523931,-37.07985264,36,2014-11-28 12:34:31
5158,-10.90520178,-37.08016526,36,2014-11-28 12:34:36
5159,-10.90532689,-37.08029644,36,2014-11-28 12:34:41
5160,-10.90560744,-37.08032659,36,2014-11-28 12:34:47
5161,-10.90590207,-37.08038496,36,2014-11-28 12:34:52
5162,-10.90608406,-37.08041609,36,2014-11-28 12:34:57
5163,-10.90628064,-37.08039857,36,2014-11-28 12:35:02
5164,-10.90645851,-37.0804606,36,2014-11-28 12:35:08
5165,-10.90686633,-37.08051724,36,2014-11-28 12:35:14
5166,-10.90723701,-37.08058572,36,2014-11-28 12:35:19
5167,-10.90736382,-37.08060631,36,2014-11-28 12:35:24
5168,-10.90749465,-37.08063367,36,2014-11-28 12:35:30
5169,-10.90785529,-37.08067943,36,2014-11-28 12:35:36
5170,-10.90814524,-37.08071371,36,2014-11-28 12:35:41
5171,-10.90851172,-37.08075643,36,2014-11-28 12:35:47
5172,-10.90881283,-37.08077875,36,2014-11-28 12:35:53
5173,-10.90902434,-37.08083326,36,2014-11-28 12:35:59
5174,-10.90903975,-37.08084789,36,2014-11-28 12:36:05
5175,-10.909043800000001,-37.080816999999996,36,2014-11-28 12:36:10
5176,-10.90906048,-37.08081048,36,2014-11-28 12:36:16
5177,-10.90912381,-37.08089971,36,2014-11-28 12:36:21
5178,-10.90909522,-37.08122334,36,2014-11-28 12:36:26
5179,-10.90902102,-37.08172835,36,2014-11-28 12:36:32
5180,-10.90893456,-37.08237169,36,2014-11-28 12:36:38
5181,-10.90884755,-37.08298138,36,2014-11-28 12:36:43
5182,-10.90876147,-37.08362995,36,2014-11-28 12:36:48
5183,-10.90867865,-37.08425827,36,2014-11-28 12:36:53
5184,-10.90859248,-37.08488043,36,2014-11-28 12:36:58
5185,-10.90851776,-37.0854507,36,2014-11-28 12:37:03
5186,-10.90845172,-37.08598135,36,2014-11-28 12:37:09
5187,-10.90843541,-37.08612208,36,2014-11-28 12:37:15
5188,-10.90844298,-37.08612846,36,2014-11-28 12:37:20
5189,-10.90846184,-37.08612094,36,2014-11-28 12:37:26
5190,-10.90846163,-37.08612116,36,2014-11-28 12:37:32
5191,-10.90846142,-37.08612127,36,2014-11-28 12:37:38
5192,-10.90844208,-37.08617853,36,2014-11-28 12:37:43
5193,-10.90837721,-37.08647175,36,2014-11-28 12:37:49
5194,-10.90818966,-37.08681415,36,2014-11-28 12:37:55
5195,-10.90779228,-37.08679646,36,2014-11-28 12:38:01
5196,-10.90747018,-37.08677262,36,2014-11-28 12:38:06
5197,-10.90737647,-37.08670116,36,2014-11-28 12:38:12
5198,-10.90765915,-37.08673374,36,2014-11-28 12:38:18
5199,-10.90802984,-37.08676817,36,2014-11-28 12:38:24
5200,-10.90827396,-37.08658708,36,2014-11-28 12:38:30
5201,-10.90831009,-37.08629521,36,2014-11-28 12:38:35
5202,-10.90832196,-37.08600846,36,2014-11-28 12:38:41
5203,-10.9082299,-37.08600959,36,2014-11-28 12:38:47
5204,-10.90806308,-37.08590875,36,2014-11-28 12:38:52
5205,-10.90792727,-37.08579138,36,2014-11-28 12:38:58
5206,-10.90787544,-37.08580317,36,2014-11-28 12:39:04
5207,-10.90774078,-37.08579621,36,2014-11-28 12:39:10
5208,-10.90770184,-37.08572861,36,2014-11-28 12:39:15
5209,-10.90772275,-37.08572997,36,2014-11-28 12:39:21
5210,-10.90772752,-37.08573463,36,2014-11-28 12:39:26
5211,-10.897180800000001,-37.06155066,37,2014-11-28 12:11:09
5212,-10.89718869,-37.06162439,37,2014-11-28 12:11:14
5213,-10.89742412,-37.06167293,37,2014-11-28 12:11:20
5214,-10.89744528,-37.06155455,37,2014-11-28 12:11:26
5215,-10.89746783,-37.06146327,37,2014-11-28 12:11:31
5216,-10.89772811,-37.06136364,37,2014-11-28 12:11:36
5217,-10.89818998,-37.06124433,37,2014-11-28 12:11:42
5218,-10.89842843,-37.06123614,37,2014-11-28 12:11:48
5219,-10.89847388,-37.0613637,37,2014-11-28 12:11:54
5220,-10.89848774,-37.06138193,37,2014-11-28 12:11:59
5221,-10.89850339,-37.06148852,37,2014-11-28 12:12:05
5222,-10.89840378,-37.06175274,37,2014-11-28 12:12:10
5223,-10.89846364,-37.06179104,37,2014-11-28 12:12:16
5224,-10.89858831,-37.06155682,37,2014-11-28 12:12:21
5225,-10.89883547,-37.0611017,37,2014-11-28 12:12:27
5226,-10.89909658,-37.06062497,37,2014-11-28 12:12:32
5227,-10.89952903,-37.06018855,37,2014-11-28 12:12:38
5228,-10.90019932,-37.06018909,37,2014-11-28 12:12:44
5229,-10.9007886,-37.06021447,37,2014-11-28 12:12:49
5230,-10.90142421,-37.06000121,37,2014-11-28 12:12:55
5231,-10.9017842,-37.05962181,37,2014-11-28 12:13:00
5232,-10.90218937,-37.05960394,37,2014-11-28 12:13:05
5233,-10.90253974,-37.05974549,37,2014-11-28 12:13:11
5234,-10.90266026,-37.05979813,37,2014-11-28 12:13:17
5235,-10.90296613,-37.0598997,37,2014-11-28 12:13:23
5236,-10.90332332,-37.05998245,37,2014-11-28 12:13:28
5237,-10.90382058,-37.06021094,37,2014-11-28 12:13:34
5238,-10.9042844,-37.06041996,37,2014-11-28 12:13:39
5239,-10.90470262,-37.06056787,37,2014-11-28 12:13:44
5240,-10.90489381,-37.06062812,37,2014-11-28 12:13:49
5241,-10.9049334,-37.06061649,37,2014-11-28 12:13:55
5242,-10.90493848,-37.06061419,37,2014-11-28 12:14:00
5243,-10.9049394,-37.06060884,37,2014-11-28 12:14:06
5244,-10.90493773,-37.06060923,37,2014-11-28 12:14:11
5245,-10.90504224,-37.06063836,37,2014-11-28 12:14:17
5246,-10.90536516,-37.06075172,37,2014-11-28 12:14:23
5247,-10.90569852,-37.06091364,37,2014-11-28 12:14:28
5248,-10.90610948,-37.0611136,37,2014-11-28 12:14:34
5249,-10.906419999999999,-37.061372799999994,37,2014-11-28 12:14:40
5250,-10.90637317,-37.06186013,37,2014-11-28 12:14:46
5251,-10.90630539,-37.06236211,37,2014-11-28 12:14:51
5252,-10.90622076,-37.0628772,37,2014-11-28 12:14:56
5253,-10.90618027,-37.0633921,37,2014-11-28 12:15:01
5254,-10.90606065,-37.06413063,37,2014-11-28 12:15:07
5255,-10.90591855,-37.06487062,37,2014-11-28 12:15:13
5256,-10.90574411,-37.06553769,37,2014-11-28 12:15:18
5257,-10.90533065,-37.06626148,37,2014-11-28 12:15:24
5258,-10.90525693,-37.06711145,37,2014-11-28 12:15:30
5259,-10.90531377,-37.06800125,37,2014-11-28 12:15:36
5260,-10.90531506,-37.06860343,37,2014-11-28 12:15:41
5261,-10.90527818,-37.06911628,37,2014-11-28 12:15:47
5262,-10.90527972,-37.06959898,37,2014-11-28 12:15:53
5263,-10.90522198,-37.07014876,37,2014-11-28 12:15:59
5264,-10.90513657,-37.07074964,37,2014-11-28 12:16:05
5265,-10.905062800000001,-37.07134335,37,2014-11-28 12:16:11
5266,-10.90509452,-37.0716695,37,2014-11-28 12:16:17
5267,-10.90526411,-37.07165618,37,2014-11-28 12:16:22
5268,-10.90545191,-37.07168472,37,2014-11-28 12:16:28
5269,-10.90580249,-37.07172462,37,2014-11-28 12:16:34
5270,-10.90615122,-37.07177916,37,2014-11-28 12:16:39
5271,-10.90630971,-37.0717955,37,2014-11-28 12:16:44
5272,-10.90656636,-37.07183645,37,2014-11-28 12:16:50
5273,-10.90704818,-37.0719083,37,2014-11-28 12:16:56
5274,-10.90724247,-37.07192819,37,2014-11-28 12:17:01
5275,-10.90739235,-37.07195203,37,2014-11-28 12:17:07
5276,-10.90761965,-37.07198039,37,2014-11-28 12:17:12
5277,-10.90781608,-37.07199738,37,2014-11-28 12:17:18
5278,-10.90811383,-37.07203264,37,2014-11-28 12:17:23
5279,-10.90844369,-37.07210854,37,2014-11-28 12:17:28
5280,-10.90849558,-37.07235589,37,2014-11-28 12:17:34
5281,-10.9084515,-37.07265171,37,2014-11-28 12:17:39
5282,-10.90840128,-37.07296659,37,2014-11-28 12:17:44
5283,-10.90828855,-37.07309443,37,2014-11-28 12:17:50
5284,-10.90785606,-37.07297925,37,2014-11-28 12:17:58
5285,-10.9077022,-37.07299012,37,2014-11-28 12:18:04
5286,-10.90772607,-37.07301938,37,2014-11-28 12:18:10
5287,-10.90771697,-37.073026399999996,37,2014-11-28 12:18:15
5288,-10.90771972,-37.07302801,37,2014-11-28 12:18:20
5289,-10.90772106,-37.07302776,37,2014-11-28 12:18:25
5290,-10.90772193,-37.07302782,37,2014-11-28 12:18:30
5291,-10.90771324,-37.07303871,37,2014-11-28 12:18:36
5292,-10.90771396,-37.0730367,37,2014-11-28 12:18:44
5293,-10.90772401,-37.07302598,37,2014-11-28 12:18:50
5294,-10.90772591,-37.07303821,37,2014-11-28 12:18:56
5295,-10.90775902,-37.07305543,37,2014-11-28 12:19:02
5296,-10.90775857,-37.07311253,37,2014-11-28 12:19:08
5297,-10.90777369,-37.07309658,37,2014-11-28 12:19:14
5298,-10.90776976,-37.07309997,37,2014-11-28 12:19:19
5299,-10.90777075,-37.073145000000004,37,2014-11-28 12:19:25
5300,-10.90775509,-37.07318249,37,2014-11-28 12:19:30
5301,-10.90775798,-37.07319062,37,2014-11-28 12:19:36
5302,-10.90776313,-37.07319222,37,2014-11-28 12:19:41
5303,-10.9077618,-37.07321398,37,2014-11-28 12:19:47
5304,-10.90776175,-37.07321605,37,2014-11-28 12:19:52
5305,-10.90776169,-37.07321614,37,2014-11-28 12:19:57
5306,-10.90776164,-37.07321613,37,2014-11-28 12:20:02
5307,-10.907761599999999,-37.07321626,37,2014-11-28 12:20:08
5308,-10.90776155,-37.07321635,37,2014-11-28 12:20:14
5309,-10.9077614,-37.07321646,37,2014-11-28 12:20:19
5310,-10.90776135,-37.07321659,37,2014-11-28 12:20:24
5311,-10.90776131,-37.07321683,37,2014-11-28 12:20:29
5312,-10.90776121,-37.07321697,37,2014-11-28 12:20:35
5313,-10.90776118,-37.07321703,37,2014-11-28 12:20:40
5314,-10.90776117,-37.07321705,37,2014-11-28 12:20:45
5315,-10.90776117,-37.07321704,37,2014-11-28 12:20:50
5316,-10.90776116,-37.07321702,37,2014-11-28 12:20:56
5317,-10.90776114,-37.07321702,37,2014-11-28 12:21:01
5318,-10.90771625,-37.07303227,38,2014-11-28 12:11:09
5319,-10.90771624,-37.07303214,38,2014-11-28 12:11:14
5320,-10.90771621,-37.07303224,38,2014-11-28 12:11:20
5321,-10.90771622,-37.07303236,38,2014-11-28 12:11:26
5322,-10.90771621,-37.07303244,38,2014-11-28 12:11:31
5323,-10.90771621,-37.07303243,38,2014-11-28 12:11:36
5324,-10.9077138,-37.073032399999995,38,2014-11-28 12:11:42
5325,-10.90771956,-37.07302445,38,2014-11-28 12:11:48
5326,-10.90773058,-37.07301187,38,2014-11-28 12:11:54
5327,-10.90772665,-37.07301823,38,2014-11-28 12:11:59
5328,-10.9077276,-37.07301605,38,2014-11-28 12:12:05
5329,-10.90772117,-37.0730213,38,2014-11-28 12:12:10
5330,-10.90771726,-37.07303006,38,2014-11-28 12:12:16
5331,-10.90772281,-37.07302675,38,2014-11-28 12:12:21
5332,-10.90772586,-37.0730088,38,2014-11-28 12:12:27
5333,-10.90763096,-37.07298386,38,2014-11-28 12:12:32
5334,-10.90748091,-37.0729546,38,2014-11-28 12:12:38
5335,-10.90734827,-37.0729344,38,2014-11-28 12:12:44
5336,-10.90705681,-37.07286523,38,2014-11-28 12:12:49
5337,-10.90672721,-37.07280253,38,2014-11-28 12:12:55
5338,-10.90644074,-37.07276393,38,2014-11-28 12:13:00
5339,-10.906308300000001,-37.07274944,38,2014-11-28 12:13:05
5340,-10.90619644,-37.0727446,38,2014-11-28 12:13:11
5341,-10.90614522,-37.07295142,38,2014-11-28 12:13:17
5342,-10.90609305,-37.07329552,38,2014-11-28 12:13:23
5343,-10.90603725,-37.07374179,38,2014-11-28 12:13:28
5344,-10.9059601,-37.07437689,38,2014-11-28 12:13:34
5345,-10.90588589,-37.07490722,38,2014-11-28 12:13:39
5346,-10.90576216,-37.07560776,38,2014-11-28 12:13:44
5347,-10.90568731,-37.07631085,38,2014-11-28 12:13:49
5348,-10.90561029,-37.07692335,38,2014-11-28 12:13:55
5349,-10.90549455,-37.07779,38,2014-11-28 12:14:00
5350,-10.90541843,-37.07841997,38,2014-11-28 12:14:06
5351,-10.9053368,-37.07907588,38,2014-11-28 12:14:11
5352,-10.90527343,-37.07952345,38,2014-11-28 12:14:17
5353,-10.90522613,-37.07999903,38,2014-11-28 12:14:23
5354,-10.9052299,-37.08024244,38,2014-11-28 12:14:28
5355,-10.90539948,-37.08029811,38,2014-11-28 12:14:34
5356,-10.9056681,-37.08033288,38,2014-11-28 12:14:40
5357,-10.90601602,-37.08039133,38,2014-11-28 12:14:46
5358,-10.90619684,-37.08042973,38,2014-11-28 12:14:51
5359,-10.90636187,-37.08045348,38,2014-11-28 12:14:56
5360,-10.90672898,-37.08049301,38,2014-11-28 12:15:01
5361,-10.90717718,-37.08054484,38,2014-11-28 12:15:07
5362,-10.90737539,-37.080583600000004,38,2014-11-28 12:15:13
5363,-10.90751281,-37.08059319,38,2014-11-28 12:15:18
5364,-10.90779928,-37.08062023,38,2014-11-28 12:15:24
5365,-10.9080962,-37.08068297,38,2014-11-28 12:15:30
5366,-10.90845468,-37.08072999,38,2014-11-28 12:15:36
5367,-10.90871069,-37.08076646,38,2014-11-28 12:15:41
5368,-10.90894129,-37.08079231,38,2014-11-28 12:15:47
5369,-10.90902689,-37.08081558,38,2014-11-28 12:15:53
5370,-10.90902947,-37.08080141,38,2014-11-28 12:15:59
5371,-10.90903538,-37.08079924,38,2014-11-28 12:16:05
5372,-10.90907442,-37.08081225,38,2014-11-28 12:16:11
5373,-10.90911501,-37.08114941,38,2014-11-28 12:16:17
5374,-10.90906076,-37.08161303,38,2014-11-28 12:16:22
5375,-10.90898726,-37.08212017,38,2014-11-28 12:16:28
5376,-10.90889052,-37.08283975,38,2014-11-28 12:16:34
5377,-10.90879301,-37.08361282,38,2014-11-28 12:16:39
5378,-10.90871305,-37.08425276,38,2014-11-28 12:16:44
5379,-10.90861591,-37.08486713,38,2014-11-28 12:16:50
5380,-10.90851623,-37.08553065,38,2014-11-28 12:16:56
5381,-10.90846731,-37.08601779999999,38,2014-11-28 12:17:01
5382,-10.90845536,-37.08610232,38,2014-11-28 12:17:07
5383,-10.90845595,-37.08611375,38,2014-11-28 12:17:12
5384,-10.9084509,-37.08611201,38,2014-11-28 12:17:18
5385,-10.90845521,-37.08610801,38,2014-11-28 12:17:23
5386,-10.9084506,-37.08609912,38,2014-11-28 12:17:28
5387,-10.90843121,-37.08619145,38,2014-11-28 12:17:34
5388,-10.9083686,-37.08650337,38,2014-11-28 12:17:39
5389,-10.90820442,-37.086782,38,2014-11-28 12:17:44
5390,-10.90780798,-37.08678804,38,2014-11-28 12:17:50
5391,-10.90749582,-37.08677075,38,2014-11-28 12:17:58
5392,-10.90740996,-37.08669704,38,2014-11-28 12:18:04
5393,-10.90759873,-37.0867149,38,2014-11-28 12:18:10
5394,-10.90797413,-37.08675983,38,2014-11-28 12:18:15
5395,-10.90827996,-37.086636999999996,38,2014-11-28 12:18:20
5396,-10.90833945,-37.08635191,38,2014-11-28 12:18:25
5397,-10.90838955,-37.08605658,38,2014-11-28 12:18:30
5398,-10.90827903,-37.08599066,38,2014-11-28 12:18:36
5399,-10.90812825,-37.08591648,38,2014-11-28 12:18:44
5400,-10.90796556,-37.08577903,38,2014-11-28 12:18:50
5401,-10.90794885,-37.08578914,38,2014-11-28 12:18:56
5402,-10.90781846,-37.08580396,38,2014-11-28 12:19:02
5403,-10.90773961,-37.08576102,38,2014-11-28 12:19:08
5404,-10.90775722,-37.08573488,38,2014-11-28 12:19:14
5749,-10.89686099,-37.05344896,41,2014-11-29 08:09:51
5750,-10.89693721,-37.0534533,41,2014-11-29 08:09:56
5751,-10.89705522,-37.05344483,41,2014-11-29 08:10:01
5752,-10.89717157,-37.05345561,41,2014-11-29 08:10:06
5753,-10.89727127,-37.05347665,41,2014-11-29 08:10:12
5754,-10.89725373,-37.05354416,41,2014-11-29 08:10:18
5755,-10.89723368,-37.05354297,41,2014-11-29 08:10:23
5756,-10.89723382,-37.05354558,41,2014-11-29 08:10:29
5757,-10.897276300000001,-37.05348976,41,2014-11-29 08:10:35
5758,-10.89729573,-37.0534643,41,2014-11-29 08:10:40
5759,-10.89726926,-37.05345947,41,2014-11-29 08:10:45
5760,-10.89717606,-37.05345021,41,2014-11-29 08:10:51
5761,-10.89711205,-37.05344467,41,2014-11-29 08:10:56
5762,-10.89711966,-37.05345642,41,2014-11-29 08:11:01
5763,-10.89706318,-37.05343259,41,2014-11-29 08:11:07
5764,-10.896962400000001,-37.05341511,41,2014-11-29 08:11:12
5765,-10.89694716,-37.05343193,41,2014-11-29 08:11:18
5766,-10.89694136,-37.05343332,41,2014-11-29 08:11:23
5767,-10.89693797,-37.05343195,41,2014-11-29 08:11:29
5768,-10.89693783,-37.05343187,41,2014-11-29 08:11:35
5769,-10.89693743,-37.05343375,41,2014-11-29 08:11:41
5770,-10.89693735,-37.0534336,41,2014-11-29 08:11:47
5771,-10.89693724,-37.05343263,41,2014-11-29 08:11:53
5772,-10.89693722,-37.0534323,41,2014-11-29 08:11:58
5773,-10.896937199999998,-37.05343218,41,2014-11-29 08:12:03
5774,-10.89693715,-37.05343206,41,2014-11-29 08:12:08
5775,-10.89693706,-37.05343204,41,2014-11-29 08:12:14
5776,-10.89693774,-37.05343332,41,2014-11-29 08:12:20
5777,-10.896937699999999,-37.05343338,41,2014-11-29 08:12:25
5778,-10.89693767,-37.0534333,41,2014-11-29 08:12:31
5779,-10.89693758,-37.05343335,41,2014-11-29 08:12:36
5780,-10.89693755,-37.05343334,41,2014-11-29 08:12:41
5781,-10.89693756,-37.05343333,41,2014-11-29 08:12:47
5782,-10.89693758,-37.05343335,41,2014-11-29 08:12:52
5783,-10.89693763,-37.05343334,41,2014-11-29 08:12:58
5784,-10.896933500000001,-37.05343393,41,2014-11-29 08:13:03
5785,-10.89686042,-37.05342615,41,2014-11-29 08:13:08
5786,-10.89672297,-37.05339952,41,2014-11-29 08:13:14
5787,-10.89659575,-37.05337715,41,2014-11-29 08:13:19
5788,-10.89652205,-37.05337756,41,2014-11-29 08:13:24
5789,-10.896438,-37.05335770000001,41,2014-11-29 08:13:29
5790,-10.89630552,-37.053335,41,2014-11-29 08:13:35
5791,-10.89626153,-37.053331799999995,41,2014-11-29 08:13:40
5792,-10.89625114,-37.05333062,41,2014-11-29 08:13:46
5793,-10.896238,-37.05333157,41,2014-11-29 08:13:51
5794,-10.89620048,-37.05344613,41,2014-11-29 08:13:57
5795,-10.89623369,-37.05384262,41,2014-11-29 08:14:03
5796,-10.89627845,-37.05421989,41,2014-11-29 08:14:08
5797,-10.89634766,-37.05457541,41,2014-11-29 08:14:13
5798,-10.89640117,-37.05512891,41,2014-11-29 08:14:19
5799,-10.89653134,-37.05566651,41,2014-11-29 08:14:25
5800,-10.89663552,-37.05607152,41,2014-11-29 08:14:30
5801,-10.89672798,-37.05649077,41,2014-11-29 08:14:35
5802,-10.89678456,-37.05692059,41,2014-11-29 08:14:40
5803,-10.89689061,-37.05733192,41,2014-11-29 08:14:46
5804,-10.89691608,-37.0575093,41,2014-11-29 08:14:51
5805,-10.89705239,-37.05774108,41,2014-11-29 08:14:57
5806,-10.89715276,-37.05782963,41,2014-11-29 08:15:02
5807,-10.89732301,-37.05802741,41,2014-11-29 08:15:07
5808,-10.89755128,-37.05823953,41,2014-11-29 08:15:13
5809,-10.89761243,-37.05822844,41,2014-11-29 08:15:19
5810,-10.89761858,-37.05823466,41,2014-11-29 08:15:24
5811,-10.89762291,-37.05823307,41,2014-11-29 08:15:30
5812,-10.89762227,-37.05823418,41,2014-11-29 08:15:35
5813,-10.89762376,-37.05823416,41,2014-11-29 08:15:40
5814,-10.89762288,-37.0582299,41,2014-11-29 08:15:46
5815,-10.89762471,-37.05823424,41,2014-11-29 08:15:52
5816,-10.89762482,-37.05823395,41,2014-11-29 08:15:58
5817,-10.89762301,-37.05823309,41,2014-11-29 08:16:04
5818,-10.89762167,-37.05823402,41,2014-11-29 08:16:10
5819,-10.89762179,-37.05823398,41,2014-11-29 08:16:15
5820,-10.89775877,-37.05832669,41,2014-11-29 08:16:21
5821,-10.89815749,-37.05828102,41,2014-11-29 08:16:27
5822,-10.89869312,-37.05789685,41,2014-11-29 08:16:33
5823,-10.8992826,-37.05746347,41,2014-11-29 08:16:39
5824,-10.89970946,-37.05716411,41,2014-11-29 08:16:44
5825,-10.90016955,-37.05679632,41,2014-11-29 08:16:50
5826,-10.90085337,-37.05632363,41,2014-11-29 08:16:56
5827,-10.90149911,-37.05583535,41,2014-11-29 08:17:02
5828,-10.90201279,-37.05545479999999,41,2014-11-29 08:17:07
5829,-10.90258852,-37.05507319,41,2014-11-29 08:17:13
5830,-10.90280326,-37.05492959,41,2014-11-29 08:17:19
5831,-10.90280396,-37.05493006,41,2014-11-29 08:17:25
5832,-10.90280421,-37.05492806,41,2014-11-29 08:17:31
5833,-10.90280453,-37.05493014,41,2014-11-29 08:17:36
5834,-10.90280452,-37.05493006,41,2014-11-29 08:17:42
5835,-10.90280451,-37.05493003,41,2014-11-29 08:17:48
5836,-10.90280446,-37.05492995,41,2014-11-29 08:17:53
5837,-10.90280425,-37.05493045,41,2014-11-29 08:17:59
5838,-10.90280423,-37.05493052,41,2014-11-29 08:18:04
5839,-10.90280413,-37.05493048,41,2014-11-29 08:18:10
5840,-10.90280397,-37.05492944,41,2014-11-29 08:18:16
5841,-10.90280409,-37.05492914,41,2014-11-29 08:18:21
5842,-10.90294602,-37.05481816,41,2014-11-29 08:18:26
5843,-10.90330155,-37.05457325,41,2014-11-29 08:18:32
5844,-10.90357059,-37.054411200000004,41,2014-11-29 08:18:37
5845,-10.90365413,-37.05436991,41,2014-11-29 08:18:43
5846,-10.90366065,-37.05436829999999,41,2014-11-29 08:18:48
5847,-10.90365926,-37.05436105,41,2014-11-29 08:18:53
5848,-10.90366,-37.05435948,41,2014-11-29 08:18:59
5849,-10.90373985,-37.05429993,41,2014-11-29 08:19:04
5850,-10.90374259,-37.05430034,41,2014-11-29 08:19:09
5851,-10.90374198,-37.05429966,41,2014-11-29 08:19:14
5852,-10.90374131,-37.05429973,41,2014-11-29 08:19:20
5853,-10.90382827,-37.054241,41,2014-11-29 08:19:26
5854,-10.90393562,-37.05422427,41,2014-11-29 08:19:31
5855,-10.90395067,-37.05432954,41,2014-11-29 08:19:36
5856,-10.90395318,-37.05483939,41,2014-11-29 08:19:42
5857,-10.90392514,-37.05536048,41,2014-11-29 08:19:47
5858,-10.90393549,-37.05595101,41,2014-11-29 08:19:52
5859,-10.90391406,-37.05664754,41,2014-11-29 08:19:58
5860,-10.90391021,-37.05706305,41,2014-11-29 08:20:03
5861,-10.90387924,-37.05756551,41,2014-11-29 08:20:08
5862,-10.903876499999999,-37.05793489,41,2014-11-29 08:20:14
5863,-10.904157199999998,-37.05801508,41,2014-11-29 08:20:19
5864,-10.90459303,-37.05799834,41,2014-11-29 08:20:25
5865,-10.90493693,-37.05797514,41,2014-11-29 08:20:30
5866,-10.90509911,-37.05798523,41,2014-11-29 08:20:35
5867,-10.90518242,-37.05803964,41,2014-11-29 08:20:41
5868,-10.90530625,-37.05796098,41,2014-11-29 08:20:46
5869,-10.90527093,-37.05768461,41,2014-11-29 08:20:51
5870,-10.90527098,-37.05766905,41,2014-11-29 08:20:57
5871,-10.90527406,-37.05766678,41,2014-11-29 08:21:02
5872,-10.90527287,-37.0576705,41,2014-11-29 08:21:08
5873,-10.90527304,-37.0576707,41,2014-11-29 08:21:14
5874,-10.905273,-37.05767085,41,2014-11-29 08:21:19
5875,-10.90527316,-37.05767111,41,2014-11-29 08:21:25
5876,-10.90527318,-37.05767144,41,2014-11-29 08:21:31
5877,-10.90543411,-37.05761463,41,2014-11-29 08:21:36
5878,-10.90573656,-37.05759361,41,2014-11-29 08:21:42
5879,-10.90596388,-37.05760334,41,2014-11-29 08:21:48
5880,-10.90596229,-37.05760521,41,2014-11-29 08:21:53
5881,-10.90596592,-37.05760315,41,2014-11-29 08:21:58
5882,-10.90596383,-37.05760963,41,2014-11-29 08:22:04
5883,-10.90596363,-37.05760962,41,2014-11-29 08:22:09
5884,-10.9059644,-37.05761259,41,2014-11-29 08:22:14
5885,-10.90596433,-37.05761235,41,2014-11-29 08:22:19
5886,-10.90596297,-37.05761177,41,2014-11-29 08:22:24
5887,-10.90596298,-37.05761096,41,2014-11-29 08:22:30
5888,-10.90596264,-37.05761145,41,2014-11-29 08:22:36
5889,-10.90596263,-37.05761142,41,2014-11-29 08:22:41
5890,-10.90596343,-37.05761179,41,2014-11-29 08:22:47
5891,-10.90596348,-37.05761177,41,2014-11-29 08:22:52
5892,-10.90596336,-37.05761165,41,2014-11-29 08:22:57
5893,-10.90596327,-37.05761153,41,2014-11-29 08:23:02
5894,-10.90596325,-37.05761155,41,2014-11-29 08:23:07
5895,-10.90596323,-37.05761165,41,2014-11-29 08:23:12
5896,-10.90596324,-37.0576117,41,2014-11-29 08:23:18
5897,-10.90596325,-37.05761167,41,2014-11-29 08:23:23
5898,-10.90596325,-37.05761157,41,2014-11-29 08:23:29
5899,-10.90596326,-37.0576115,41,2014-11-29 08:23:35
5900,-10.90607802,-37.05760426,41,2014-11-29 08:23:40
5901,-10.90634643,-37.05760594,41,2014-11-29 08:23:46
5902,-10.90672314,-37.05758129,41,2014-11-29 08:23:52
5903,-10.90709748,-37.057586,41,2014-11-29 08:23:57
5904,-10.90753835,-37.05755581,41,2014-11-29 08:24:02
5905,-10.90811332,-37.05756689,41,2014-11-29 08:24:08
5906,-10.90860397,-37.05760809,41,2014-11-29 08:24:13
5907,-10.909075300000001,-37.05756661,41,2014-11-29 08:24:18
5908,-10.9096539,-37.05754986,41,2014-11-29 08:24:23
5909,-10.90995752,-37.05753468,41,2014-11-29 08:24:28
5910,-10.91006144,-37.05751579,41,2014-11-29 08:24:33
5911,-10.91004661,-37.0575065,41,2014-11-29 08:24:38
5912,-10.91005603,-37.05751226,41,2014-11-29 08:24:44
5913,-10.91005705,-37.05751588,41,2014-11-29 08:24:49
5914,-10.91005792,-37.05751589,41,2014-11-29 08:24:55
5915,-10.91013307,-37.05751772,41,2014-11-29 08:25:01
5916,-10.91058496,-37.05747263,41,2014-11-29 08:25:07
5917,-10.91120078,-37.05747363,41,2014-11-29 08:25:13
5918,-10.91163176,-37.057527,41,2014-11-29 08:25:18
5919,-10.912180900000001,-37.057521,41,2014-11-29 08:25:24
5920,-10.91259493,-37.05758045,41,2014-11-29 08:25:29
5921,-10.91274767,-37.05723311,41,2014-11-29 08:25:34
5922,-10.91276811,-37.05663088,41,2014-11-29 08:25:40
5923,-10.91276491,-37.05609971,41,2014-11-29 08:25:46
5924,-10.912777400000001,-37.05563264,41,2014-11-29 08:25:51
5925,-10.91273711,-37.05522294,41,2014-11-29 08:25:56
5926,-10.91307303,-37.05508605,41,2014-11-29 08:26:02
5927,-10.91356392,-37.05509025,41,2014-11-29 08:26:07
5928,-10.91376179,-37.05512782,41,2014-11-29 08:26:12
5929,-10.91375397,-37.05514677,41,2014-11-29 08:26:18
5930,-10.91375847,-37.05515562,41,2014-11-29 08:26:24
5931,-10.91376544,-37.05515193,41,2014-11-29 08:26:29
5932,-10.91391601,-37.05514713,41,2014-11-29 08:26:35
5933,-10.914306100000001,-37.05514649,41,2014-11-29 08:26:40
5934,-10.91477827,-37.05512312,41,2014-11-29 08:26:45
5935,-10.91528248,-37.0551066,41,2014-11-29 08:26:51
5936,-10.91565322,-37.05511196,41,2014-11-29 08:26:56
5937,-10.91577409,-37.05513857,41,2014-11-29 08:27:01
5938,-10.91579186,-37.05514284,41,2014-11-29 08:27:06
5939,-10.91579899,-37.05513611,41,2014-11-29 08:27:11
5940,-10.91579783,-37.05513619,41,2014-11-29 08:27:16
5941,-10.91584888,-37.05514396,41,2014-11-29 08:27:21
5942,-10.91627775,-37.05515006,41,2014-11-29 08:27:27
5943,-10.91682893,-37.05516577,41,2014-11-29 08:27:33
5944,-10.91723885,-37.05516826,41,2014-11-29 08:27:38
5945,-10.91772074,-37.05518667,41,2014-11-29 08:27:44
5946,-10.91810579,-37.05519399,41,2014-11-29 08:27:49
5947,-10.9181153,-37.05518942,41,2014-11-29 08:27:54
5948,-10.91811681,-37.05519236,41,2014-11-29 08:27:59
5949,-10.91811935,-37.05518042,41,2014-11-29 08:28:04
5950,-10.91811121,-37.05517797,41,2014-11-29 08:28:10
5951,-10.91811131,-37.05517804,41,2014-11-29 08:28:15
5952,-10.91811277,-37.05517883,41,2014-11-29 08:28:20
5953,-10.91811293,-37.05517902,41,2014-11-29 08:28:25
5954,-10.91811302,-37.05517911,41,2014-11-29 08:28:30
5955,-10.91813507,-37.05518002,41,2014-11-29 08:28:35
5956,-10.918528199999999,-37.05518218,41,2014-11-29 08:28:41
5957,-10.91870767,-37.05518847,41,2014-11-29 08:28:47
5958,-10.91918526,-37.05518449,41,2014-11-29 08:28:53
5959,-10.91960495,-37.05516851,41,2014-11-29 08:28:58
5960,-10.92005227,-37.05519379,41,2014-11-29 08:29:04
5961,-10.92040972,-37.05517968,41,2014-11-29 08:29:09
5962,-10.92080105,-37.05520166,41,2014-11-29 08:29:15
5963,-10.92081335,-37.05501274,41,2014-11-29 08:29:21
5964,-10.92080807,-37.05461955,41,2014-11-29 08:29:26
5965,-10.92083729,-37.05417959,41,2014-11-29 08:29:32
5966,-10.920831300000001,-37.05381798,41,2014-11-29 08:29:37
5967,-10.9208616,-37.05327352,41,2014-11-29 08:29:43
5968,-10.92081295,-37.05304507,41,2014-11-29 08:29:48
5969,-10.92077584,-37.05295947,41,2014-11-29 08:29:53
5970,-10.92077671,-37.05279715,41,2014-11-29 08:29:58
5971,-10.92079799,-37.05238267,41,2014-11-29 08:30:03
5972,-10.9207835,-37.05187777,41,2014-11-29 08:30:09
5973,-10.92077413,-37.051793100000005,41,2014-11-29 08:30:14
5974,-10.92080074,-37.0516171,41,2014-11-29 08:30:19
5975,-10.92078394,-37.05123047,41,2014-11-29 08:30:24
5976,-10.92082893,-37.05087082,41,2014-11-29 08:30:29
5977,-10.92091268,-37.05054081,41,2014-11-29 08:30:35
5978,-10.92093913,-37.05041335,41,2014-11-29 08:30:40
5979,-10.92089992,-37.05035111,41,2014-11-29 08:30:46
5980,-10.92095368,-37.05035035,41,2014-11-29 08:30:51
5981,-10.92096612,-37.05034904,41,2014-11-29 08:30:57
5982,-10.920945199999998,-37.0502424,41,2014-11-29 08:31:03
5983,-10.92093079,-37.04957257,41,2014-11-29 08:31:08
5984,-10.92099384,-37.04927433,41,2014-11-29 08:31:14
5985,-10.92100519,-37.04920786,41,2014-11-29 08:31:20
5986,-10.92102036,-37.04912889,41,2014-11-29 08:31:25
5987,-10.92112316,-37.04859913,41,2014-11-29 08:31:31
5988,-10.92119254,-37.04840335,41,2014-11-29 08:31:36
5989,-10.92113585,-37.04824461,41,2014-11-29 08:31:41
5990,-10.92115145,-37.04780391,41,2014-11-29 08:31:47
5991,-10.92120036,-37.04735152,41,2014-11-29 08:31:52
5992,-10.92126886,-37.04688147,41,2014-11-29 08:31:57
5993,-10.9213142,-37.04645695,41,2014-11-29 08:32:02
5994,-10.92136322,-37.0460409,41,2014-11-29 08:32:07
5995,-10.921301300000001,-37.04589336,41,2014-11-29 08:32:13
5996,-10.92136569,-37.0457349,41,2014-11-29 08:32:19
5997,-10.92164706,-37.0455916,41,2014-11-29 08:32:24
5998,-10.92223095,-37.04527317,41,2014-11-29 08:32:30
5999,-10.9228051,-37.04500639,41,2014-11-29 08:32:35
6000,-10.92337679,-37.04476656,41,2014-11-29 08:32:40
6001,-10.92394869,-37.04456994,41,2014-11-29 08:32:45
6002,-10.92446491,-37.04437407,41,2014-11-29 08:32:50
6003,-10.92497106,-37.04418048,41,2014-11-29 08:32:55
6004,-10.92555328,-37.04397535,41,2014-11-29 08:33:01
6005,-10.92605843,-37.04377582,41,2014-11-29 08:33:06
6006,-10.92664815,-37.04355639,41,2014-11-29 08:33:11
6007,-10.92731069,-37.04335404,41,2014-11-29 08:33:17
6008,-10.92794031,-37.04335064,41,2014-11-29 08:33:22
6009,-10.92853126,-37.0437636,41,2014-11-29 08:33:30
6010,-10.92901433,-37.04438265,41,2014-11-29 08:33:35
6011,-10.9293338,-37.04482733,41,2014-11-29 08:33:41
6012,-10.92968765,-37.04527976,41,2014-11-29 08:33:47
6013,-10.93011096,-37.04584829,41,2014-11-29 08:33:53
6014,-10.93044912,-37.046298,41,2014-11-29 08:33:58
6015,-10.93085014,-37.046853999999996,41,2014-11-29 08:34:04
6016,-10.93119501,-37.04728568,41,2014-11-29 08:34:09
6017,-10.93155167,-37.04766149,41,2014-11-29 08:34:14
6018,-10.93203225,-37.0480964,41,2014-11-29 08:34:20
6019,-10.93250678,-37.04857554,41,2014-11-29 08:34:25
6020,-10.93307043,-37.04911805,41,2014-11-29 08:34:31
6021,-10.9335426,-37.04953602,41,2014-11-29 08:34:36
6022,-10.93388549,-37.04981417,41,2014-11-29 08:34:41
6023,-10.93433556,-37.0500854,41,2014-11-29 08:34:47
6024,-10.93469431,-37.05024372,41,2014-11-29 08:34:53
6025,-10.93469704,-37.05024154,41,2014-11-29 08:34:59
6026,-10.93479206,-37.0502532,41,2014-11-29 08:35:05
6027,-10.93476746,-37.05029195,41,2014-11-29 08:35:11
6028,-10.93474872,-37.05028676,41,2014-11-29 08:35:16
6029,-10.93473312,-37.050286299999996,41,2014-11-29 08:35:22
6030,-10.93473136,-37.05028841,41,2014-11-29 08:35:27
6031,-10.93472889,-37.05029368,41,2014-11-29 08:35:32
6032,-10.93472737,-37.05029429,41,2014-11-29 08:35:38
6033,-10.93472747,-37.050290600000004,41,2014-11-29 08:35:43
6034,-10.9347272,-37.05028986,41,2014-11-29 08:35:49
6035,-10.9347272,-37.05028976,41,2014-11-29 08:35:54
6036,-10.93472718,-37.05028947,41,2014-11-29 08:36:00
6037,-10.93472717,-37.05028923,41,2014-11-29 08:36:05
6038,-10.93472737,-37.05028873,41,2014-11-29 08:36:11
6039,-10.93473474,-37.05029239,41,2014-11-29 08:36:16
6040,-10.93484522,-37.05033951,41,2014-11-29 08:36:21
6041,-10.9351361,-37.05045253,41,2014-11-29 08:36:26
6042,-10.93565002,-37.05048919,41,2014-11-29 08:36:32
6043,-10.93606809,-37.05050775,41,2014-11-29 08:36:37
6044,-10.93664306,-37.05058731,41,2014-11-29 08:36:43
6045,-10.93719066,-37.05061573,41,2014-11-29 08:36:48
6046,-10.93788071,-37.05072956,41,2014-11-29 08:36:53
6047,-10.93860343,-37.05083945,41,2014-11-29 08:36:58
6048,-10.93934934,-37.05094416,41,2014-11-29 08:37:04
6049,-10.9400192,-37.0509902,41,2014-11-29 08:37:09
6050,-10.94086613,-37.05105444,41,2014-11-29 08:37:15
6051,-10.94172688,-37.05110937,41,2014-11-29 08:37:21
6052,-10.94239761,-37.051132,41,2014-11-29 08:37:26
6053,-10.94293879,-37.05118069,41,2014-11-29 08:37:31
6054,-10.94307085,-37.0511842,41,2014-11-29 08:37:36
6055,-10.94310467,-37.05127379,41,2014-11-29 08:37:42
6056,-10.94310614,-37.0512768,41,2014-11-29 08:37:48
6057,-10.94311899,-37.05128049,41,2014-11-29 08:37:54
6058,-10.94311709,-37.05127398,41,2014-11-29 08:37:59
6059,-10.94311675,-37.05127314,41,2014-11-29 08:38:05
6060,-10.94311689,-37.05127355,41,2014-11-29 08:38:11
6061,-10.94319278,-37.05127967,41,2014-11-29 08:38:17
6062,-10.94379155,-37.05120634,41,2014-11-29 08:38:23
6063,-10.94443515,-37.05117722,41,2014-11-29 08:38:28
6064,-10.94532731,-37.05116283,41,2014-11-29 08:38:34
6065,-10.94628544,-37.05114265,41,2014-11-29 08:38:40
6066,-10.94709982,-37.05115622,41,2014-11-29 08:38:45
6067,-10.94800918,-37.051258700000005,41,2014-11-29 08:38:51
6068,-10.94886406,-37.05140837,41,2014-11-29 08:38:57
6069,-10.94958504,-37.05154451,41,2014-11-29 08:39:02
6070,-10.95039618,-37.05173702,41,2014-11-29 08:39:07
6071,-10.95118147,-37.05191796,41,2014-11-29 08:39:12
6072,-10.95208381,-37.0521162,41,2014-11-29 08:39:18
6073,-10.95278487,-37.05223563,41,2014-11-29 08:39:23
6074,-10.95341433,-37.05241477,41,2014-11-29 08:39:28
6075,-10.953975400000001,-37.05272981,41,2014-11-29 08:39:33
6076,-10.95414228,-37.05285072,41,2014-11-29 08:39:39
6077,-10.95415889,-37.05285043,41,2014-11-29 08:39:44
6078,-10.95416344,-37.05284705,41,2014-11-29 08:39:50
6079,-10.95415231,-37.05284351,41,2014-11-29 08:39:55
6080,-10.95415233,-37.052843599999996,41,2014-11-29 08:40:00
6081,-10.95415242,-37.05284363,41,2014-11-29 08:40:05
6082,-10.95415355,-37.05284391,41,2014-11-29 08:40:11
6083,-10.95415374,-37.05284407,41,2014-11-29 08:40:17
6084,-10.95415378,-37.05284406,41,2014-11-29 08:40:23
6085,-10.95415375,-37.0528441,41,2014-11-29 08:40:29
6086,-10.95415406,-37.05284404,41,2014-11-29 08:40:34
6087,-10.95432289,-37.05291596,41,2014-11-29 08:40:40
6088,-10.9546446,-37.05303772,41,2014-11-29 08:40:45
6089,-10.95521656,-37.05327087,41,2014-11-29 08:40:51
6090,-10.95584395,-37.05350028,41,2014-11-29 08:40:56
6091,-10.95659222,-37.05375705,41,2014-11-29 08:41:02
6092,-10.95723893,-37.05397883,41,2014-11-29 08:41:07
6093,-10.95803133,-37.05421467,41,2014-11-29 08:41:13
6094,-10.95871707,-37.05446163,41,2014-11-29 08:41:19
6095,-10.95938138,-37.05467847,41,2014-11-29 08:41:25
6096,-10.96005092,-37.05487642,41,2014-11-29 08:41:30
6097,-10.96079713,-37.05493557,41,2014-11-29 08:41:35
6098,-10.9614553,-37.05483035,41,2014-11-29 08:41:40
6099,-10.96214176,-37.05456042,41,2014-11-29 08:41:45
6100,-10.96280241,-37.05432496,41,2014-11-29 08:41:50
6101,-10.96346865,-37.05405006,41,2014-11-29 08:41:55
6102,-10.96430545,-37.05367267,41,2014-11-29 08:42:01
6103,-10.96506811,-37.05344447,41,2014-11-29 08:42:06
6104,-10.96594408,-37.0533499,41,2014-11-29 08:42:12
6105,-10.96670945,-37.05341087,41,2014-11-29 08:42:17
6106,-10.96755082,-37.05348381,41,2014-11-29 08:42:23
6107,-10.96845453,-37.05360999,41,2014-11-29 08:42:29
6108,-10.96935478,-37.05371383,41,2014-11-29 08:42:35
6109,-10.97006123,-37.05379226,41,2014-11-29 08:42:40
6110,-10.97092144,-37.05389592,41,2014-11-29 08:42:46
6111,-10.97165483,-37.05394295,41,2014-11-29 08:42:51
6112,-10.97239657,-37.05395241,41,2014-11-29 08:42:56
6113,-10.97330025,-37.05391287,41,2014-11-29 08:43:02
6114,-10.974062599999998,-37.05387162,41,2014-11-29 08:43:07
6115,-10.97481112,-37.05383056,41,2014-11-29 08:43:12
6116,-10.97572678,-37.05375046,41,2014-11-29 08:43:18
6117,-10.97647202,-37.05370699,41,2014-11-29 08:43:23
6118,-10.97734419,-37.05368811,41,2014-11-29 08:43:29
6119,-10.97805985,-37.05364347,41,2014-11-29 08:43:34
6120,-10.97877273,-37.05357513,41,2014-11-29 08:43:39
6121,-10.97943509,-37.05349448,41,2014-11-29 08:43:44
6122,-10.98021679,-37.05341644,41,2014-11-29 08:43:50
6123,-10.98077266,-37.05353864,41,2014-11-29 08:43:55
6124,-10.98140901,-37.05370375,41,2014-11-29 08:44:01
6125,-10.98195901,-37.05380785,41,2014-11-29 08:44:07
6126,-10.9822754,-37.05388381,41,2014-11-29 08:44:13
6127,-10.9823087,-37.05390328,41,2014-11-29 08:44:18
6128,-10.98230818,-37.05390134,41,2014-11-29 08:44:24
6129,-10.98242213,-37.05394728,41,2014-11-29 08:44:29
6130,-10.98278258,-37.05403212,41,2014-11-29 08:44:35
6131,-10.98294468,-37.05408052,41,2014-11-29 08:44:41
6132,-10.98293633,-37.05408188,41,2014-11-29 08:44:47
6133,-10.98293521,-37.05408094,41,2014-11-29 08:44:52
6134,-10.98293499,-37.05408086,41,2014-11-29 08:44:58
6135,-10.982935000000001,-37.05408087,41,2014-11-29 08:45:03
6136,-10.98293494,-37.05408057,41,2014-11-29 08:45:09
6137,-10.98293483,-37.05408037,41,2014-11-29 08:45:15
6138,-10.98293477,-37.05408037,41,2014-11-29 08:45:20
6139,-10.98293474,-37.05408029,41,2014-11-29 08:45:26
6140,-10.98293468,-37.05408013,41,2014-11-29 08:45:32
6141,-10.98293466,-37.05408002,41,2014-11-29 08:45:37
6142,-10.98293464,-37.05407975,41,2014-11-29 08:45:42
6143,-10.98293462,-37.05407951,41,2014-11-29 08:45:48
6144,-10.98293455,-37.05407931,41,2014-11-29 08:45:53
6145,-10.98302094,-37.05412953,41,2014-11-29 08:45:59
6146,-10.98296249,-37.05451694,41,2014-11-29 08:46:05
6147,-10.98282213,-37.05513363,41,2014-11-29 08:46:11
6148,-10.98287249,-37.05557662,41,2014-11-29 08:46:16
6149,-10.98291897,-37.05590668,41,2014-11-29 08:46:21
6150,-10.98292633,-37.05598152,41,2014-11-29 08:46:27
6151,-10.98292356,-37.05597866,41,2014-11-29 08:46:32
6152,-10.98292553,-37.05598127,41,2014-11-29 08:46:37
6153,-10.98292466,-37.05598089,41,2014-11-29 08:46:42
6154,-10.98292437,-37.05598351,41,2014-11-29 08:46:48
6155,-10.98295058,-37.05616013,41,2014-11-29 08:46:53
6156,-10.98306748,-37.05649368,41,2014-11-29 08:47:00
6157,-10.98349237,-37.05677425,41,2014-11-29 08:47:05
6158,-10.98400551,-37.05713878,41,2014-11-29 08:47:11
6159,-10.98447874,-37.05751994,41,2014-11-29 08:47:16
6160,-10.98518345,-37.05786454,41,2014-11-29 08:47:22
6161,-10.98593421,-37.05830469,41,2014-11-29 08:47:28
6162,-10.98624891,-37.0587764,41,2014-11-29 08:47:34
6163,-10.98637858,-37.0591745,41,2014-11-29 08:47:39
6164,-10.98634565,-37.05980579,41,2014-11-29 08:47:45
6165,-10.98632741,-37.06058264,41,2014-11-29 08:47:51
6166,-10.98621724,-37.06133965,41,2014-11-29 08:47:56
6167,-10.98619007,-37.0620866,41,2014-11-29 08:48:01
6168,-10.98615289,-37.06281789,41,2014-11-29 08:48:06
6169,-10.98620019,-37.06374801,41,2014-11-29 08:48:12
6170,-10.98617637,-37.06453707,41,2014-11-29 08:48:17
6171,-10.98615176,-37.06533332,41,2014-11-29 08:48:22
6172,-10.98618883,-37.06629736,41,2014-11-29 08:48:28
6173,-10.98632903,-37.06707165,41,2014-11-29 08:48:33
6174,-10.98650038,-37.06780384,41,2014-11-29 08:48:38
6175,-10.98673214,-37.0684916,41,2014-11-29 08:48:43
6176,-10.98700706,-37.06933353,41,2014-11-29 08:48:49
6177,-10.98728958,-37.06998272,41,2014-11-29 08:48:54
6178,-10.98747299,-37.07064356,41,2014-11-29 08:49:00
6179,-10.9874742,-37.07102585,41,2014-11-29 08:49:05
6180,-10.98745801,-37.07120312,41,2014-11-29 08:49:10
6181,-10.98740724,-37.07135922,41,2014-11-29 08:49:16
6182,-10.98770565,-37.07059051,42,2014-11-29 08:09:51
6183,-10.98759535,-37.07038327,42,2014-11-29 08:09:56
6184,-10.98739916,-37.06976838,42,2014-11-29 08:10:01
6185,-10.98714588,-37.06903972,42,2014-11-29 08:10:06
6186,-10.98699834,-37.06864536,42,2014-11-29 08:10:12
6187,-10.98688257,-37.06870521,42,2014-11-29 08:10:18
6188,-10.98702301,-37.0690669,42,2014-11-29 08:10:23
6189,-10.98722989,-37.06979047,42,2014-11-29 08:10:29
6190,-10.98749674,-37.0706201,42,2014-11-29 08:10:35
6191,-10.98768487,-37.07113706,42,2014-11-29 08:10:40
6192,-10.987944800000001,-37.07189404,42,2014-11-29 08:10:45
6193,-10.98807005,-37.07229686,42,2014-11-29 08:10:51
6194,-10.988076699999999,-37.07232564,42,2014-11-29 08:10:56
6195,-10.98807533,-37.07232039,42,2014-11-29 08:11:01
6196,-10.98805874,-37.07231071,42,2014-11-29 08:11:07
6197,-10.98804846,-37.07233714,42,2014-11-29 08:11:12
6198,-10.98805168,-37.07237167,42,2014-11-29 08:11:18
6199,-10.98805341,-37.07236716,42,2014-11-29 08:11:23
6200,-10.98805021,-37.07236919,42,2014-11-29 08:11:29
6201,-10.98803599,-37.07237681,42,2014-11-29 08:11:35
6202,-10.98801914,-37.07232814,42,2014-11-29 08:11:41
6203,-10.98802778,-37.07232342,42,2014-11-29 08:11:47
6204,-10.98803063,-37.07232361,42,2014-11-29 08:11:53
6205,-10.98803491,-37.07232187,42,2014-11-29 08:11:58
6206,-10.98803496,-37.07232224,42,2014-11-29 08:12:03
6207,-10.98803504,-37.07232239,42,2014-11-29 08:12:08
6208,-10.98803503,-37.07232232,42,2014-11-29 08:12:14
6209,-10.98803501,-37.07232228,42,2014-11-29 08:12:20
6210,-10.98803498,-37.07232232,42,2014-11-29 08:12:25
6211,-10.98803499,-37.07232234,42,2014-11-29 08:12:31
6212,-10.98803499,-37.07232224,42,2014-11-29 08:12:36
6213,-10.98803498,-37.07232219,42,2014-11-29 08:12:41
6214,-10.988035,-37.07232218,42,2014-11-29 08:12:47
6215,-10.98803514,-37.07232215,42,2014-11-29 08:12:52
6216,-10.9880353,-37.07232209,42,2014-11-29 08:12:58
6217,-10.98805597,-37.07234562,42,2014-11-29 08:13:03
6218,-10.98822089,-37.07260868,42,2014-11-29 08:13:08
6219,-10.98825629,-37.07243474,42,2014-11-29 08:13:14
6220,-10.98808378,-37.07193865,42,2014-11-29 08:13:19
6221,-10.98789127,-37.07129757,42,2014-11-29 08:13:24
6222,-10.98767436,-37.07063287,42,2014-11-29 08:13:29
6223,-10.98743189,-37.06990279,42,2014-11-29 08:13:35
6224,-10.98721474,-37.06923774,42,2014-11-29 08:13:40
6225,-10.98696557,-37.068432,42,2014-11-29 08:13:46
6226,-10.98673244,-37.0677468,42,2014-11-29 08:13:51
6227,-10.98645255,-37.06689249,42,2014-11-29 08:13:57
6228,-10.98631486,-37.06614028,42,2014-11-29 08:14:03
6229,-10.98629115,-37.06538032,42,2014-11-29 08:14:08
6230,-10.98632676,-37.0646606,42,2014-11-29 08:14:13
6231,-10.98634382,-37.06355056,42,2014-11-29 08:14:19
6232,-10.98634907,-37.06275135,42,2014-11-29 08:14:25
6233,-10.98635161,-37.06206873,42,2014-11-29 08:14:30
6234,-10.98638249,-37.06139802,42,2014-11-29 08:14:35
6235,-10.9864084,-37.06062794,42,2014-11-29 08:14:40
6236,-10.98643931,-37.05993563,42,2014-11-29 08:14:46
6237,-10.98647769,-37.059469799999995,42,2014-11-29 08:14:51
6238,-10.98648916,-37.059284600000005,42,2014-11-29 08:14:57
6239,-10.98648489,-37.0592787,42,2014-11-29 08:15:02
6240,-10.986497300000002,-37.05909803,42,2014-11-29 08:15:07
6241,-10.98650425,-37.05879398,42,2014-11-29 08:15:13
6242,-10.98650899,-37.05845508,42,2014-11-29 08:15:19
6243,-10.98651719,-37.0583696,42,2014-11-29 08:15:24
6244,-10.98651816,-37.05836902,42,2014-11-29 08:15:30
6245,-10.98652661,-37.05821948,42,2014-11-29 08:15:35
6246,-10.98642818,-37.05772632,42,2014-11-29 08:15:40
6247,-10.98630952,-37.05722748,42,2014-11-29 08:15:46
6248,-10.98610151,-37.05672045,42,2014-11-29 08:15:52
6249,-10.98592289,-37.05642898,42,2014-11-29 08:15:58
6250,-10.98581596,-37.05628907,42,2014-11-29 08:16:04
6251,-10.98572778,-37.0561846,42,2014-11-29 08:16:10
6252,-10.98551547,-37.05591515,42,2014-11-29 08:16:15
6253,-10.98517943,-37.0554794,42,2014-11-29 08:16:21
6254,-10.98476669,-37.05499561,42,2014-11-29 08:16:27
6255,-10.98439959,-37.05465216,42,2014-11-29 08:16:33
6256,-10.98414212,-37.05447072,42,2014-11-29 08:16:39
6257,-10.98391345,-37.05434899,42,2014-11-29 08:16:44
6258,-10.98368264,-37.05424245,42,2014-11-29 08:16:50
6259,-10.98362611,-37.05418092,42,2014-11-29 08:16:56
6260,-10.98359618,-37.05417284,42,2014-11-29 08:17:02
6261,-10.98345395,-37.05414324,42,2014-11-29 08:17:07
6262,-10.98331331,-37.05405272,42,2014-11-29 08:17:13
6263,-10.98342148,-37.05377254,42,2014-11-29 08:17:19
6264,-10.98352463,-37.05355676,42,2014-11-29 08:17:25
6265,-10.98354599,-37.05353677,42,2014-11-29 08:17:31
6266,-10.98354398,-37.05353898,42,2014-11-29 08:17:36
6267,-10.98354868,-37.05353596,42,2014-11-29 08:17:42
6268,-10.98354871,-37.05353584,42,2014-11-29 08:17:48
6269,-10.98354878,-37.053535700000005,42,2014-11-29 08:17:53
6270,-10.98354886,-37.05353567,42,2014-11-29 08:17:59
6271,-10.98354898,-37.05353554,42,2014-11-29 08:18:04
6272,-10.98361555,-37.05343438,42,2014-11-29 08:18:10
6273,-10.98371027,-37.05324637,42,2014-11-29 08:18:16
6274,-10.98360167,-37.05302792,42,2014-11-29 08:18:21
6275,-10.98304757,-37.05302676,42,2014-11-29 08:18:26
6276,-10.98248267,-37.05300076,42,2014-11-29 08:18:32
6277,-10.98173075,-37.05296526,42,2014-11-29 08:18:37
6278,-10.981088699999999,-37.05292871,42,2014-11-29 08:18:43
6279,-10.98040054,-37.05292537,42,2014-11-29 08:18:48
6280,-10.97961868,-37.05326647,42,2014-11-29 08:18:53
6281,-10.97885753,-37.05347753,42,2014-11-29 08:18:59
6282,-10.97805997,-37.05353777,42,2014-11-29 08:19:04
6283,-10.97723851,-37.05359357,42,2014-11-29 08:19:09
6284,-10.97639765,-37.05368291,42,2014-11-29 08:19:14
6285,-10.97566408,-37.05374752,42,2014-11-29 08:19:20
6286,-10.97477453,-37.05374813,42,2014-11-29 08:19:26
6287,-10.97414324,-37.05376833,42,2014-11-29 08:19:31
6288,-10.97341881,-37.05378995,42,2014-11-29 08:19:36
6289,-10.97262412,-37.05381719,42,2014-11-29 08:19:42
6290,-10.97178052,-37.05380547,42,2014-11-29 08:19:47
6291,-10.97116424,-37.05375665,42,2014-11-29 08:19:52
6292,-10.97085623,-37.05376346,42,2014-11-29 08:19:58
6293,-10.97094875,-37.05376671,42,2014-11-29 08:20:03
6294,-10.97096004,-37.0537248,42,2014-11-29 08:20:08
6295,-10.97093446,-37.05368634,42,2014-11-29 08:20:14
6296,-10.97093905,-37.05369008,42,2014-11-29 08:20:19
6297,-10.97077315,-37.05367735,42,2014-11-29 08:20:25
6298,-10.97028103,-37.05364872,42,2014-11-29 08:20:30
6299,-10.969637400000002,-37.05359821,42,2014-11-29 08:20:35
6300,-10.96903952,-37.05351712,42,2014-11-29 08:20:41
6301,-10.96841055,-37.05346073,42,2014-11-29 08:20:46
6302,-10.96753333,-37.05337716,42,2014-11-29 08:20:51
6303,-10.96675991,-37.05327128,42,2014-11-29 08:20:57
6304,-10.96592028,-37.05318519,42,2014-11-29 08:21:02
6305,-10.9650935,-37.05326705,42,2014-11-29 08:21:08
6306,-10.96416293,-37.05359939,42,2014-11-29 08:21:14
6307,-10.96342267,-37.0539167,42,2014-11-29 08:21:19
6308,-10.96254712,-37.05428973,42,2014-11-29 08:21:25
6309,-10.96177446,-37.054549200000004,42,2014-11-29 08:21:31
6310,-10.96083683,-37.05469234,42,2014-11-29 08:21:36
6311,-10.95993835,-37.05461287,42,2014-11-29 08:21:42
6312,-10.95920857,-37.05441487,42,2014-11-29 08:21:48
6313,-10.95862793,-37.05423032,42,2014-11-29 08:21:53
6314,-10.9581268,-37.0540649,42,2014-11-29 08:21:58
6315,-10.95737636,-37.05378701,42,2014-11-29 08:22:04
6316,-10.95648216,-37.05346841,42,2014-11-29 08:22:09
6317,-10.95566802,-37.05318273,42,2014-11-29 08:22:14
6318,-10.95499364,-37.052907700000006,42,2014-11-29 08:22:19
6319,-10.954183300000002,-37.05257245,42,2014-11-29 08:22:24
6320,-10.95344589,-37.05229334,42,2014-11-29 08:22:30
6321,-10.95255553,-37.05207331,42,2014-11-29 08:22:36
6322,-10.95168315,-37.051850200000004,42,2014-11-29 08:22:41
6323,-10.95094048,-37.05168356,42,2014-11-29 08:22:47
6324,-10.95007621,-37.0515077,42,2014-11-29 08:22:52
6325,-10.94920828,-37.05132275,42,2014-11-29 08:22:57
6326,-10.94831656,-37.05114393,42,2014-11-29 08:23:02
6327,-10.94739928,-37.05102967,42,2014-11-29 08:23:07
6328,-10.94649913,-37.05100546,42,2014-11-29 08:23:12
6329,-10.94554484,-37.05098906,42,2014-11-29 08:23:18
6330,-10.94486726,-37.05100992,42,2014-11-29 08:23:23
6331,-10.94403602,-37.05101157,42,2014-11-29 08:23:29
6332,-10.94335437,-37.05102328,42,2014-11-29 08:23:35
6333,-10.94270547,-37.05098962,42,2014-11-29 08:23:40
6334,-10.94201593,-37.05085949,42,2014-11-29 08:23:46
6335,-10.94156222,-37.05067508,42,2014-11-29 08:23:52
6336,-10.941410699999999,-37.05054705,42,2014-11-29 08:23:57
6337,-10.94140668,-37.05051755,42,2014-11-29 08:24:02
6338,-10.94141437,-37.050520399999996,42,2014-11-29 08:24:08
6339,-10.94141531,-37.05052168,42,2014-11-29 08:24:13
6340,-10.94141538,-37.05052179,42,2014-11-29 08:24:18
6341,-10.94141542,-37.05052197,42,2014-11-29 08:24:23
6342,-10.94141548,-37.05052212,42,2014-11-29 08:24:28
6343,-10.94141753,-37.0505208,42,2014-11-29 08:24:33
6344,-10.94141071,-37.05052832,42,2014-11-29 08:24:38
6345,-10.94141156,-37.05052463,42,2014-11-29 08:24:44
6346,-10.94141141,-37.05052421,42,2014-11-29 08:24:49
6347,-10.94141147,-37.05052404,42,2014-11-29 08:24:55
6348,-10.94141143,-37.05052394,42,2014-11-29 08:25:01
6349,-10.94141139,-37.05052379999999,42,2014-11-29 08:25:07
6350,-10.94141136,-37.05052378,42,2014-11-29 08:25:13
6351,-10.94141137,-37.0505239,42,2014-11-29 08:25:18
6352,-10.94141209,-37.05052444,42,2014-11-29 08:25:24
6353,-10.94141323,-37.05052156,42,2014-11-29 08:25:29
6354,-10.94141341,-37.05052023,42,2014-11-29 08:25:34
6355,-10.94141292,-37.05052095,42,2014-11-29 08:25:40
6356,-10.94141291,-37.05052093,42,2014-11-29 08:25:46
6357,-10.94141303,-37.05052074,42,2014-11-29 08:25:51
6358,-10.94141306,-37.05052084,42,2014-11-29 08:25:56
6359,-10.94138778,-37.05047422,42,2014-11-29 08:26:02
6360,-10.941387800000001,-37.05021142,42,2014-11-29 08:26:07
6361,-10.94166439,-37.04978929,42,2014-11-29 08:26:12
6362,-10.94207899,-37.04922597,42,2014-11-29 08:26:18
6363,-10.94248736,-37.04867334,42,2014-11-29 08:26:24
6364,-10.94291522,-37.04810618,42,2014-11-29 08:26:29
6365,-10.94335981,-37.04767151,42,2014-11-29 08:26:35
6366,-10.94382766,-37.04741112,42,2014-11-29 08:26:40
6367,-10.94405431,-37.04733668,42,2014-11-29 08:26:45
6368,-10.94411654,-37.04730476,42,2014-11-29 08:26:51
6369,-10.94413359,-37.04729216,42,2014-11-29 08:26:56
6370,-10.94416128,-37.04727107,42,2014-11-29 08:27:01
6371,-10.94552475,-37.04682049,43,2014-11-29 10:25:28
6372,-10.94546876,-37.04655908,43,2014-11-29 10:25:34
6373,-10.94546871,-37.04641138,43,2014-11-29 10:25:39
6374,-10.94547424,-37.04641232,43,2014-11-29 10:25:45
6375,-10.94547562,-37.04640725,43,2014-11-29 10:25:50
6376,-10.94547301,-37.04640909,43,2014-11-29 10:25:55
6377,-10.94549765,-37.04634277,43,2014-11-29 10:26:00
6378,-10.94559976,-37.04619735,43,2014-11-29 10:26:06
6379,-10.94559101,-37.04618432,43,2014-11-29 10:26:12
6380,-10.94572822,-37.04611504,43,2014-11-29 10:26:17
6381,-10.94611332,-37.04593002,43,2014-11-29 10:26:24
6382,-10.94656782,-37.04577138,43,2014-11-29 10:26:30
6383,-10.94700641,-37.045632399999995,43,2014-11-29 10:26:35
6384,-10.94761525,-37.04559081,43,2014-11-29 10:26:41
6385,-10.94826304,-37.04552082,43,2014-11-29 10:26:47
6386,-10.94880404,-37.04546829,43,2014-11-29 10:26:52
6387,-10.94929836,-37.04543377,43,2014-11-29 10:26:57
6388,-10.94974454,-37.04542381,43,2014-11-29 10:27:03
6389,-10.94998667,-37.04545357,43,2014-11-29 10:27:09
6390,-10.95000253,-37.04544397,43,2014-11-29 10:27:14
6391,-10.95011677,-37.04535559,43,2014-11-29 10:27:20
6392,-10.95011528,-37.04523185,43,2014-11-29 10:27:25
6393,-10.94974387,-37.04519118,43,2014-11-29 10:27:31
6394,-10.94925972,-37.04517517,43,2014-11-29 10:27:37
6395,-10.94873521,-37.04521381,43,2014-11-29 10:27:43
6396,-10.94819675,-37.04521795,43,2014-11-29 10:27:51
6397,-10.94798515,-37.04520257,43,2014-11-29 10:27:57
6398,-10.94813379,-37.04521878,43,2014-11-29 10:28:18
6399,-10.94785876,-37.04528571,43,2014-11-29 10:28:24
6400,-10.94741761,-37.04534337,43,2014-11-29 10:28:29
6401,-10.94681905,-37.04541737,43,2014-11-29 10:28:34
6402,-10.94602751,-37.04564934,43,2014-11-29 10:28:40
6403,-10.94538217,-37.04592093,43,2014-11-29 10:28:45
6404,-10.9447477,-37.04625324,43,2014-11-29 10:28:50
6405,-10.94413771,-37.04672178,43,2014-11-29 10:28:55
6406,-10.94354398,-37.04720827,43,2014-11-29 10:29:00
6407,-10.94280484,-37.047901,43,2014-11-29 10:29:06
6408,-10.94241781,-37.04858047,43,2014-11-29 10:29:12
6409,-10.94218461,-37.04886053,43,2014-11-29 10:29:17
6410,-10.94215893,-37.04892964,43,2014-11-29 10:29:23
6411,-10.94206338,-37.04909252,43,2014-11-29 10:29:29
6412,-10.94187537,-37.04935018,43,2014-11-29 10:29:34
6413,-10.94167876,-37.04962828,43,2014-11-29 10:29:40
6414,-10.94146275,-37.04992901,43,2014-11-29 10:29:45
6415,-10.94109539,-37.05030259,43,2014-11-29 10:29:50
6416,-10.94033906,-37.05059620000001,43,2014-11-29 10:29:56
6417,-10.93962063,-37.05075497,43,2014-11-29 10:30:01
6418,-10.93869549,-37.05073074,43,2014-11-29 10:30:07
6419,-10.93822812,-37.05069837,43,2014-11-29 10:30:12
6420,-10.93787731,-37.05063982,43,2014-11-29 10:30:17
6421,-10.937493400000001,-37.05058892,43,2014-11-29 10:30:22
6422,-10.93684386,-37.050485200000004,43,2014-11-29 10:30:28
6423,-10.9362365,-37.05039424,43,2014-11-29 10:30:33
6424,-10.93577005,-37.05032061,43,2014-11-29 10:30:38
6425,-10.93520789,-37.05041894,43,2014-11-29 10:30:44
6426,-10.93483627,-37.05019828,43,2014-11-29 10:30:50
6427,-10.93432833,-37.04994282,43,2014-11-29 10:30:55
6428,-10.93358716,-37.04949042,43,2014-11-29 10:31:02
6429,-10.93309332,-37.0490672,43,2014-11-29 10:31:07
6430,-10.93245833,-37.04846368,43,2014-11-29 10:31:13
6431,-10.93184387,-37.04791805,43,2014-11-29 10:31:18
6432,-10.93148162,-37.04755015,43,2014-11-29 10:31:24
6433,-10.93148261,-37.04747661,43,2014-11-29 10:31:29
6434,-10.931483,-37.047481,43,2014-11-29 10:31:34
6435,-10.93150645,-37.04746713,43,2014-11-29 10:31:40
6436,-10.93150482,-37.04748855,43,2014-11-29 10:31:45
6437,-10.93140933,-37.04739148,43,2014-11-29 10:31:50
6438,-10.93114946,-37.04711336,43,2014-11-29 10:31:55
6439,-10.930725599999999,-37.04660183,43,2014-11-29 10:32:01
6440,-10.93022634,-37.04591407,43,2014-11-29 10:32:07
6441,-10.92974507,-37.04540027,43,2014-11-29 10:32:12
6442,-10.92922688,-37.04462586,43,2014-11-29 10:32:18
6443,-10.92878534,-37.04401109,43,2014-11-29 10:32:23
6444,-10.92820874,-37.04338748,43,2014-11-29 10:32:29
6445,-10.92744087,-37.04325441,43,2014-11-29 10:32:35
6446,-10.927124599999999,-37.04331525,43,2014-11-29 10:32:41
6447,-10.92679919,-37.04343483,43,2014-11-29 10:32:46
6448,-10.92632913,-37.04360477,43,2014-11-29 10:32:51
6449,-10.92582721,-37.04379313,43,2014-11-29 10:32:56
6450,-10.92531666,-37.04390596,43,2014-11-29 10:33:01
6451,-10.92477589,-37.0437899,43,2014-11-29 10:33:07
6452,-10.92423733,-37.04391256,43,2014-11-29 10:33:12
6453,-10.92368696,-37.04423808,43,2014-11-29 10:33:17
6454,-10.92292496,-37.04470073,43,2014-11-29 10:33:24
6455,-10.92231928,-37.04506886,43,2014-11-29 10:33:29
6456,-10.91960468,-37.04620149,43,2014-11-29 10:33:51
6457,-10.91892076,-37.04649096,43,2014-11-29 10:33:57
6458,-10.91648007,-37.04740348,43,2014-11-29 10:34:22
6459,-10.9156879,-37.04757427,43,2014-11-29 10:34:28
6460,-10.91499654,-37.04771825,43,2014-11-29 10:34:34
6461,-10.91435056,-37.04779361,43,2014-11-29 10:34:40
6462,-10.91378135,-37.04776837,43,2014-11-29 10:34:46
6463,-10.91332173,-37.04775798,43,2014-11-29 10:34:51
6464,-10.91276262,-37.04777149,43,2014-11-29 10:34:57
6465,-10.91225144,-37.04777817,43,2014-11-29 10:35:02
6466,-10.91168101,-37.04780509,43,2014-11-29 10:35:08
6467,-10.91106175,-37.04780431,43,2014-11-29 10:35:14
6468,-10.91049456,-37.04783129,43,2014-11-29 10:35:20
6469,-10.90990753,-37.04779401,43,2014-11-29 10:35:26
6470,-10.90962259,-37.04777865,43,2014-11-29 10:35:31
6471,-10.90960362,-37.04780519,43,2014-11-29 10:35:36
6472,-10.90959596,-37.04780119,43,2014-11-29 10:35:41
6473,-10.90958201,-37.04780217,43,2014-11-29 10:35:47
6474,-10.90958231,-37.04780278,43,2014-11-29 10:35:53
6475,-10.90958674,-37.04780811,43,2014-11-29 10:35:59
6476,-10.90958662,-37.04780804,43,2014-11-29 10:36:04
6477,-10.90958634,-37.04780793,43,2014-11-29 10:36:10
6478,-10.90958611,-37.0478078,43,2014-11-29 10:36:16
6479,-10.90958525,-37.04780682,43,2014-11-29 10:36:22
6480,-10.90958516,-37.04780625,43,2014-11-29 10:36:27
6481,-10.90958588,-37.04780633,43,2014-11-29 10:36:33
6482,-10.90958591,-37.047806200000004,43,2014-11-29 10:36:38
6483,-10.90958589,-37.04780545,43,2014-11-29 10:36:43
6484,-10.90958556,-37.04780515,43,2014-11-29 10:36:48
6485,-10.90958543,-37.04780489,43,2014-11-29 10:36:54
6486,-10.9095852,-37.04780482,43,2014-11-29 10:36:59
6487,-10.90958495,-37.0478047,43,2014-11-29 10:37:04
6488,-10.909584599999999,-37.04780452,43,2014-11-29 10:37:09
6489,-10.90958428,-37.04780433,43,2014-11-29 10:37:15
6490,-10.90960524,-37.04780532,43,2014-11-29 10:37:21
6491,-10.90946842,-37.04785623,43,2014-11-29 10:37:27
6492,-10.90902428,-37.04787032,43,2014-11-29 10:37:33
6493,-10.90861615,-37.04802381,43,2014-11-29 10:37:38
6494,-10.90788745,-37.04805403,43,2014-11-29 10:37:44
6495,-10.907091099999999,-37.04816795,43,2014-11-29 10:37:50
6496,-10.90633031,-37.04818926,43,2014-11-29 10:37:56
6497,-10.90550743,-37.0481635,43,2014-11-29 10:38:02
6498,-10.9046599,-37.04814191,43,2014-11-29 10:38:08
6499,-10.90410825,-37.04817766,43,2014-11-29 10:38:13
6500,-10.9031765,-37.04815923,43,2014-11-29 10:38:19
6501,-10.90256167,-37.04827583,43,2014-11-29 10:38:24
6502,-10.90224048,-37.04890356,43,2014-11-29 10:38:30
6503,-10.9023231,-37.04957538,43,2014-11-29 10:38:35
6504,-10.9024154,-37.04992892,43,2014-11-29 10:38:40
6505,-10.90242922,-37.04999868,43,2014-11-29 10:38:45
6506,-10.90242693,-37.05000336,43,2014-11-29 10:38:51
6507,-10.90242622,-37.05000414,43,2014-11-29 10:38:56
6508,-10.90242499,-37.05000507,43,2014-11-29 10:39:06
6509,-10.90244521,-37.05005538,43,2014-11-29 10:39:12
6510,-10.90248946,-37.05023863,43,2014-11-29 10:39:17
6511,-10.90275383,-37.05044335,43,2014-11-29 10:39:23
6512,-10.90305165,-37.05046413,43,2014-11-29 10:39:28
6513,-10.90319152,-37.05059617,43,2014-11-29 10:39:34
6514,-10.90316463,-37.05099125,43,2014-11-29 10:39:39
6515,-10.90309037,-37.05150819,43,2014-11-29 10:39:44
6516,-10.90307371,-37.05187337,43,2014-11-29 10:39:49
6517,-10.90308541,-37.05209792,43,2014-11-29 10:39:54
6518,-10.90306428,-37.05258484,43,2014-11-29 10:40:00
6519,-10.90266922,-37.05273139,43,2014-11-29 10:40:06
6520,-10.90216901,-37.05272377,43,2014-11-29 10:40:11
6521,-10.90162124,-37.05270702,43,2014-11-29 10:40:17
6522,-10.90131387,-37.0526883,43,2014-11-29 10:40:22
6523,-10.90075943,-37.05271147,43,2014-11-29 10:40:28
6524,-10.900330499999999,-37.05277288,43,2014-11-29 10:40:33
6525,-10.89859365,-37.05264428,43,2014-11-29 10:40:53
6526,-10.89795218,-37.05262207,43,2014-11-29 10:40:58
6527,-10.89725273,-37.05259912,43,2014-11-29 10:41:04
6528,-10.89683889,-37.05267779,43,2014-11-29 10:41:09
6529,-10.89631944,-37.05269316,43,2014-11-29 10:41:15
6530,-10.89614008,-37.0527014,43,2014-11-29 10:41:21
6531,-10.89607911,-37.05284262,43,2014-11-29 10:41:27
6532,-10.89614627,-37.05321989,43,2014-11-29 10:41:33
6533,-10.89624932,-37.05332271,43,2014-11-29 10:41:38
6534,-10.89641509,-37.05336806,43,2014-11-29 10:41:43
6535,-10.89649935,-37.05338697,43,2014-11-29 10:41:49
6536,-10.89657257,-37.05337671,43,2014-11-29 10:41:54
6537,-10.89675759,-37.05341118,43,2014-11-29 10:42:00
6538,-10.89661469,-37.05377878,44,2014-11-30 14:39:22
6539,-10.89642619,-37.05375229,44,2014-11-30 14:39:28
6540,-10.896369300000002,-37.05378011,44,2014-11-30 14:39:34
6541,-10.89622362,-37.05370269,44,2014-11-30 14:39:40
6542,-10.89622292,-37.05368916,44,2014-11-30 14:39:46
6543,-10.89627238,-37.05390237,44,2014-11-30 14:39:54
6544,-10.89640292,-37.05444936,44,2014-11-30 14:40:00
6545,-10.89642719,-37.05473222,44,2014-11-30 14:40:05
6546,-10.89648992,-37.05528387,44,2014-11-30 14:40:10
6547,-10.89662251,-37.05584498,44,2014-11-30 14:40:16
6548,-10.89677978,-37.05652644,44,2014-11-30 14:40:21
6549,-10.8968939,-37.05711396,44,2014-11-30 14:40:28
6550,-10.89697068,-37.05744322,44,2014-11-30 14:40:34
6551,-10.89705835,-37.0576607,44,2014-11-30 14:40:40
6552,-10.89717102,-37.05775551,44,2014-11-30 14:40:46
6553,-10.89732997,-37.05789855,44,2014-11-30 14:40:52
6554,-10.89732684,-37.05790709,44,2014-11-30 14:40:57
6555,-10.89743157,-37.05800029,44,2014-11-30 14:41:03
6556,-10.89766277,-37.05817392,44,2014-11-30 14:41:09
6557,-10.89795264,-37.05833064,44,2014-11-30 14:41:14
6558,-10.89830336,-37.05812642,44,2014-11-30 14:41:19
6559,-10.89873231,-37.05779579,44,2014-11-30 14:41:24
6560,-10.89920856,-37.05746417,44,2014-11-30 14:41:29
6561,-10.89979747,-37.05705229,44,2014-11-30 14:41:35
6562,-10.90028741,-37.05670013,44,2014-11-30 14:41:41
6563,-10.90084218,-37.05631725,44,2014-11-30 14:41:47
6564,-10.90127453,-37.0560234,44,2014-11-30 14:41:52
6565,-10.90177269,-37.05564252,44,2014-11-30 14:41:58
6566,-10.90213324,-37.05541074,44,2014-11-30 14:42:03
6567,-10.90250063,-37.0551479,44,2014-11-30 14:42:09
6568,-10.90263753,-37.0550334,44,2014-11-30 14:42:14
6569,-10.90269479,-37.0550024,44,2014-11-30 14:42:20
6570,-10.902705000000001,-37.05499963,44,2014-11-30 14:42:25
6571,-10.90270665,-37.05499758,44,2014-11-30 14:42:31
6572,-10.90270659,-37.05499755,44,2014-11-30 14:42:37
6573,-10.902706599999998,-37.0549974,44,2014-11-30 14:42:42
6574,-10.90270661,-37.05499729,44,2014-11-30 14:42:47
6575,-10.90272896,-37.05498094,44,2014-11-30 14:42:53
6576,-10.90283317,-37.05490628,44,2014-11-30 14:42:59
6577,-10.90303236,-37.05477347,44,2014-11-30 14:43:04
6578,-10.9034004,-37.05450788,44,2014-11-30 14:43:09
6579,-10.90389315,-37.05416586,44,2014-11-30 14:43:14
6580,-10.90433307,-37.0538463,44,2014-11-30 14:43:19
6581,-10.90498298,-37.05338506,44,2014-11-30 14:43:25
6582,-10.90551551,-37.05299035,44,2014-11-30 14:43:30
6583,-10.90588761,-37.05273047,44,2014-11-30 14:43:35
6584,-10.90600912,-37.05289444,44,2014-11-30 14:43:40
6585,-10.90600662,-37.05321795,44,2014-11-30 14:43:45
6586,-10.90600813,-37.05331549,44,2014-11-30 14:43:51
6587,-10.90600865,-37.05341312,44,2014-11-30 14:43:56
6588,-10.90604147,-37.05374907,44,2014-11-30 14:44:02
6589,-10.90600467,-37.05392873,44,2014-11-30 14:44:07
6590,-10.90597698,-37.05392415,44,2014-11-30 14:44:12
6591,-10.90598035,-37.05392506,44,2014-11-30 14:44:18
6646,-10.90597734,-37.05392508,46,2014-11-30 14:39:22
6647,-10.9059773,-37.05392505,46,2014-11-30 14:39:28
6648,-10.90597728,-37.05392043,46,2014-11-30 14:39:34
6649,-10.90599942,-37.05394265,46,2014-11-30 14:39:40
6650,-10.90601768,-37.05403434,46,2014-11-30 14:39:46
6651,-10.90610481,-37.0545017,46,2014-11-30 14:39:54
6652,-10.90605672,-37.05484419,46,2014-11-30 14:40:00
6653,-10.90581837,-37.05484802,46,2014-11-30 14:40:05
6654,-10.90557544,-37.05482808,46,2014-11-30 14:40:10
6655,-10.90520128,-37.054866,46,2014-11-30 14:40:16
6656,-10.905027699999998,-37.054584999999996,46,2014-11-30 14:40:21
6657,-10.90479924,-37.05416595,46,2014-11-30 14:40:28
6658,-10.90466144,-37.05376797,46,2014-11-30 14:40:34
6659,-10.90461249,-37.053662,46,2014-11-30 14:40:40
6660,-10.90453092,-37.0536069,46,2014-11-30 14:40:46
6661,-10.90433241,-37.05365431,46,2014-11-30 14:40:52
6662,-10.90394277,-37.05389535,46,2014-11-30 14:40:57
6663,-10.90359241,-37.05416023,46,2014-11-30 14:41:03
6664,-10.90347851,-37.05423921,46,2014-11-30 14:41:09
6665,-10.90348205,-37.05423242,46,2014-11-30 14:41:14
6666,-10.90348491,-37.05422527,46,2014-11-30 14:41:19
6667,-10.90348486,-37.05422572,46,2014-11-30 14:41:24
6668,-10.9034844,-37.05422781,46,2014-11-30 14:41:29
6669,-10.90348513,-37.05422902,46,2014-11-30 14:41:35
6670,-10.9034859,-37.05422956,46,2014-11-30 14:41:41
6671,-10.90348592,-37.05422954,46,2014-11-30 14:41:47
6672,-10.90348589,-37.05422953,46,2014-11-30 14:41:52
6673,-10.90348584,-37.05422946,46,2014-11-30 14:41:58
6674,-10.90348581,-37.0542294,46,2014-11-30 14:42:03
6675,-10.90348579,-37.05422942,46,2014-11-30 14:42:09
6676,-10.90348575,-37.05422942,46,2014-11-30 14:42:14
6677,-10.90348573,-37.05422934,46,2014-11-30 14:42:20
6678,-10.90329573,-37.05436254,46,2014-11-30 14:42:25
6679,-10.90318674,-37.05425359,46,2014-11-30 14:42:31
6680,-10.90319394,-37.05384732,46,2014-11-30 14:42:37
6681,-10.90320909,-37.05328115,46,2014-11-30 14:42:42
6682,-10.90321938,-37.05264184,46,2014-11-30 14:42:47
6683,-10.90322327,-37.05203852,46,2014-11-30 14:42:53
6684,-10.90322027,-37.05175568,46,2014-11-30 14:42:59
6685,-10.90312923,-37.05179055,46,2014-11-30 14:43:04
6686,-10.903118699999998,-37.05208902,46,2014-11-30 14:43:09
6687,-10.90307484,-37.05254609,46,2014-11-30 14:43:14
6688,-10.90270097,-37.05269596,46,2014-11-30 14:43:19
6689,-10.90220289,-37.05269257,46,2014-11-30 14:43:25
6690,-10.90160637,-37.05268456,46,2014-11-30 14:43:30
6691,-10.90128012,-37.0526565,46,2014-11-30 14:43:35
6692,-10.90082122,-37.05267249,46,2014-11-30 14:43:40
6693,-10.90036711,-37.05267392,46,2014-11-30 14:43:45
6694,-10.90017348,-37.052660700000004,46,2014-11-30 14:43:51
6695,-10.89979442,-37.05264195,46,2014-11-30 14:43:56
6696,-10.89932928,-37.05262432,46,2014-11-30 14:44:02
6697,-10.89879755,-37.05260725,46,2014-11-30 14:44:07
6698,-10.89819942,-37.0525809,46,2014-11-30 14:44:12
6699,-10.89771848,-37.05253956,46,2014-11-30 14:44:18
6700,-10.89707841,-37.05252889,46,2014-11-30 14:46:38
6701,-10.89629346,-37.05248710000001,46,2014-11-30 14:46:44
6702,-10.89552323,-37.05222288,46,2014-11-30 14:46:50
6703,-10.89519554,-37.05150365,46,2014-11-30 14:46:55
6704,-10.89513708,-37.05077704,46,2014-11-30 14:47:01
6705,-10.89504934,-37.04979434,46,2014-11-30 14:47:06
6706,-10.89497396,-37.04891177,46,2014-11-30 14:47:12
6707,-10.89490161,-37.04802261,46,2014-11-30 14:47:18
6708,-10.894886999999999,-37.04698483,46,2014-11-30 14:47:23
6709,-10.89494314,-37.04612366,46,2014-11-30 14:47:29
6710,-10.89504749,-37.04510358,46,2014-11-30 14:47:35
6711,-10.89511612,-37.04420381,46,2014-11-30 14:47:40
6712,-10.89520356,-37.04306464,46,2014-11-30 14:47:46
6713,-10.89530457,-37.04190479,46,2014-11-30 14:47:51
6714,-10.89544645,-37.04092172,46,2014-11-30 14:47:56
6715,-10.89565933,-37.03994272,46,2014-11-30 14:48:02
6716,-10.89589243,-37.038975,46,2014-11-30 14:48:07
6717,-10.89609631,-37.03802041,46,2014-11-30 14:48:13
6718,-10.89632814,-37.03709655,46,2014-11-30 14:48:20
6719,-10.89656656,-37.036201399999996,46,2014-11-30 14:48:25
6720,-10.89692098,-37.03535693,46,2014-11-30 14:48:30
6721,-10.89740721,-37.03463185,46,2014-11-30 14:48:36
6722,-10.89799724,-37.03406904,46,2014-11-30 14:48:41
6723,-10.89857825,-37.03358304,46,2014-11-30 14:48:47
6724,-10.89908017,-37.03313852,46,2014-11-30 14:48:53
6725,-10.89929297,-37.0329589,46,2014-11-30 14:48:59
6726,-10.89953537,-37.03273545,46,2014-11-30 14:49:05
6727,-10.89998552,-37.03232023,46,2014-11-30 14:49:11
6728,-10.90052609,-37.03175847,46,2014-11-30 14:49:16
6729,-10.900994699999998,-37.03124195,46,2014-11-30 14:49:21
6730,-10.901303500000001,-37.03087626,46,2014-11-30 14:49:26
6731,-10.9014951,-37.03065413,46,2014-11-30 14:49:32
6732,-10.90179521,-37.0303064,46,2014-11-30 14:49:38
6733,-10.902256800000002,-37.02975687,46,2014-11-30 14:49:43
6734,-10.9027786,-37.02908912,46,2014-11-30 14:49:48
6735,-10.90324502,-37.02852427,46,2014-11-30 14:49:53
6736,-10.90362773,-37.02813843,46,2014-11-30 14:49:58
6737,-10.90392114,-37.02788209,46,2014-11-30 14:50:03
6738,-10.904413,-37.02749266,46,2014-11-30 14:50:08
6739,-10.90492619,-37.02715529,46,2014-11-30 14:50:13
6740,-10.90560516,-37.02688636,46,2014-11-30 14:50:18
6741,-10.9065004,-37.02673189,46,2014-11-30 14:50:24
6742,-10.90728589,-37.02657899,46,2014-11-30 14:50:30
6743,-10.90773399,-37.02620568,46,2014-11-30 14:50:35
6744,-10.90799122,-37.02559553,46,2014-11-30 14:50:41
6745,-10.90804259,-37.02500093,46,2014-11-30 14:50:47
6746,-10.90808399,-37.02444233,46,2014-11-30 14:50:53
6747,-10.90810865,-37.02415846,46,2014-11-30 14:50:58
6748,-10.90810776,-37.02402787,46,2014-11-30 14:51:03
6749,-10.90810016,-37.02397015,46,2014-11-30 14:51:09
6750,-10.90795599,-37.02393282,46,2014-11-30 14:51:14
6751,-10.907633500000001,-37.02395403,46,2014-11-30 14:51:19
6752,-10.90734406,-37.02393248,46,2014-11-30 14:51:25
6753,-10.90714202,-37.02389804,46,2014-11-30 14:51:30
6754,-10.90711102,-37.02390423,46,2014-11-30 14:51:36
6755,-10.90711084,-37.02390678,46,2014-11-30 14:51:42
6756,-10.8956631,-37.05343751,47,2014-12-06 10:03:56
6757,-10.89603214,-37.053626200000004,47,2014-12-06 10:04:01
6758,-10.89623005,-37.05379143,47,2014-12-06 10:04:07
6759,-10.89628814,-37.05424197,47,2014-12-06 10:04:13
6760,-10.89635522,-37.05484439999999,47,2014-12-06 10:04:19
6761,-10.89645068,-37.05537789,47,2014-12-06 10:04:25
6762,-10.89659695,-37.05589775,47,2014-12-06 10:04:31
6763,-10.89672371,-37.05642998,47,2014-12-06 10:04:36
6764,-10.8968518,-37.05699734,47,2014-12-06 10:04:42
6765,-10.89693324,-37.05740121,47,2014-12-06 10:04:48
6766,-10.89695877,-37.05758255,47,2014-12-06 10:04:54
6767,-10.89705685,-37.05775308,47,2014-12-06 10:05:00
6768,-10.8971325,-37.05781614,47,2014-12-06 10:05:06
6769,-10.89717006,-37.05785087,47,2014-12-06 10:05:12
6770,-10.8972716,-37.05793624,47,2014-12-06 10:05:18
6771,-10.89753406,-37.05815127,47,2014-12-06 10:05:23
6772,-10.89784929,-37.05837899,47,2014-12-06 10:05:28
6773,-10.898337199999999,-37.05815327,47,2014-12-06 10:05:34
6774,-10.89892342,-37.05772666,47,2014-12-06 10:05:40
6775,-10.89958113,-37.05724025,47,2014-12-06 10:05:46
6776,-10.90021957,-37.05681599,47,2014-12-06 10:05:52
6777,-10.90085748,-37.05636098,47,2014-12-06 10:06:00
6778,-10.90131659,-37.05602238,47,2014-12-06 10:06:05
6779,-10.90182536,-37.05564591,47,2014-12-06 10:06:11
6780,-10.90225099,-37.05533884,47,2014-12-06 10:06:16
6781,-10.902561,-37.05512476,47,2014-12-06 10:06:21
6782,-10.90259309,-37.05510169,47,2014-12-06 10:06:26
6783,-10.90259328,-37.05509861,47,2014-12-06 10:06:32
6784,-10.90259267,-37.05509805,47,2014-12-06 10:06:37
6785,-10.9026121,-37.05510122,47,2014-12-06 10:06:43
6786,-10.90261448,-37.05510608,47,2014-12-06 10:06:48
6787,-10.90261121,-37.05510746,47,2014-12-06 10:06:54
6788,-10.90261122,-37.05510735,47,2014-12-06 10:07:00
6789,-10.90261112,-37.0551074,47,2014-12-06 10:07:06
6790,-10.90266121,-37.05507047,47,2014-12-06 10:07:13
6791,-10.90286297,-37.05491172,47,2014-12-06 10:07:18
6792,-10.90308016,-37.0548855,47,2014-12-06 10:07:24
6793,-10.90305039,-37.05523679,47,2014-12-06 10:07:30
6794,-10.90302119,-37.05577409,47,2014-12-06 10:07:35
6795,-10.90301391,-37.05644991,47,2014-12-06 10:07:41
6796,-10.90302219,-37.05688601,47,2014-12-06 10:07:46
6797,-10.90309221,-37.05697072,47,2014-12-06 10:07:52
6798,-10.90327933,-37.056943100000005,47,2014-12-06 10:07:57
6799,-10.90360731,-37.05696071,47,2014-12-06 10:08:02
6800,-10.90386618,-37.05698096,47,2014-12-06 10:08:08
6801,-10.90403636,-37.05698828,47,2014-12-06 10:08:14
6802,-10.90438941,-37.05698726,47,2014-12-06 10:08:20
6803,-10.90464229,-37.05699391,47,2014-12-06 10:08:25
6804,-10.90497933,-37.05700215,47,2014-12-06 10:08:31
6805,-10.90506907,-37.05700768,47,2014-12-06 10:08:36
6806,-10.90507399,-37.05699603,47,2014-12-06 10:08:42
6807,-10.90506006,-37.05699587,47,2014-12-06 10:08:47
6808,-10.90506347,-37.057095200000006,47,2014-12-06 10:08:53
6809,-10.90509722,-37.05745983,47,2014-12-06 10:08:58
6810,-10.90516543,-37.05788759,47,2014-12-06 10:09:04
6811,-10.90524676,-37.05809377,47,2014-12-06 10:09:10
6812,-10.90528809,-37.05801303,47,2014-12-06 10:09:15
6813,-10.90527273,-37.057680100000006,47,2014-12-06 10:09:21
6814,-10.90555751,-37.05759527,47,2014-12-06 10:09:27
6815,-10.90570291,-37.05761265,47,2014-12-06 10:09:33
6816,-10.90571397,-37.0576089,47,2014-12-06 10:09:38
6817,-10.90570924,-37.0576036,47,2014-12-06 10:09:43
6818,-10.90580789,-37.0575922,47,2014-12-06 10:09:49
6819,-10.90607444,-37.05758588,47,2014-12-06 10:09:55
6820,-10.90649098,-37.0575744,47,2014-12-06 10:10:01
6821,-10.90696887,-37.05755404,47,2014-12-06 10:10:06
6822,-10.90755889,-37.05755247,47,2014-12-06 10:10:12
6823,-10.90807263,-37.05754979,47,2014-12-06 10:10:17
6824,-10.90860522,-37.05753466,47,2014-12-06 10:10:22
6825,-10.90920766,-37.0575367,47,2014-12-06 10:10:27
6826,-10.90966537,-37.0575476,47,2014-12-06 10:10:32
6827,-10.90993147,-37.05752628,47,2014-12-06 10:10:38
6828,-10.91005308,-37.05755054,47,2014-12-06 10:10:43
6829,-10.91004185,-37.05755398,47,2014-12-06 10:10:48
6830,-10.91003964,-37.05755458,47,2014-12-06 10:10:54
6831,-10.91003976,-37.05755471,47,2014-12-06 10:11:00
6832,-10.91007185,-37.05755416,47,2014-12-06 10:11:06
6833,-10.91031127,-37.05754094,47,2014-12-06 10:11:11
6834,-10.91078119,-37.05751856,47,2014-12-06 10:11:17
6835,-10.91146856,-37.05751056,47,2014-12-06 10:11:23
6836,-10.91204248,-37.05752017,47,2014-12-06 10:11:29
6837,-10.9122562,-37.05752295,47,2014-12-06 10:11:34
6838,-10.91241178,-37.05753988,47,2014-12-06 10:11:40
6839,-10.91272204,-37.05752197,47,2014-12-06 10:11:46
6840,-10.91313836,-37.05747955,47,2014-12-06 10:11:51
6841,-10.9136125,-37.05745571,47,2014-12-06 10:11:56
6842,-10.91387221,-37.05743449,47,2014-12-06 10:12:02
6843,-10.91386929,-37.05743270000001,47,2014-12-06 10:12:08
6844,-10.91386647,-37.05742901,47,2014-12-06 10:12:13
6845,-10.91386708,-37.05742898,47,2014-12-06 10:12:18
6846,-10.91386702,-37.05742903,47,2014-12-06 10:12:23
6847,-10.913867,-37.05742917,47,2014-12-06 10:12:28
6848,-10.91386696,-37.05742916,47,2014-12-06 10:12:34
6849,-10.9138681,-37.05742925,47,2014-12-06 10:12:40
6850,-10.91410484,-37.05742335,47,2014-12-06 10:12:46
6851,-10.91455463,-37.05743176,47,2014-12-06 10:12:51
6852,-10.91520023,-37.05742975,47,2014-12-06 10:12:57
6853,-10.91580364,-37.05740966,47,2014-12-06 10:13:02
6854,-10.91654206,-37.05740436,47,2014-12-06 10:13:08
6855,-10.91712089,-37.05739819,47,2014-12-06 10:13:13
6856,-10.91763943,-37.05739159,47,2014-12-06 10:13:18
6857,-10.91797614,-37.05739711,47,2014-12-06 10:13:23
6858,-10.91801253,-37.05740515,47,2014-12-06 10:13:29
6859,-10.91800629,-37.05740431,47,2014-12-06 10:13:34
6860,-10.91800102,-37.05739474,47,2014-12-06 10:13:40
6861,-10.91800088,-37.05739453,47,2014-12-06 10:13:45
6862,-10.91800088,-37.05739452,47,2014-12-06 10:13:50
6863,-10.91800087,-37.05739462,47,2014-12-06 10:13:56
6864,-10.91800074,-37.05739471,47,2014-12-06 10:14:01
6865,-10.91817376,-37.05738804,47,2014-12-06 10:14:07
6866,-10.91858285,-37.05739372,47,2014-12-06 10:14:13
6867,-10.91903855,-37.05739347,47,2014-12-06 10:14:18
6868,-10.91974556,-37.05738168,47,2014-12-06 10:14:24
6869,-10.92036369,-37.05736984,47,2014-12-06 10:14:29
6870,-10.92095458,-37.05736093,47,2014-12-06 10:14:34
6871,-10.92154024,-37.05735855,47,2014-12-06 10:14:39
6872,-10.92218018,-37.05735121,47,2014-12-06 10:14:45
6873,-10.92262345,-37.05735259,47,2014-12-06 10:14:51
6874,-10.92306965,-37.05735708,47,2014-12-06 10:14:56
6875,-10.9237247,-37.05735436,47,2014-12-06 10:15:02
6876,-10.92430495,-37.05735555,47,2014-12-06 10:15:07
6877,-10.92484106,-37.05733175,47,2014-12-06 10:15:12
6878,-10.925452499999999,-37.05743987,47,2014-12-06 10:15:18
6879,-10.9259015,-37.05783669,47,2014-12-06 10:15:24
6880,-10.92613526,-37.05803215,47,2014-12-06 10:15:29
6881,-10.92615762,-37.05805919,47,2014-12-06 10:15:35
6882,-10.92615773,-37.05806781,47,2014-12-06 10:15:41
6883,-10.92615864,-37.05807354,47,2014-12-06 10:15:46
6884,-10.9261587,-37.05807381,47,2014-12-06 10:15:51
6885,-10.92615873,-37.05807396,47,2014-12-06 10:15:57
6886,-10.92624323,-37.05813988,47,2014-12-06 10:16:03
6887,-10.92648175,-37.05835367,47,2014-12-06 10:16:08
6888,-10.92690423,-37.05871563,47,2014-12-06 10:16:14
6889,-10.92739562,-37.05916371,47,2014-12-06 10:16:20
6890,-10.92792359,-37.05960983,47,2014-12-06 10:16:26
6891,-10.92846179,-37.06006605,47,2014-12-06 10:16:32
6892,-10.92908445,-37.06034855,47,2014-12-06 10:16:38
6893,-10.92951417,-37.06050941,47,2014-12-06 10:16:43
6894,-10.9297746,-37.06062962,47,2014-12-06 10:16:48
6895,-10.93014284,-37.06078828,47,2014-12-06 10:16:54
6896,-10.93061031,-37.06101497,47,2014-12-06 10:17:00
6897,-10.931246699999999,-37.06122397,47,2014-12-06 10:17:06
6898,-10.93195975,-37.061498,47,2014-12-06 10:17:12
6899,-10.93254604,-37.06170212,47,2014-12-06 10:17:17
6900,-10.93305625,-37.061880200000004,47,2014-12-06 10:17:23
6901,-10.93324462,-37.0619517,47,2014-12-06 10:17:28
6902,-10.93324392,-37.06193623,47,2014-12-06 10:17:34
6903,-10.93342598,-37.06203705,47,2014-12-06 10:17:39
6904,-10.93372273,-37.06215583,47,2014-12-06 10:17:44
6905,-10.934154199999998,-37.06241329,47,2014-12-06 10:17:50
6906,-10.93463682,-37.06271015,47,2014-12-06 10:17:56
6907,-10.93521146,-37.06291555,47,2014-12-06 10:18:02
6908,-10.93583086,-37.06298292,47,2014-12-06 10:18:08
6909,-10.93643914,-37.06300137,47,2014-12-06 10:18:14
6910,-10.93696537,-37.06311304,47,2014-12-06 10:18:19
6911,-10.93742607,-37.06340082,47,2014-12-06 10:18:24
6912,-10.93807974,-37.063589799999995,47,2014-12-06 10:18:30
6913,-10.93877524,-37.06369765,47,2014-12-06 10:18:35
6914,-10.93946496,-37.06403517,47,2014-12-06 10:18:40
6915,-10.94010576,-37.06473157,47,2014-12-06 10:18:46
6916,-10.94066651,-37.06537413,47,2014-12-06 10:18:51
6917,-10.94100124,-37.06579414,47,2014-12-06 10:18:56
6918,-10.94113281,-37.06594683,47,2014-12-06 10:19:02
6919,-10.94130623,-37.06607469,47,2014-12-06 10:19:08
6920,-10.94152867,-37.06635442,47,2014-12-06 10:19:13
6921,-10.94184126,-37.06672218,47,2014-12-06 10:19:19
6922,-10.941939,-37.06683402,47,2014-12-06 10:19:25
6923,-10.94194583,-37.06682702,47,2014-12-06 10:19:30
6924,-10.94193203,-37.06682834,47,2014-12-06 10:19:36
6925,-10.94193237,-37.06682889,47,2014-12-06 10:19:41
6926,-10.94193237,-37.06682915,47,2014-12-06 10:19:47
6927,-10.94193244,-37.06682943,47,2014-12-06 10:19:53
6928,-10.94193282,-37.06683002,47,2014-12-06 10:19:59
6929,-10.94204458,-37.06697732,47,2014-12-06 10:20:05
6930,-10.94226467,-37.06725797,47,2014-12-06 10:20:10
6931,-10.94268395,-37.06770504,47,2014-12-06 10:20:17
6932,-10.943173,-37.06826886,47,2014-12-06 10:20:22
6933,-10.94362983,-37.06881549,47,2014-12-06 10:20:28
6934,-10.944009300000001,-37.06924585,47,2014-12-06 10:20:34
6935,-10.94434408,-37.06965748,47,2014-12-06 10:20:40
6936,-10.94468652,-37.07004749,47,2014-12-06 10:20:45
6937,-10.94502274,-37.07047478,47,2014-12-06 10:20:50
6938,-10.94544007,-37.07097697,47,2014-12-06 10:20:56
6939,-10.94580374,-37.07132123,47,2014-12-06 10:21:01
6940,-10.94614893,-37.0717186,47,2014-12-06 10:21:07
6941,-10.9464278,-37.07204595,47,2014-12-06 10:21:12
6942,-10.94682858,-37.072567,47,2014-12-06 10:21:18
6943,-10.9471758,-37.073078,47,2014-12-06 10:21:24
6944,-10.94738801,-37.07348217,47,2014-12-06 10:21:29
6945,-10.947266,-37.07370164,47,2014-12-06 10:21:34
6946,-10.94697445,-37.07360331,47,2014-12-06 10:21:40
6947,-10.94711995,-37.07335416,47,2014-12-06 10:21:45
6948,-10.94750909,-37.07299502,47,2014-12-06 10:21:51
6949,-10.94786159,-37.07284255,47,2014-12-06 10:21:57
6950,-10.94779063,-37.07320155,47,2014-12-06 10:22:03
6951,-10.9474597,-37.073063,47,2014-12-06 10:22:09
6952,-10.94721316,-37.07284459,47,2014-12-06 10:22:14
6953,-10.94690314,-37.07243506,47,2014-12-06 10:22:19
6954,-10.94658237,-37.07200908,47,2014-12-06 10:22:24
6955,-10.94622006,-37.07155464,47,2014-12-06 10:22:30
6956,-10.94637868,-37.07129699,47,2014-12-06 10:22:36
6957,-10.94668607,-37.07102357,47,2014-12-06 10:22:42
6958,-10.94683361,-37.07096635,47,2014-12-06 10:22:47
6959,-10.9467552,-37.07108926,47,2014-12-06 10:22:52
6960,-10.94674316,-37.07124359,47,2014-12-06 10:22:58
6961,-10.94687095,-37.07138545,47,2014-12-06 10:23:03
6962,-10.94701894,-37.07154374,47,2014-12-06 10:23:09
6963,-10.94726318,-37.07149202,47,2014-12-06 10:23:14
6964,-10.94738018,-37.07133287,47,2014-12-06 10:23:19
6965,-10.94741948,-37.07116378,47,2014-12-06 10:23:25
6966,-10.94738828,-37.071093700000006,47,2014-12-06 10:23:31
6967,-10.94740176,-37.07110959,47,2014-12-06 10:23:36
6968,-10.94740651,-37.07111904,47,2014-12-06 10:23:42
6969,-10.947404400000002,-37.07114198,47,2014-12-06 10:23:48
6970,-10.94740427,-37.07114874,47,2014-12-06 10:24:00
6971,-10.94740419,-37.07114875,47,2014-12-06 10:24:05
6972,-10.94740421,-37.07114872,47,2014-12-06 10:24:11
6973,-10.94738064,-37.07111784,47,2014-12-06 10:24:17
6974,-10.94730905,-37.07102688,47,2014-12-06 10:24:23
6975,-10.94721781,-37.07091015,47,2014-12-06 10:24:28
6976,-10.94707886,-37.07081713,47,2014-12-06 10:24:34
6977,-10.9469778,-37.07088307,47,2014-12-06 10:24:39
6978,-10.94688606,-37.07091845,47,2014-12-06 10:24:45
6979,-10.94661649,-37.07101434,48,2014-12-06 10:03:56
6980,-10.94630494,-37.07129353,48,2014-12-06 10:04:01
6981,-10.946092,-37.07143151,48,2014-12-06 10:04:07
6982,-10.94591417,-37.07124263,48,2014-12-06 10:04:13
6983,-10.94558621,-37.07084733,48,2014-12-06 10:04:19
6984,-10.94522735,-37.07044132,48,2014-12-06 10:04:25
6985,-10.94481985,-37.06996931,48,2014-12-06 10:04:31
6986,-10.94437596,-37.0694441,48,2014-12-06 10:04:36
6987,-10.94391111,-37.06894126,48,2014-12-06 10:04:42
6988,-10.94336108,-37.068343299999995,48,2014-12-06 10:04:48
6989,-10.9428766,-37.0677487,48,2014-12-06 10:04:54
6990,-10.94258317,-37.06740056,48,2014-12-06 10:05:00
6991,-10.94255544,-37.0674013,48,2014-12-06 10:05:06
6992,-10.94255169,-37.06740695,48,2014-12-06 10:05:12
6993,-10.94255015,-37.06739959,48,2014-12-06 10:05:18
6994,-10.94254986,-37.06739865,48,2014-12-06 10:05:23
6995,-10.94254904,-37.067397899999996,48,2014-12-06 10:05:28
6996,-10.94241159,-37.06723602,48,2014-12-06 10:05:34
6997,-10.94219158,-37.066987299999994,48,2014-12-06 10:05:40
6998,-10.94187175,-37.06663107,48,2014-12-06 10:05:46
6999,-10.94141168,-37.06607133,48,2014-12-06 10:05:52
7000,-10.94086034,-37.065427500000006,48,2014-12-06 10:06:00
7001,-10.94036743,-37.06489124,48,2014-12-06 10:06:05
7002,-10.93980869,-37.06425778,48,2014-12-06 10:06:11
7003,-10.93931534,-37.06381458,48,2014-12-06 10:06:16
7004,-10.93863833,-37.06338882,48,2014-12-06 10:06:21
7005,-10.93795709,-37.06298038,48,2014-12-06 10:06:26
7006,-10.93734194,-37.06287801,48,2014-12-06 10:06:32
7007,-10.93656498,-37.06285084,48,2014-12-06 10:06:37
7008,-10.93572362,-37.06283923,48,2014-12-06 10:06:43
7009,-10.93492341,-37.06276569,48,2014-12-06 10:06:48
7010,-10.93432376,-37.06241763,48,2014-12-06 10:06:54
7011,-10.9336918,-37.0620535,48,2014-12-06 10:07:00
7012,-10.93298935,-37.06177672,48,2014-12-06 10:07:06
7013,-10.93217141,-37.06150713,48,2014-12-06 10:07:13
7014,-10.93134343,-37.0612169,48,2014-12-06 10:07:18
7015,-10.93096186,-37.06107633,48,2014-12-06 10:07:24
7016,-10.93053143,-37.06090418,48,2014-12-06 10:07:30
7017,-10.93007984,-37.06072475,48,2014-12-06 10:07:35
7018,-10.92940731,-37.06043291,48,2014-12-06 10:07:41
7019,-10.92868003,-37.06010758,48,2014-12-06 10:07:46
7020,-10.92773617,-37.0593419,48,2014-12-06 10:07:52
7021,-10.92702486,-37.05875791,48,2014-12-06 10:07:57
7022,-10.92649228,-37.05830595,48,2014-12-06 10:08:02
7023,-10.92586767,-37.05777331,48,2014-12-06 10:08:08
7024,-10.92520161,-37.05731105,48,2014-12-06 10:08:14
7025,-10.92459872,-37.05731348,48,2014-12-06 10:08:20
7026,-10.92380548,-37.05731754,48,2014-12-06 10:08:25
7027,-10.92296912,-37.0573295,48,2014-12-06 10:08:31
7028,-10.92216193,-37.05732853,48,2014-12-06 10:08:36
7029,-10.92140089,-37.05732559,48,2014-12-06 10:08:42
7030,-10.92060502,-37.05735343,48,2014-12-06 10:08:47
7031,-10.91988314,-37.05737165,48,2014-12-06 10:08:53
7032,-10.91951242,-37.05740078,48,2014-12-06 10:08:58
7033,-10.91934698,-37.05739476,48,2014-12-06 10:09:04
7034,-10.91933688,-37.0573744,48,2014-12-06 10:09:10
7035,-10.91933001,-37.05736803,48,2014-12-06 10:09:15
7036,-10.91933325,-37.05737049,48,2014-12-06 10:09:21
7037,-10.919333300000002,-37.05737042,48,2014-12-06 10:09:27
7038,-10.91912014,-37.05736761,48,2014-12-06 10:09:33
7039,-10.91883152,-37.05740032,48,2014-12-06 10:09:38
7040,-10.9183324,-37.05745283,48,2014-12-06 10:09:43
7041,-10.91783277,-37.05744958,48,2014-12-06 10:09:49
7042,-10.91700138,-37.05744402,48,2014-12-06 10:09:55
7043,-10.91631367,-37.05743386,48,2014-12-06 10:10:01
7044,-10.91547435,-37.05743847,48,2014-12-06 10:10:06
7045,-10.9147598,-37.05744401,48,2014-12-06 10:10:12
7046,-10.91417688,-37.05746151,48,2014-12-06 10:10:17
7047,-10.91361513,-37.05747364,48,2014-12-06 10:10:22
7048,-10.91312577,-37.057502899999996,48,2014-12-06 10:10:27
7049,-10.91272858,-37.05747662,48,2014-12-06 10:10:32
7050,-10.91227192,-37.05748255,48,2014-12-06 10:10:38
7051,-10.91194132,-37.0574602,48,2014-12-06 10:10:43
7052,-10.91187298,-37.05747068,48,2014-12-06 10:10:48
7053,-10.91185696,-37.05743282,48,2014-12-06 10:10:54
7054,-10.91185098,-37.05743117,48,2014-12-06 10:11:00
7055,-10.91185148,-37.05743184,48,2014-12-06 10:11:06
7056,-10.91185127,-37.05743189,48,2014-12-06 10:11:11
7057,-10.91185125,-37.05743188,48,2014-12-06 10:11:17
7058,-10.9118511,-37.05743164,48,2014-12-06 10:11:23
7059,-10.9118511,-37.05743154,48,2014-12-06 10:11:29
7060,-10.91185111,-37.05743133,48,2014-12-06 10:11:34
7061,-10.91185102,-37.05743136,48,2014-12-06 10:11:40
7062,-10.91173647,-37.05743209,48,2014-12-06 10:11:46
7063,-10.91159959,-37.05745096,48,2014-12-06 10:11:51
7064,-10.91122419,-37.05747907,48,2014-12-06 10:11:56
7065,-10.91085694,-37.05749415,48,2014-12-06 10:12:02
7066,-10.91036674,-37.0574373,48,2014-12-06 10:12:08
7067,-10.90989235,-37.05746572,48,2014-12-06 10:12:13
7068,-10.90923353,-37.05750459,48,2014-12-06 10:12:18
7069,-10.90864284,-37.05750512,48,2014-12-06 10:12:23
7070,-10.90841794,-37.05752211,48,2014-12-06 10:12:28
7071,-10.90841351,-37.05754925,48,2014-12-06 10:12:34
7072,-10.90840597,-37.05755981,48,2014-12-06 10:12:40
7073,-10.90840255,-37.05756129,48,2014-12-06 10:12:46
7074,-10.90834611,-37.05756258,48,2014-12-06 10:12:51
7075,-10.9080639,-37.05755934,48,2014-12-06 10:12:57
7076,-10.90763534,-37.05754116,48,2014-12-06 10:13:02
7077,-10.90723163,-37.05753452,48,2014-12-06 10:13:08
7078,-10.90701416,-37.05753529,48,2014-12-06 10:13:13
7079,-10.90695015,-37.05753167,48,2014-12-06 10:13:18
7080,-10.90693111,-37.057516799999995,48,2014-12-06 10:13:23
7081,-10.90689947,-37.05751661,48,2014-12-06 10:13:29
7082,-10.90690355,-37.05751472,48,2014-12-06 10:13:34
7083,-10.90690291,-37.05752055,48,2014-12-06 10:13:40
7084,-10.90690282,-37.05752139,48,2014-12-06 10:13:45
7085,-10.90690276,-37.05752145,48,2014-12-06 10:13:50
7086,-10.90690277,-37.05752153,48,2014-12-06 10:13:56
7087,-10.90690285,-37.05752157,48,2014-12-06 10:14:01
7088,-10.90679717,-37.05752159,48,2014-12-06 10:14:07
7089,-10.90649642,-37.05753884,48,2014-12-06 10:14:13
7090,-10.906252,-37.05771512,48,2014-12-06 10:14:18
7091,-10.90626741,-37.05826148,48,2014-12-06 10:14:24
7092,-10.90627862,-37.0588326,48,2014-12-06 10:14:29
7093,-10.90625567,-37.05906927,48,2014-12-06 10:14:34
7094,-10.90601929,-37.05907376,48,2014-12-06 10:14:39
7095,-10.90570313,-37.05905886,48,2014-12-06 10:14:45
7096,-10.90550731,-37.05904842,48,2014-12-06 10:14:51
7097,-10.90533729,-37.05904531,48,2014-12-06 10:14:56
7098,-10.905335899999999,-37.05903641,48,2014-12-06 10:15:02
7099,-10.90527599,-37.05903651,48,2014-12-06 10:15:07
7100,-10.90507543,-37.05903412,48,2014-12-06 10:15:12
7101,-10.90481795,-37.05903804,48,2014-12-06 10:15:18
7102,-10.90451115,-37.05902926,48,2014-12-06 10:15:24
7103,-10.90409005,-37.05903321,48,2014-12-06 10:15:29
7104,-10.903725999999999,-37.05901682,48,2014-12-06 10:15:35
7105,-10.90344408,-37.05900858,48,2014-12-06 10:15:41
7106,-10.90328248,-37.05901403,48,2014-12-06 10:15:46
7107,-10.90328122,-37.05902012,48,2014-12-06 10:15:51
7108,-10.903282,-37.05901683,48,2014-12-06 10:15:57
7109,-10.90328156,-37.05901728,48,2014-12-06 10:16:03
7110,-10.90317792,-37.05900779,48,2014-12-06 10:16:08
7111,-10.90313764,-37.05900818,48,2014-12-06 10:16:14
7112,-10.90313349,-37.05900384,48,2014-12-06 10:16:20
7113,-10.90313044,-37.05900227,48,2014-12-06 10:16:26
7114,-10.90305222,-37.05898344,48,2014-12-06 10:16:32
7115,-10.9030412,-37.05899179,48,2014-12-06 10:16:38
7116,-10.90281392,-37.05900107,48,2014-12-06 10:16:43
7117,-10.90236397,-37.05898938,48,2014-12-06 10:16:48
7118,-10.90188796,-37.058986700000005,48,2014-12-06 10:16:54
7119,-10.90134715,-37.05898471,48,2014-12-06 10:17:00
7120,-10.90061528,-37.05895704,48,2014-12-06 10:17:06
7121,-10.89972906,-37.05895259,48,2014-12-06 10:17:12
7122,-10.89914014,-37.05894479,48,2014-12-06 10:17:17
7123,-10.89896547,-37.05863308,48,2014-12-06 10:17:23
7124,-10.89881736,-37.05806894,48,2014-12-06 10:17:28
7125,-10.89874956,-37.05786393,48,2014-12-06 10:17:34
7126,-10.89871557,-37.05780537,48,2014-12-06 10:17:39
7127,-10.89869487,-37.05777406,48,2014-12-06 10:17:44
7128,-10.89869674,-37.05777066,48,2014-12-06 10:17:50
7129,-10.89854158,-37.05783514,48,2014-12-06 10:17:56
7130,-10.89828844,-37.0580189,48,2014-12-06 10:18:02
7131,-10.89788814,-37.05829135,48,2014-12-06 10:18:08
7132,-10.89763764,-37.05819663,48,2014-12-06 10:18:14
7133,-10.89732726,-37.05790007,48,2014-12-06 10:18:19
7134,-10.8971295,-37.05774991,48,2014-12-06 10:18:24
7135,-10.89699943,-37.05749039,48,2014-12-06 10:18:30
7136,-10.89694619,-37.05733951,48,2014-12-06 10:18:35
7137,-10.89688885,-37.05702453,48,2014-12-06 10:18:40
7138,-10.89674184,-37.05646509,48,2014-12-06 10:18:46
7139,-10.89663468,-37.05591049,48,2014-12-06 10:18:51
7140,-10.89650446,-37.05544978,48,2014-12-06 10:18:56
7141,-10.89642038,-37.05496378,48,2014-12-06 10:19:02
7142,-10.89636203,-37.05451145,48,2014-12-06 10:19:08
7143,-10.89631652,-37.05412719,48,2014-12-06 10:19:13
7144,-10.89624987,-37.05366474,48,2014-12-06 10:19:19
7145,-10.896196400000001,-37.05342447,48,2014-12-06 10:19:25
7146,-10.89620664,-37.05338934,48,2014-12-06 10:19:30
7147,-10.89629137,-37.05334421,48,2014-12-06 10:19:36
7148,-10.89655733,-37.05337991,48,2014-12-06 10:19:41
7149,-10.89678136,-37.05340293,48,2014-12-06 10:19:47
7150,-10.929531599999999,-37.067089200000005,49,2014-12-09 09:15:12
7151,-10.9281401,-37.0731174,49,2014-12-09 09:15:32
7152,-10.929531599999999,-37.067089200000005,49,2014-12-09 09:15:54
7153,-10.9294741,-37.066720700000005,49,2014-12-09 09:16:22
7154,-10.9280251,-37.0723804,49,2014-12-09 09:16:45
7155,-10.9280251,-37.0723804,49,2014-12-09 09:17:05
7156,-10.9280251,-37.0723804,49,2014-12-09 09:17:25
7157,-10.9280826,-37.0727489,49,2014-12-09 09:17:46
7158,-10.9281401,-37.0731174,49,2014-12-09 09:18:06
7159,-10.9281401,-37.0731174,49,2014-12-09 09:18:26
7160,-10.9281401,-37.0731174,49,2014-12-09 09:18:46
7161,-10.9281401,-37.0731174,49,2014-12-09 09:19:06
7162,-10.9281401,-37.0731174,49,2014-12-09 09:19:26
7163,-10.9281401,-37.0731174,49,2014-12-09 09:19:46
7164,-10.9281401,-37.0731174,49,2014-12-09 09:20:06
7165,-10.9284459,-37.081808200000005,49,2014-12-09 09:20:50
7166,-10.9284459,-37.081808200000005,49,2014-12-09 09:21:06
7167,-10.9286645,-37.0825066,49,2014-12-09 09:21:29
7168,-10.928883099999998,-37.083205,49,2014-12-09 09:21:47
7169,-10.928883099999998,-37.083205,49,2014-12-09 09:22:07
7170,-10.923052900000002,-37.080967,49,2014-12-09 09:22:33
7171,-10.9172227,-37.078728999999996,49,2014-12-09 09:22:47
7172,-10.916168800000001,-37.0829009,49,2014-12-09 09:23:09
7173,-10.9151148,-37.0870727,49,2014-12-09 09:23:27
7174,-10.9151148,-37.0870727,49,2014-12-09 09:23:47
7175,-10.9151148,-37.0870727,49,2014-12-09 09:24:07
7176,-10.9151148,-37.0870727,49,2014-12-09 09:24:27
7177,-10.9151148,-37.0870727,49,2014-12-09 09:24:47
7178,-10.9151148,-37.0870727,49,2014-12-09 09:25:07
7179,-10.9151148,-37.0870727,49,2014-12-09 09:25:27
7180,-10.9151148,-37.0870727,49,2014-12-09 09:25:47
7181,-10.9210665,-37.079167299999995,49,2014-12-09 09:26:30
7182,-10.9229114,-37.0798276,49,2014-12-09 09:26:47
7183,-10.921327900000001,-37.084084600000004,49,2014-12-09 09:27:08
7184,-10.9157933,-37.082104,49,2014-12-09 09:27:27
7185,-10.917376800000001,-37.077847,49,2014-12-09 09:27:47
7186,-10.9172997,-37.078288,49,2014-12-09 09:28:07
7187,-10.9210151,-37.0794614,49,2014-12-09 09:28:27
7188,-10.917376800000001,-37.077847,49,2014-12-09 09:28:47
7189,-10.9172997,-37.078288,49,2014-12-09 09:29:07
7190,-10.9172227,-37.078728999999996,49,2014-12-09 09:29:27
7191,-10.9172227,-37.078728999999996,49,2014-12-09 09:29:47
7192,-10.920406800000002,-37.0830022,49,2014-12-09 09:30:07
7193,-10.921999000000001,-37.085138799999996,49,2014-12-09 09:30:27
7194,-10.9151148,-37.0870727,49,2014-12-09 09:30:47
7195,-10.9151148,-37.0870727,49,2014-12-09 09:31:07
7196,-10.921999000000001,-37.085138799999996,49,2014-12-09 09:31:27
7197,-10.928883099999998,-37.083205,49,2014-12-09 09:31:47
7198,-10.928883099999998,-37.083205,49,2014-12-09 09:32:07
7199,-10.928883099999998,-37.083205,49,2014-12-09 09:32:27
7200,-10.928883099999998,-37.083205,49,2014-12-09 09:32:47
7201,-10.928883099999998,-37.083205,49,2014-12-09 09:33:07
7202,-10.928883099999998,-37.083205,49,2014-12-09 09:33:28
7203,-10.928883099999998,-37.083205,49,2014-12-09 09:33:48
7204,-10.9096076,-37.0961336,49,2014-12-09 09:34:30
7205,-10.910048,-37.0946638,49,2014-12-09 09:34:51
7206,-10.9104884,-37.0931939,49,2014-12-09 09:35:08
7207,-10.9104884,-37.0931939,49,2014-12-09 09:35:28
7208,-10.9104884,-37.0931939,49,2014-12-09 09:35:48
7209,-10.9104884,-37.0931939,49,2014-12-09 09:36:08
7210,-10.9104884,-37.0931939,49,2014-12-09 09:36:28
7211,-10.9104884,-37.0931939,49,2014-12-09 09:36:48
7212,-10.9104884,-37.0931939,49,2014-12-09 09:37:08
7213,-10.9104884,-37.0931939,49,2014-12-09 09:37:28
7214,-10.9176097,-37.0991841,49,2014-12-09 09:37:51
7215,-10.924731,-37.105174299999995,49,2014-12-09 09:38:11
7216,-10.924731,-37.105174299999995,49,2014-12-09 09:38:31
7217,-10.924731,-37.105174299999995,49,2014-12-09 09:38:51
7218,-10.924731,-37.105174299999995,49,2014-12-09 09:39:11
7219,-10.9222296,-37.097165999999994,49,2014-12-09 09:40:21
7220,-10.9222296,-37.097165999999994,49,2014-12-09 09:40:31
7221,-10.9222296,-37.097165999999994,49,2014-12-09 09:40:51
7222,-10.9222296,-37.097165999999994,49,2014-12-09 09:41:11
7223,-10.9222296,-37.097165999999994,49,2014-12-09 09:41:31
7224,-10.9222296,-37.097165999999994,49,2014-12-09 09:41:51
7225,-10.9222296,-37.097165999999994,49,2014-12-09 09:42:11
7226,-10.9222296,-37.097165999999994,49,2014-12-09 09:42:32
7227,-10.9222296,-37.097165999999994,49,2014-12-09 09:42:52
7228,-10.9222296,-37.097165999999994,49,2014-12-09 09:43:12
7229,-10.9222296,-37.097165999999994,49,2014-12-09 09:43:32
7230,-10.9222296,-37.097165999999994,49,2014-12-09 09:43:52
7231,-10.9222296,-37.097165999999994,49,2014-12-09 09:44:12
7232,-10.9222296,-37.097165999999994,49,2014-12-09 09:44:32
7233,-10.9222296,-37.097165999999994,49,2014-12-09 09:44:52
7234,-10.9222296,-37.097165999999994,49,2014-12-09 09:45:12
7320,-10.99013389,-37.53588639,51,2014-12-15 10:32:12
7321,-10.99100488,-37.53404758,51,2014-12-15 10:32:23
7322,-10.99229328,-37.53211574,51,2014-12-15 10:32:34
7323,-27.60317052,-48.51641534,54,2014-12-18 14:49:46
7324,-27.60316727,-48.51641889,54,2014-12-18 14:49:52
7325,-27.603165,-48.51641851,54,2014-12-18 14:49:57
7326,-27.60316306,-48.51641991,54,2014-12-18 14:50:02
7327,-27.60317222,-48.51640595,54,2014-12-18 14:50:08
7328,-27.60317188,-48.51640615,54,2014-12-18 14:50:14
7329,-27.60317203,-48.51640645,54,2014-12-18 14:50:20
7330,-27.60317466,-48.516397,54,2014-12-18 14:50:26
7331,-27.34482954,-48.63180951,55,2014-12-22 12:46:17
7333,-27.3438514,-48.6308816,55,2014-12-22 12:46:23
7335,-27.343147899999998,-48.63007833,55,2014-12-22 12:46:28
7338,-27.34236156,-48.62910607,55,2014-12-22 12:46:34
7340,-27.341688,-48.62829898,55,2014-12-22 12:46:39
7342,-27.34096088,-48.62754775,55,2014-12-22 12:46:44
7343,-27.33987419,-48.62711356,55,2014-12-22 12:46:50
7345,-27.33888033,-48.62709332,55,2014-12-22 12:46:55
7347,-27.33785049,-48.62707891,55,2014-12-22 12:47:01
7349,-27.33694353,-48.62704236,55,2014-12-22 12:47:06
7351,-27.33571845,-48.62692199,55,2014-12-22 12:47:12
7353,-27.33461206,-48.62687315,55,2014-12-22 12:47:17
7355,-27.3332122,-48.62691418,55,2014-12-22 12:47:23
7357,-27.33209316,-48.62684931,55,2014-12-22 12:47:28
7359,-27.33071388,-48.6267647,55,2014-12-22 12:47:34
7361,-27.32935036,-48.62674152,55,2014-12-22 12:47:40
7363,-27.32818208,-48.62670236,55,2014-12-22 12:47:45
7365,-27.32678043,-48.62680475,55,2014-12-22 12:47:51
7367,-27.32562905,-48.62695638,55,2014-12-22 12:47:56
7369,-27.32428895,-48.62712914,55,2014-12-22 12:48:02
7371,-27.32315613,-48.6272823,55,2014-12-22 12:48:07
7373,-27.32209544,-48.62745085,55,2014-12-22 12:48:12
7375,-27.32097215,-48.62768773,55,2014-12-22 12:48:18
7377,-27.32016269,-48.62802567,55,2014-12-22 12:48:23
7379,-27.31910011,-48.62865445,55,2014-12-22 12:48:29
7381,-27.31789962,-48.6293352,55,2014-12-22 12:48:35
7383,-27.31661704,-48.630052,55,2014-12-22 12:48:41
7384,-27.31525264,-48.63078041,55,2014-12-22 12:48:47
7387,-27.31420843,-48.63131853,55,2014-12-22 12:48:52
7389,-27.31322129,-48.63189695,55,2014-12-22 12:48:57
7391,-27.31193477,-48.63259165,55,2014-12-22 12:49:03
7393,-27.31053845,-48.63291841,55,2014-12-22 12:49:09
7395,-27.30933188,-48.632913,55,2014-12-22 12:49:14
7397,-27.30817604,-48.63276985,55,2014-12-22 12:49:19
7399,-27.30670571,-48.63264379,55,2014-12-22 12:49:25
7401,-27.30535296,-48.63247625,55,2014-12-22 12:49:30
7403,-27.30383131,-48.63225675,55,2014-12-22 12:49:36
7405,-27.30275463,-48.63213117,55,2014-12-22 12:49:41
7407,-27.30164922,-48.63197779,55,2014-12-22 12:49:46
7409,-27.30028134,-48.63181922,55,2014-12-22 12:49:52
7411,-27.29916077,-48.63166863,55,2014-12-22 12:49:57
7413,-27.29805962,-48.63151729,55,2014-12-22 12:50:02
7415,-27.29681178,-48.63138165,55,2014-12-22 12:50:08
7417,-27.29557647,-48.63122353,55,2014-12-22 12:50:14
7419,-27.29443245,-48.63109847,55,2014-12-22 12:50:20
7421,-27.29368302,-48.63100714,55,2014-12-22 12:50:25
7423,-27.29284056,-48.63097495,55,2014-12-22 12:50:31
7424,-27.29187278,-48.63087097,55,2014-12-22 12:50:37
7426,-27.29080468,-48.63072946,55,2014-12-22 12:50:43
7429,-27.28965995,-48.63076256,55,2014-12-22 12:50:49
7431,-27.28840588,-48.63081317,55,2014-12-22 12:50:55
7433,-27.2873461,-48.6308521,55,2014-12-22 12:51:00
7435,-27.28622508,-48.6308958,55,2014-12-22 12:51:05
7437,-27.28504798,-48.63095695,55,2014-12-22 12:51:10
7439,-27.283674100000002,-48.63102637,55,2014-12-22 12:51:16
7441,-10.928780300000001,-37.0664648,58,2015-01-21 07:34:05
7442,-10.928695300000001,-37.0667396,58,2015-01-21 07:34:25
7443,-10.9285836,-37.066998299999995,58,2015-01-21 07:35:05
7444,-10.9281926,-37.067783299999995,58,2015-01-21 07:35:28
7445,-10.928121699999998,-37.068669899999996,58,2015-01-21 07:35:47
7446,-10.9278662,-37.0696519,58,2015-01-21 07:36:09
7447,-10.927281599999999,-37.071026700000004,58,2015-01-21 07:36:32
7448,-10.927122800000001,-37.071221,58,2015-01-21 07:36:48
7449,-10.927210800000001,-37.07114970000001,58,2015-01-21 07:37:05
7450,-10.9275656,-37.0719226,58,2015-01-21 07:37:25
7451,-10.928287800000001,-37.0719256,58,2015-01-21 07:37:47
7452,-10.9287009,-37.072053100000005,58,2015-01-21 07:38:05
7453,-10.9281957,-37.0723136,58,2015-01-21 07:38:25
7454,-10.925899699999999,-37.0751808,58,2015-01-21 07:38:49
7455,-10.925716099999999,-37.075154100000006,58,2015-01-21 07:39:06
7456,-10.925418400000002,-37.076027,58,2015-01-21 07:39:26
7457,-10.9254174,-37.076026899999995,58,2015-01-21 07:39:48
7458,-10.925417699999999,-37.0760268,58,2015-01-21 07:40:06
7459,-10.925435,-37.0761291,58,2015-01-21 07:40:26
7460,-10.927947099999999,-37.0771953,58,2015-01-21 07:40:46
7461,-10.976466,-37.063907,58,2015-01-21 07:41:12
7462,-10.9285216,-37.081692499999996,58,2015-01-21 07:41:30
7463,-10.9285216,-37.081692499999996,58,2015-01-21 07:41:46
7464,-10.9285216,-37.081692499999996,58,2015-01-21 07:42:06
7465,-10.9285216,-37.081692499999996,58,2015-01-21 07:42:26
7466,-10.930332,-37.0804099,58,2015-01-21 07:42:51
7467,-10.9185371,-37.092205299999996,58,2015-01-21 07:43:24
7468,-10.9141498,-37.0871967,58,2015-01-21 07:43:48
7469,-10.9133392,-37.087011100000005,58,2015-01-21 07:44:06
7470,-10.9133392,-37.087011100000005,58,2015-01-21 07:44:30
7471,-10.9133392,-37.087011100000005,58,2015-01-21 07:44:50
7472,-10.9133392,-37.087011100000005,58,2015-01-21 07:45:10
7473,-10.9138796,-37.0871348,58,2015-01-21 07:45:26
7474,-10.91442,-37.0872586,58,2015-01-21 07:45:46
7475,-10.9148054,-37.0845565,58,2015-01-21 07:46:16
7476,-10.9148054,-37.0845565,58,2015-01-21 07:46:30
7477,-10.9133392,-37.087011100000005,58,2015-01-21 07:46:46
7478,-10.9209304,-37.0843518,58,2015-01-21 07:47:06
7479,-10.918861099999999,-37.0855925,58,2015-01-21 07:47:27
7480,-10.9147403,-37.087824499999996,58,2015-01-21 07:47:49
7481,-10.9189404,-37.085361999999996,58,2015-01-21 07:48:07
7482,-10.9147403,-37.087824100000006,58,2015-01-21 07:48:27
7483,-10.921213,-37.0849109,58,2015-01-21 07:48:52
7484,-10.923297300000002,-37.084087100000005,58,2015-01-21 07:49:11
7485,-10.922073699999999,-37.0814169,58,2015-01-21 07:49:28
7486,-10.928030900000001,-37.08355770000001,58,2015-01-21 07:50:08
7487,-10.922073699999999,-37.0814169,58,2015-01-21 07:50:32
7488,-10.9252977,-37.081554700000005,58,2015-01-21 07:50:48
7489,-10.9282763,-37.0826251,58,2015-01-21 07:51:08
7490,-10.9234609,-37.0834654,58,2015-01-21 07:51:28
7491,-10.924603300000001,-37.0834885,58,2015-01-21 07:51:49
7492,-10.923837599999999,-37.084210799999994,58,2015-01-21 07:52:12
7493,-10.921495599999998,-37.08547,58,2015-01-21 07:52:29
7494,-10.928030900000001,-37.08355770000001,58,2015-01-21 07:52:49
7495,-10.9225328,-37.0947912,58,2015-01-21 07:53:13
7496,-10.9282763,-37.0826251,58,2015-01-21 07:53:33
7497,-10.920005,-37.0912966,58,2015-01-21 07:53:49
7498,-10.910934800000001,-37.099798799999995,58,2015-01-21 07:54:13
7499,-10.9222565,-37.099311,58,2015-01-21 07:54:33
7500,-10.9222686,-37.099095500000004,58,2015-01-21 07:54:46
7513,-10.8967926,-37.05351068,61,2015-02-06 19:33:18
7514,-10.89684891,-37.05348504,61,2015-02-06 19:33:29
7515,-10.89681812,-37.05351901,61,2015-02-06 19:33:40
7516,-10.89681917,-37.05352891,61,2015-02-06 19:33:50
7517,-10.89681949,-37.05352899,61,2015-02-06 19:33:51
7519,-10.89687711,-37.05360013,63,2015-02-06 19:40:59
7520,-10.89684121,-37.05353753,63,2015-02-06 19:41:09
7523,-10.89681579,-37.05354392,65,2015-02-06 19:58:48
7524,-10.89680199,-37.05348913,65,2015-02-06 19:59:21
7525,-10.89680199,-37.05348913,65,2015-02-06 19:59:21
7529,-10.89680977,-37.05350849,67,2015-02-06 20:06:47
7530,-10.8967863,-37.05359277,67,2015-02-06 20:06:58
7531,-10.89679483,-37.05358995,67,2015-02-06 20:07:08
7532,-10.89679471,-37.05358889,67,2015-02-06 20:07:19
7533,-10.89679489,-37.053588500000004,67,2015-02-06 20:07:30
7534,-10.8967954,-37.05358809,67,2015-02-06 20:07:41
7535,-10.89679632,-37.05358755,67,2015-02-06 20:07:52
7536,-10.89679661,-37.05358699,67,2015-02-06 20:08:03
7537,-10.89679705,-37.05358685,67,2015-02-06 20:08:14
7538,-10.89679725,-37.05358682,67,2015-02-06 20:08:24
7539,-10.89679782,-37.05358669,67,2015-02-06 20:08:35
7545,-10.89680486,-37.05357979,70,2015-02-06 20:18:16
7546,-10.89680799,-37.05351367,70,2015-02-06 20:18:26
7547,-10.89680722,-37.05351472,70,2015-02-06 20:19:07
7548,-10.89680721,-37.05351477,70,2015-02-06 20:19:18
7549,-10.89680721,-37.05351477,70,2015-02-06 20:19:18
7550,-10.8968087,-37.05351538,70,2015-02-06 20:19:58
7557,-10.89682828,-37.05352295,78,2015-02-06 20:50:23
7558,-10.89680933,-37.05350889,78,2015-02-06 20:50:28
7607,-10.89685371,-37.05353246,99,2015-02-06 21:26:26
7608,-10.89685369,-37.05353241,99,2015-02-06 21:26:35
7609,-10.89685368,-37.05353232,99,2015-02-06 21:26:46
7610,-10.89685363,-37.0535323,99,2015-02-06 21:26:56
7611,-10.89682057,-37.05352789,99,2015-02-06 21:27:06
7612,-10.89678825,-37.05358355,99,2015-02-06 21:27:17
7613,-10.89684645,-37.0536093,99,2015-02-06 21:27:27
7614,-10.89690247,-37.05355596,99,2015-02-06 21:27:37
7615,-10.89687246,-37.05357109,99,2015-02-06 21:27:47
7616,-10.89686193,-37.05356804,99,2015-02-06 21:27:58
7617,-10.89670708,-37.05357138,99,2015-02-06 21:28:09
7618,-10.89679119,-37.05361728,99,2015-02-06 21:28:19
8655,-10.89685835,-37.05355699,128,2015-02-10 07:02:40
8656,-10.89685646,-37.05355595,128,2015-02-10 07:02:50
8657,-10.89685625,-37.05355403,128,2015-02-10 07:03:01
8658,-10.896856199999998,-37.05355389,128,2015-02-10 07:03:12
8659,-10.89685579,-37.05355327,128,2015-02-10 07:03:23
8660,-10.89685548,-37.05355279,128,2015-02-10 07:03:33
8661,-10.89685551,-37.05355279,128,2015-02-10 07:03:44
8662,-10.89685551,-37.05355279,128,2015-02-10 07:03:55
8663,-10.89685551,-37.05355263,128,2015-02-10 07:04:05
8664,-10.89685526,-37.05355223,128,2015-02-10 07:04:15
8665,-10.89682707,-37.05348407,128,2015-02-10 07:04:26
8666,-10.89672912,-37.05343994,128,2015-02-10 07:04:37
8667,-10.89666293,-37.05341784,128,2015-02-10 07:04:47
8668,-10.89653925,-37.05340109,128,2015-02-10 07:04:58
8669,-10.89643222,-37.05337869,128,2015-02-10 07:05:08
8670,-10.89636405,-37.0533446,128,2015-02-10 07:05:18
8671,-10.89631141,-37.05332775,128,2015-02-10 07:05:29
8672,-10.89631822,-37.05330675,128,2015-02-10 07:05:39
8673,-10.89630986,-37.05330629,128,2015-02-10 07:05:49
8674,-10.89633302,-37.05330982,128,2015-02-10 07:05:59
8675,-10.89644126,-37.05339457,128,2015-02-10 07:06:09
8676,-10.89648807,-37.05338663,128,2015-02-10 07:06:19
8677,-10.89662387,-37.05342867,128,2015-02-10 07:06:30
8678,-10.89677217,-37.05342828,128,2015-02-10 07:06:41
8679,-10.89689188,-37.0534263,128,2015-02-10 07:06:51
8680,-10.89701094,-37.05344134,128,2015-02-10 07:07:01
8681,-10.89714096,-37.05344247,128,2015-02-10 07:07:11
8682,-10.89723567,-37.05345384,128,2015-02-10 07:07:21
8683,-10.89734279,-37.05346866,128,2015-02-10 07:07:32
8684,-10.89732648,-37.05344518,128,2015-02-10 07:07:43
8685,-10.89731608,-37.05344451,128,2015-02-10 07:07:54
8686,-10.89723259,-37.05346108,128,2015-02-10 07:08:04
8687,-10.89710519,-37.05345695,128,2015-02-10 07:08:14
8688,-10.89696414,-37.05346216,128,2015-02-10 07:08:24
8689,-10.89689344,-37.05349023,128,2015-02-10 07:08:34
8690,-10.89688051,-37.05346827,128,2015-02-10 07:08:44
8691,-10.89687987,-37.05346141,128,2015-02-10 07:08:54
8692,-10.89688127,-37.05346234,128,2015-02-10 07:09:06
8693,-10.89688119,-37.05346202,128,2015-02-10 07:09:17
8694,-10.89688116,-37.05346194,128,2015-02-10 07:09:27
8695,-10.89686952,-37.05349694,128,2015-02-10 07:09:37
8696,-10.89686599,-37.05358469,128,2015-02-10 07:09:47
8697,-10.89684329,-37.05360081,128,2015-02-10 07:09:58
8698,-10.89684349,-37.05359998,128,2015-02-10 07:10:08
8699,-10.89684453,-37.05360077,128,2015-02-10 07:10:19
8700,-10.89684307,-37.0535966,128,2015-02-10 07:10:29
8702,-10.89672183,-37.05342985,131,2015-02-12 03:10:43
8703,-10.89672181,-37.05342973,131,2015-02-12 03:10:48
8704,-10.89672167,-37.05342959,131,2015-02-12 03:10:54
8705,-10.89672177,-37.0534293,131,2015-02-12 03:10:59
8706,-10.8967219,-37.05342937,131,2015-02-12 03:11:04
8707,-10.89672169,-37.05342942,131,2015-02-12 03:11:10
8708,-10.89672112,-37.05342994,131,2015-02-12 03:11:15
8709,-10.89672043,-37.05343017,131,2015-02-12 03:11:21
8710,-10.89671996,-37.05343073,131,2015-02-12 03:11:27
8711,-10.89671983,-37.05343112,131,2015-02-12 03:11:32
8712,-10.89671966,-37.05343134,131,2015-02-12 03:11:38
8713,-10.89671978,-37.05343171,131,2015-02-12 03:11:43
8714,-10.89671759,-37.0534278,131,2015-02-12 03:11:49
8715,-10.89671363,-37.05340627,131,2015-02-12 03:11:55
8716,-10.89671204,-37.05339232,131,2015-02-12 03:12:01
8717,-10.89671013,-37.05339651,131,2015-02-12 03:12:06
8718,-10.89663432,-37.05340093,131,2015-02-12 03:12:12
8719,-10.89647511,-37.05333404,131,2015-02-12 03:12:18
8720,-10.89634609,-37.05330079,131,2015-02-12 03:12:23
8721,-10.89621535,-37.05330018,131,2015-02-12 03:12:29
8722,-10.89620965,-37.05329262,131,2015-02-12 03:12:34
8723,-10.89615689,-37.0531224,131,2015-02-12 03:12:40
8724,-10.89610571,-37.05287129,131,2015-02-12 03:12:45
8725,-10.89609127,-37.05269169,131,2015-02-12 03:12:50
8726,-10.89571189,-37.05267998,131,2015-02-12 03:12:56
8727,-10.89528085,-37.05263337,131,2015-02-12 03:13:02
8728,-10.89502103,-37.05232892,131,2015-02-12 03:13:08
8729,-10.89506641,-37.05195967,131,2015-02-12 03:13:14
8730,-10.89523048,-37.05149448,131,2015-02-12 03:13:20
8731,-10.89522483,-37.05136878,131,2015-02-12 03:13:26
8732,-10.89521677,-37.05139505,131,2015-02-12 03:13:31
8733,-10.89522149,-37.05140248,131,2015-02-12 03:13:36
8734,-10.8952229,-37.0514041,131,2015-02-12 03:13:42
8735,-10.89522365,-37.05140454,131,2015-02-12 03:13:47
8736,-10.89522357,-37.05140442,131,2015-02-12 03:13:53
8737,-10.89522217,-37.05140242,131,2015-02-12 03:13:58
8738,-10.89522147,-37.05140187,131,2015-02-12 03:14:03
8739,-10.89522359,-37.05139824,131,2015-02-12 03:14:08
8740,-10.895566699999998,-37.05121666,131,2015-02-12 03:14:14
8741,-10.895837400000001,-37.0511465,131,2015-02-12 03:14:19
8742,-10.89612895,-37.05108538,131,2015-02-12 03:14:25
8743,-10.89642647,-37.05104423,131,2015-02-12 03:14:31
8744,-10.89678682,-37.05100034,131,2015-02-12 03:14:36
8745,-10.89717378,-37.05094213,131,2015-02-12 03:14:41
8746,-10.8975921,-37.05091033,131,2015-02-12 03:14:46
8747,-10.89785503,-37.05085252,131,2015-02-12 03:14:52
8748,-10.89805623,-37.05083945,131,2015-02-12 03:14:58
8749,-10.89841914,-37.05078281,131,2015-02-12 03:15:03
8750,-10.89880303,-37.050724200000005,131,2015-02-12 03:15:09
8751,-10.89913081,-37.05067742,131,2015-02-12 03:15:15
8752,-10.89938798,-37.05062877,131,2015-02-12 03:15:21
8753,-10.89960947,-37.05058029999999,131,2015-02-12 03:15:27
8754,-10.89997284,-37.05053806,131,2015-02-12 03:15:32
8755,-10.90033882,-37.05048644,131,2015-02-12 03:15:37
8756,-10.90063085,-37.05043507,131,2015-02-12 03:15:42
8757,-10.90106656,-37.05036602,131,2015-02-12 03:15:48
8758,-10.90147976,-37.05033339,131,2015-02-12 03:15:54
8759,-10.90172858,-37.05034111,131,2015-02-12 03:15:59
8760,-10.90173323,-37.0503446,131,2015-02-12 03:16:04
8761,-10.90172901,-37.05034183,131,2015-02-12 03:16:10
8762,-10.90172679,-37.05035143,131,2015-02-12 03:16:15
8763,-10.90172684,-37.05035164,131,2015-02-12 03:16:21
8764,-10.90172682,-37.05035213,131,2015-02-12 03:16:27
8765,-10.90172687,-37.05035222,131,2015-02-12 03:16:33
8766,-10.90172667,-37.05035215,131,2015-02-12 03:16:38
8767,-10.9017266,-37.0503521,131,2015-02-12 03:16:44
8768,-10.90172666,-37.05035212,131,2015-02-12 03:16:50
8769,-10.90173331,-37.05035449,131,2015-02-12 03:16:56
8770,-10.90194857,-37.05039933,131,2015-02-12 03:17:02
8771,-10.90225393,-37.05038649,131,2015-02-12 03:17:08
8772,-10.90248905,-37.05037919,131,2015-02-12 03:17:13
8773,-10.90271755,-37.0504165,131,2015-02-12 03:17:18
8774,-10.90289671,-37.05043802,131,2015-02-12 03:17:27
8775,-10.90325506,-37.05043723,131,2015-02-12 03:17:32
8776,-10.9035554,-37.05043734,131,2015-02-12 03:17:37
8777,-10.90379279,-37.05042073,131,2015-02-12 03:17:43
8778,-10.90399241,-37.050421500000006,131,2015-02-12 03:17:48
8779,-10.90402381,-37.05041637,131,2015-02-12 03:17:54
8780,-10.90409781,-37.050417100000004,131,2015-02-12 03:17:59
8781,-10.90421248,-37.05020461,131,2015-02-12 03:18:04
8782,-10.90424474,-37.04991706,131,2015-02-12 03:18:09
8783,-10.90422861,-37.04960231,131,2015-02-12 03:18:14
8784,-10.90422762,-37.04928815,131,2015-02-12 03:18:20
8785,-10.90420624,-37.04918224,131,2015-02-12 03:18:25
8786,-10.9042075,-37.04915524,131,2015-02-12 03:18:31
8787,-10.90420086,-37.04904795,131,2015-02-12 03:18:36
8788,-10.90418575,-37.04902769,131,2015-02-12 03:18:41
8789,-10.90417992,-37.04892338,131,2015-02-12 03:18:47
8790,-10.90420219,-37.04870522,131,2015-02-12 03:18:53
8791,-10.90420268,-37.04857666,131,2015-02-12 03:18:58
8792,-10.9041912,-37.04856343,131,2015-02-12 03:19:04
8793,-10.90419813,-37.04855925,131,2015-02-12 03:19:09
8794,-10.90418333,-37.04852037,131,2015-02-12 03:19:15
8795,-10.90420252,-37.04848063,131,2015-02-12 03:19:20
8796,-10.90422068,-37.04830397,131,2015-02-12 03:19:26
8797,-10.90431794,-37.04822349,131,2015-02-12 03:19:31
8798,-10.90481933,-37.04822589,131,2015-02-12 03:19:37
8799,-10.90506275,-37.04823774,131,2015-02-12 03:19:42
8800,-10.90523182,-37.04824262,131,2015-02-12 03:19:52
8801,-10.9066587,-37.0482067,131,2015-02-12 03:19:57
8802,-10.90731369,-37.04822318,131,2015-02-12 03:20:03
8803,-10.90775168,-37.04809485,131,2015-02-12 03:20:09
8804,-10.90807914,-37.0480901,131,2015-02-12 03:20:14
8805,-10.90814153,-37.04810532,131,2015-02-12 03:20:20
8806,-10.90811756,-37.04810363,131,2015-02-12 03:20:25
8807,-10.90811078,-37.04808291,131,2015-02-12 03:20:31
8808,-10.90810998,-37.04808322,131,2015-02-12 03:20:37
8809,-10.90810998,-37.04808396,131,2015-02-12 03:20:42
8810,-10.908109800000002,-37.04808308,131,2015-02-12 03:20:47
8811,-10.90811027,-37.04808391,131,2015-02-12 03:20:52
8812,-10.90811051,-37.04808438,131,2015-02-12 03:20:58
8813,-10.9081105,-37.04808455,131,2015-02-12 03:21:03
8814,-10.908110699999998,-37.04808583,131,2015-02-12 03:21:09
8815,-10.90817701,-37.04809101,131,2015-02-12 03:21:15
8816,-10.90835814,-37.04806774,131,2015-02-12 03:21:20
8817,-10.90858698,-37.04805112,131,2015-02-12 03:21:26
8818,-10.90878128,-37.04802631,131,2015-02-12 03:21:31
8819,-10.90934486,-37.04801046,131,2015-02-12 03:21:37
8820,-10.90976572,-37.04800256,131,2015-02-12 03:21:42
8821,-10.91028204,-37.04803015,131,2015-02-12 03:21:48
8822,-10.91076541,-37.04794089,131,2015-02-12 03:21:54
8823,-10.9113855,-37.04796446,131,2015-02-12 03:22:00
8824,-10.9119347,-37.04799154,131,2015-02-12 03:22:05
8825,-10.91255084,-37.04797139,131,2015-02-12 03:22:10
8826,-10.91296745,-37.04785045,131,2015-02-12 03:22:15
8827,-10.91356673,-37.04781655,131,2015-02-12 03:22:21
8828,-10.91396378,-37.04781005,131,2015-02-12 03:22:29
8829,-10.915106199999999,-37.04783631,131,2015-02-12 03:22:35
8830,-10.915576199999999,-37.04769951,131,2015-02-12 03:22:40
8831,-10.91635757,-37.04752187,131,2015-02-12 03:22:46
8832,-10.91690745,-37.04736803,131,2015-02-12 03:22:52
8833,-10.91712671,-37.04727784,131,2015-02-12 03:22:57
8834,-10.91714783,-37.04728111,131,2015-02-12 03:23:03
8835,-10.91717628,-37.04729506,131,2015-02-12 03:23:08
8836,-10.91722765,-37.04728877,131,2015-02-12 03:23:14
8837,-10.91721168,-37.04728396,131,2015-02-12 03:23:20
8838,-10.91733405,-37.04716559,131,2015-02-12 03:23:25
8839,-10.91764461,-37.04708963,131,2015-02-12 03:23:31
8840,-10.91788104,-37.04699682,131,2015-02-12 03:23:36
8841,-10.91790658,-37.04695117,131,2015-02-12 03:23:42
8842,-10.91793156,-37.04698719,131,2015-02-12 03:23:47
8843,-10.91794415,-37.04698581,131,2015-02-12 03:23:52
8844,-10.91793034,-37.04697783,131,2015-02-12 03:23:58
8845,-10.91794002,-37.04698257,131,2015-02-12 03:24:04
8846,-10.91793488,-37.04699498,131,2015-02-12 03:24:09
8847,-10.91793634,-37.04699391,131,2015-02-12 03:24:14
8848,-10.91793833,-37.04699315,131,2015-02-12 03:24:20
8849,-10.91793877,-37.04699297,131,2015-02-12 03:24:26
8850,-10.91794175,-37.04699362,131,2015-02-12 03:24:32
8851,-10.91794313,-37.04699596,131,2015-02-12 03:24:38
8852,-10.91830801,-37.04681059,131,2015-02-12 03:24:44
8853,-10.91878619,-37.04662497,131,2015-02-12 03:24:52
8854,-10.9196555,-37.04630176,131,2015-02-12 03:24:58
8855,-10.92031342,-37.04610707,131,2015-02-12 03:25:03
8856,-10.92103409,-37.04572661,131,2015-02-12 03:25:09
8857,-10.92166083,-37.04544795,131,2015-02-12 03:25:14
8858,-10.92247067,-37.04502187,131,2015-02-12 03:25:20
8859,-10.92303774,-37.04480885,131,2015-02-12 03:25:25
8860,-10.92348415,-37.0446883,131,2015-02-12 03:25:30
8861,-10.92353849,-37.04463852,131,2015-02-12 03:25:36
8862,-10.92361486,-37.04474736,131,2015-02-12 03:25:41
8863,-10.92390353,-37.04462972,131,2015-02-12 03:25:46
8864,-10.92402418,-37.04454757,131,2015-02-12 03:26:14
8865,-10.92749161,-37.04330765,131,2015-02-12 03:26:20
8866,-10.92796429,-37.04334521,131,2015-02-12 03:26:27
8867,-10.92833026,-37.04355127,131,2015-02-12 03:26:53
8868,-10.93036398,-37.04639142,131,2015-02-12 03:26:59
8869,-10.93051708,-37.04658385,131,2015-02-12 03:27:05
8870,-10.93048272,-37.04656972,131,2015-02-12 03:27:10
8871,-10.93049259,-37.04657179,131,2015-02-12 03:27:16
8872,-10.93049256,-37.04657134,131,2015-02-12 03:27:22
8873,-10.93049262,-37.04657148,131,2015-02-12 03:27:27
8874,-10.93049052,-37.04655763,131,2015-02-12 03:27:33
8875,-10.93067959,-37.04678549,131,2015-02-12 03:27:39
8876,-10.93084668,-37.04699833,131,2015-02-12 03:27:44
8877,-10.93112621,-37.04729595,131,2015-02-12 03:27:49
8878,-10.931473599999999,-37.04768968,131,2015-02-12 03:27:55
8879,-10.93185312,-37.04805127,131,2015-02-12 03:28:01
8880,-10.93234026,-37.04849881,131,2015-02-12 03:28:07
8881,-10.93285671,-37.04898765,131,2015-02-12 03:28:12
8882,-10.93328236,-37.04939183,131,2015-02-12 03:28:17
8883,-10.93369918,-37.04972937,131,2015-02-12 03:28:28
8884,-10.93451858,-37.05018516,131,2015-02-12 03:28:33
8885,-10.93460311,-37.05022495,131,2015-02-12 03:28:39
8886,-10.93460182,-37.05025696,131,2015-02-12 03:28:45
8887,-10.93460269,-37.05023465,131,2015-02-12 03:28:50
8888,-10.93459994,-37.05023148,131,2015-02-12 03:28:55
8889,-10.93460021,-37.05023157,131,2015-02-12 03:29:00
8890,-10.93460012,-37.05023121,131,2015-02-12 03:29:06
8891,-10.93459997,-37.05023055,131,2015-02-12 03:29:11
8892,-10.93459959,-37.05022992,131,2015-02-12 03:29:16
8893,-10.93459908,-37.05022968,131,2015-02-12 03:29:21
8894,-10.93459905,-37.05022961,131,2015-02-12 03:29:27
8895,-10.93459921,-37.05022959,131,2015-02-12 03:29:32
8896,-10.93459902,-37.05022912,131,2015-02-12 03:29:37
8897,-10.93459901,-37.050228999999995,131,2015-02-12 03:29:42
8898,-10.93459913,-37.05022928,131,2015-02-12 03:29:48
8899,-10.93459773,-37.05023032,131,2015-02-12 03:29:53
8900,-10.93459753,-37.05023027,131,2015-02-12 03:30:05
8901,-10.93467523,-37.05028278,131,2015-02-12 03:30:11
8902,-10.93493975,-37.05040588,131,2015-02-12 03:30:17
8903,-10.93533058,-37.05049349,131,2015-02-12 03:30:22
8904,-10.93588671,-37.05050887,131,2015-02-12 03:30:28
8905,-10.93646777,-37.05055167,131,2015-02-12 03:30:34
8906,-10.93698037,-37.05062769,131,2015-02-12 03:30:39
8907,-10.93767531,-37.05072741,131,2015-02-12 03:30:45
8908,-10.93824193,-37.05090384,131,2015-02-12 03:30:50
8909,-10.93886101,-37.05091016,131,2015-02-12 03:30:56
8910,-10.93934945,-37.05088383,131,2015-02-12 03:31:01
8911,-10.93967715,-37.05093535,131,2015-02-12 03:31:07
8912,-10.93969124,-37.05088635,131,2015-02-12 03:31:13
8913,-10.93968787,-37.05088952,131,2015-02-12 03:31:18
8914,-10.93968906,-37.05088920000001,131,2015-02-12 03:31:23
8915,-10.93984003,-37.05092211,131,2015-02-12 03:31:29
8916,-10.94017129,-37.05096809,131,2015-02-12 03:31:36
8917,-10.940506300000001,-37.05095516,131,2015-02-12 03:31:43
8918,-10.94121361,-37.05112288,131,2015-02-12 03:31:48
8919,-10.941699900000001,-37.05109781,131,2015-02-12 03:31:54
8920,-10.94211813,-37.05116416,131,2015-02-12 03:31:59
8921,-10.94269424,-37.05120037,131,2015-02-12 03:32:05
8922,-10.9432133,-37.05111183,131,2015-02-12 03:32:14
8923,-10.94406465,-37.0510941,131,2015-02-12 03:32:19
8924,-10.94485208,-37.05112074,131,2015-02-12 03:32:25
8925,-10.94555391,-37.05112827,131,2015-02-12 03:32:30
8926,-10.94625875,-37.05113515,131,2015-02-12 03:32:35
8927,-10.94715196,-37.05116398,131,2015-02-12 03:32:41
8928,-10.94789573,-37.0512443,131,2015-02-12 03:32:46
8929,-10.94854467,-37.05131527,131,2015-02-12 03:32:51
8930,-10.94926278,-37.05151928,131,2015-02-12 03:32:57
8931,-10.95010856,-37.0517492,131,2015-02-12 03:33:02
8932,-10.95079221,-37.05186324,131,2015-02-12 03:33:10
8933,-10.95204574,-37.05213452,131,2015-02-12 03:33:16
8934,-10.95275368,-37.05231337,131,2015-02-12 03:33:21
8935,-10.95344404,-37.05245306,131,2015-02-12 03:33:26
8936,-10.95403883,-37.05270138,131,2015-02-12 03:33:32
8937,-10.95449314,-37.05290867,131,2015-02-12 03:33:38
8938,-10.95454389,-37.05297228,131,2015-02-12 03:33:43
8939,-10.95454839,-37.05298213,131,2015-02-12 03:33:48
8940,-10.95455689,-37.05300174,131,2015-02-12 03:33:54
8941,-10.95455681,-37.05300339,131,2015-02-12 03:33:59
8942,-10.95455684,-37.05300421,131,2015-02-12 03:34:04
8943,-10.95455856,-37.05301661,131,2015-02-12 03:34:10
8944,-10.95455853,-37.0530161,131,2015-02-12 03:34:15
8945,-10.95455858,-37.05301549,131,2015-02-12 03:34:20
8946,-10.95455857,-37.05301566,131,2015-02-12 03:34:26
8947,-10.95455864,-37.05301524,131,2015-02-12 03:34:32
8948,-10.95455867,-37.05301496,131,2015-02-12 03:34:37
8949,-10.95455863,-37.05301487,131,2015-02-12 03:34:45
8950,-10.95455317,-37.05305168,131,2015-02-12 03:34:50
8951,-10.9545421,-37.0530323,131,2015-02-12 03:34:56
8952,-10.95454468,-37.05303894,131,2015-02-12 03:35:01
8953,-10.95454477,-37.05303835,131,2015-02-12 03:35:06
8954,-10.95454362,-37.05304455,131,2015-02-12 03:35:12
8955,-10.9545647,-37.05302777,131,2015-02-12 03:35:17
8956,-10.95455645,-37.05304158,131,2015-02-12 03:35:23
8957,-10.95455695,-37.05303927,131,2015-02-12 03:35:28
8958,-10.954556599999998,-37.05304139,131,2015-02-12 03:35:34
8959,-10.95455698,-37.05304134,131,2015-02-12 03:35:41
8960,-10.95455682,-37.05304224,131,2015-02-12 03:35:46
8961,-10.95455671,-37.05304277,131,2015-02-12 03:35:52
8962,-10.95455667,-37.05304301,131,2015-02-12 03:35:58
8963,-10.954556599999998,-37.05304342,131,2015-02-12 03:36:03
8964,-10.95455657,-37.05304279999999,131,2015-02-12 03:36:09
8965,-10.95455639,-37.05304135,131,2015-02-12 03:36:15
8966,-10.95455712,-37.05304308,131,2015-02-12 03:36:20
8967,-10.95472104,-37.05315736,131,2015-02-12 03:36:26
8968,-10.95481162,-37.05355594,131,2015-02-12 03:36:31
8969,-10.95450396,-37.05413506,131,2015-02-12 03:36:37
8970,-10.95419811,-37.05455038,131,2015-02-12 03:36:43
8971,-10.95380176,-37.05513585,131,2015-02-12 03:36:48
8972,-10.95345018,-37.05567377,131,2015-02-12 03:36:54
8973,-10.95314619,-37.05624435,131,2015-02-12 03:37:00
8974,-10.95281773,-37.05709456,131,2015-02-12 03:37:08
8975,-10.95275651,-37.05731812,131,2015-02-12 03:37:13
8976,-10.95268748,-37.05756869,131,2015-02-12 03:37:19
8977,-10.95252936,-37.0581656,131,2015-02-12 03:37:25
8978,-10.95239651,-37.05889264,131,2015-02-12 03:37:31
8979,-10.95231073,-37.0595521,131,2015-02-12 03:37:36
8980,-10.95209859,-37.06035192,131,2015-02-12 03:37:41
8981,-10.95197522,-37.0612401,131,2015-02-12 03:37:47
8982,-10.951848,-37.06200323,131,2015-02-12 03:37:52
8983,-10.951706699999999,-37.06274899,131,2015-02-12 03:37:57
8984,-10.95156656,-37.06347804,131,2015-02-12 03:38:02
8985,-10.95138532,-37.06440359,131,2015-02-12 03:38:08
8986,-10.95126089,-37.06532888,131,2015-02-12 03:38:14
8987,-10.95111733,-37.06622946,131,2015-02-12 03:38:20
8988,-10.9509932,-37.06693056,131,2015-02-12 03:38:25
8989,-10.950762300000001,-37.06784433,131,2015-02-12 03:38:31
8990,-10.95055004,-37.06865043,131,2015-02-12 03:38:37
8991,-10.95019377,-37.06946156,131,2015-02-12 03:38:42
8992,-10.94976533,-37.07022782,131,2015-02-12 03:38:48
8993,-10.94922709,-37.07097261,131,2015-02-12 03:38:53
8994,-10.94867381,-37.07157817,131,2015-02-12 03:38:59
8995,-10.94816925,-37.07201941,131,2015-02-12 03:39:04
8996,-10.94790225,-37.07229829999999,131,2015-02-12 03:39:09
8997,-10.94779945,-37.07236011,131,2015-02-12 03:39:16
8998,-10.94765313,-37.07251699,131,2015-02-12 03:39:21
8999,-10.94758635,-37.07269344,131,2015-02-12 03:39:26
9000,-10.94786296,-37.07270265,131,2015-02-12 03:39:31
9001,-10.94823743,-37.07230699,131,2015-02-12 03:39:37
9002,-10.94861023,-37.07188566,131,2015-02-12 03:39:43
9003,-10.94900163,-37.07151205,131,2015-02-12 03:39:49
9004,-10.94919256,-37.0713643,131,2015-02-12 03:39:54
9005,-10.94928637,-37.07141742,131,2015-02-12 03:39:59
9006,-10.94946187,-37.07149997,131,2015-02-12 03:40:04
9007,-10.94966029,-37.07157205,131,2015-02-12 03:40:10
9008,-10.94976752,-37.07160881,131,2015-02-12 03:40:16
9009,-10.9497732,-37.07156624,131,2015-02-12 03:40:21
9010,-10.94980455,-37.07167847,131,2015-02-12 03:40:27
9011,-10.94979792,-37.07163381,131,2015-02-12 03:40:33
9012,-10.94981717,-37.07165206,131,2015-02-12 03:40:38
9013,-10.94981364,-37.07164918,131,2015-02-12 03:40:44
9014,-10.94981261,-37.07164868,131,2015-02-12 03:40:50
9015,-10.94981265,-37.07164884,131,2015-02-12 03:40:56
9016,-10.94981266,-37.07164868,131,2015-02-12 03:41:01
9017,-10.94981234,-37.0716467,131,2015-02-12 03:41:07
9018,-10.94981249,-37.07164546,131,2015-02-12 03:41:13
9019,-10.94981764,-37.07162468,132,2015-02-12 14:40:09
9020,-10.94973184,-37.07159995,132,2015-02-12 14:40:24
9021,-10.94981784,-37.07167575,132,2015-02-12 14:40:30
9022,-10.94978849,-37.071667,132,2015-02-12 14:40:36
9023,-10.94979185,-37.07164692,132,2015-02-12 14:40:42
9024,-10.94981103,-37.07161433,132,2015-02-12 14:40:47
9025,-10.94981151,-37.07161314,132,2015-02-12 14:40:53
9026,-10.94981109,-37.07161317,132,2015-02-12 14:40:59
9027,-10.94981157,-37.0716134,132,2015-02-12 14:41:04
9028,-10.94981184,-37.07161318,132,2015-02-12 14:41:09
9029,-10.94981157,-37.07161354,132,2015-02-12 14:41:15
9030,-10.94981141,-37.0716136,132,2015-02-12 14:41:20
9031,-10.94981108,-37.071613799999994,132,2015-02-12 14:41:26
9032,-10.94981107,-37.071613799999994,132,2015-02-12 14:41:31
9033,-10.94981096,-37.0716136,132,2015-02-12 14:41:36
9034,-10.94981069,-37.07161431,132,2015-02-12 14:41:42
9035,-10.94981064,-37.07161486,132,2015-02-12 14:41:47
9036,-10.94981011,-37.07161509,132,2015-02-12 14:41:53
9037,-10.94980989,-37.07161527,132,2015-02-12 14:41:58
9038,-10.94980986,-37.07161562,132,2015-02-12 14:42:03
9039,-10.949779099999999,-37.07154111,132,2015-02-12 14:42:08
9040,-10.94958791,-37.07148089,132,2015-02-12 14:42:14
9041,-10.94943097,-37.07140113,132,2015-02-12 14:42:20
9042,-10.94930293,-37.07135725,132,2015-02-12 14:42:25
9043,-10.94922663,-37.07126889,132,2015-02-12 14:42:31
9044,-10.94921972,-37.071217600000004,132,2015-02-12 14:42:36
9045,-10.94937994,-37.07100925,132,2015-02-12 14:42:42
9046,-10.94959271,-37.07068012,132,2015-02-12 14:42:47
9047,-10.94994878,-37.07021247,132,2015-02-12 14:42:52
9048,-10.95023979,-37.06967473,132,2015-02-12 14:42:58
9049,-10.95059571,-37.06883934,132,2015-02-12 14:43:03
9050,-10.95084651,-37.06805778,132,2015-02-12 14:43:09
9051,-10.95112112,-37.06709327,132,2015-02-12 14:43:14
9052,-10.95131924,-37.0660995,132,2015-02-12 14:43:20
9053,-10.951456,-37.06516502,132,2015-02-12 14:43:25
9054,-10.95157148,-37.06415614,132,2015-02-12 14:43:31
9055,-10.95170859,-37.06336341,132,2015-02-12 14:43:36
9056,-10.95192674,-37.06256219,132,2015-02-12 14:43:41
9057,-10.9520165,-37.06170284,132,2015-02-12 14:43:46
9058,-10.95209944,-37.06093982,132,2015-02-12 14:43:51
9059,-10.95228356,-37.06012738,132,2015-02-12 14:43:57
9060,-10.95236496,-37.0596851,132,2015-02-12 14:44:02
9061,-10.95240449,-37.05947755,132,2015-02-12 14:44:07
9062,-10.95246527,-37.05929014,132,2015-02-12 14:44:13
9063,-10.95248456,-37.05901021,132,2015-02-12 14:44:19
9064,-10.95256733,-37.05883896,132,2015-02-12 14:44:25
9065,-10.95258918,-37.058798200000005,132,2015-02-12 14:44:30
9066,-10.9525776,-37.05877595,132,2015-02-12 14:44:36
9067,-10.9525743,-37.05877955,132,2015-02-12 14:44:41
9068,-10.95257407,-37.05877951,132,2015-02-12 14:44:46
9069,-10.95257394,-37.05877938,132,2015-02-12 14:44:51
9070,-10.95257371,-37.05877924,132,2015-02-12 14:44:57
9071,-10.95257351,-37.0587789,132,2015-02-12 14:45:03
9072,-10.95257349,-37.05877864,132,2015-02-12 14:45:10
9073,-10.95257343,-37.05877834,132,2015-02-12 14:45:15
9074,-10.95257312,-37.0587765,132,2015-02-12 14:45:21
9075,-10.95257228,-37.0587718,132,2015-02-12 14:45:27
9076,-10.95257897,-37.05877294,132,2015-02-12 14:45:33
9077,-10.95258949,-37.05860484,132,2015-02-12 14:45:39
9078,-10.95259599,-37.05851917,132,2015-02-12 14:45:44
9079,-10.95259842,-37.05855439,132,2015-02-12 14:45:49
9080,-10.95259652,-37.05852101,132,2015-02-12 14:45:55
9081,-10.95260847,-37.05850073,132,2015-02-12 14:46:01
9082,-10.9526106,-37.05850073,132,2015-02-12 14:46:06
9083,-10.95261057,-37.05850143,132,2015-02-12 14:46:11
9084,-10.95260375,-37.05846377,132,2015-02-12 14:46:17
9085,-10.95259416,-37.05839938,132,2015-02-12 14:46:22
9086,-10.95260397,-37.05840915,132,2015-02-12 14:46:27
9087,-10.95261879,-37.05836486,132,2015-02-12 14:46:33
9088,-10.95263069,-37.05835198,132,2015-02-12 14:46:38
9089,-10.95263234,-37.05837552,132,2015-02-12 14:46:44
9090,-10.95262599,-37.05832282,132,2015-02-12 14:46:49
9091,-10.95263576,-37.05830609,132,2015-02-12 14:46:55
9092,-10.95262951,-37.05830724,132,2015-02-12 14:47:01
9093,-10.95262948,-37.05830737,132,2015-02-12 14:47:07
9094,-10.95262953,-37.05830731,132,2015-02-12 14:47:12
9095,-10.9526296,-37.05830728,132,2015-02-12 14:47:17
9096,-10.95262951,-37.05830716,132,2015-02-12 14:47:23
9097,-10.95262948,-37.05830711,132,2015-02-12 14:47:28
9098,-10.95262946,-37.05830702,132,2015-02-12 14:47:33
9099,-10.95262951,-37.05830696,132,2015-02-12 14:47:39
9100,-10.95262954,-37.058307,132,2015-02-12 14:47:44
9101,-10.95262951,-37.05830702,132,2015-02-12 14:47:50
9102,-10.95262954,-37.05830697,132,2015-02-12 14:47:55
9103,-10.95262958,-37.05830705,132,2015-02-12 14:48:01
9104,-10.952640800000001,-37.05822388,132,2015-02-12 14:48:07
9105,-10.95265058,-37.05819482,132,2015-02-12 14:48:12
9106,-10.952652699999998,-37.05819186,132,2015-02-12 14:48:18
9107,-10.95268281,-37.05814686,132,2015-02-12 14:48:24
9108,-10.95269886,-37.0580808,132,2015-02-12 14:48:29
9109,-10.95269084,-37.058085999999996,132,2015-02-12 14:48:34
9110,-10.95270502,-37.05803275,132,2015-02-12 14:48:39
9111,-10.95267861,-37.05798014,132,2015-02-12 14:48:45
9112,-10.95268366,-37.05797301,132,2015-02-12 14:48:50
9113,-10.95271964,-37.05781487,132,2015-02-12 14:48:56
9114,-10.95273472,-37.05776851,132,2015-02-12 14:49:02
9115,-10.95272615,-37.05772766,132,2015-02-12 14:49:08
9116,-10.95274806,-37.05772175,132,2015-02-12 14:49:14
9117,-10.9527354,-37.05770467,132,2015-02-12 14:49:20
9118,-10.95271991,-37.05768193,132,2015-02-12 14:49:27
9119,-10.95271946,-37.05768148,132,2015-02-12 14:49:32
9120,-10.95271921,-37.05768107,132,2015-02-12 14:49:38
9121,-10.95271845,-37.05767952,132,2015-02-12 14:49:43
9122,-10.95271799,-37.05767884,132,2015-02-12 14:49:52
9123,-10.95271715,-37.05767756,132,2015-02-12 14:49:57
9124,-10.95273657,-37.05766121,132,2015-02-12 14:50:03
9125,-10.95274887,-37.0576552,132,2015-02-12 14:50:09
9126,-10.95274535,-37.05765095,132,2015-02-12 14:50:15
9127,-10.95274547,-37.0576509,132,2015-02-12 14:50:20
9128,-10.95274552,-37.0576509,132,2015-02-12 14:50:27
9129,-10.95274562,-37.05765089,132,2015-02-12 14:50:32
9130,-10.95274571,-37.05765081,132,2015-02-12 14:50:38
9131,-10.95274518,-37.05764918,132,2015-02-12 14:50:43
9132,-10.95275589,-37.05760818,132,2015-02-12 14:50:48
9133,-10.952763699999998,-37.05761831,132,2015-02-12 14:50:54
9134,-10.95276553,-37.05761311,132,2015-02-12 14:50:59
9135,-10.95267531,-37.05763721,132,2015-02-12 14:51:04
9136,-10.95257927,-37.05786555,132,2015-02-12 14:51:11
9137,-10.95215321,-37.05837307,132,2015-02-12 14:51:16
9138,-10.95149425,-37.05822213,132,2015-02-12 14:51:22
9139,-10.95085235,-37.05806484,132,2015-02-12 14:51:28
9140,-10.95004487,-37.05787213,132,2015-02-12 14:51:33
9141,-10.94940927,-37.05783147,132,2015-02-12 14:51:38
9142,-10.94849963,-37.05774122,132,2015-02-12 14:51:44
9143,-10.94778471,-37.05757427,132,2015-02-12 14:51:49
9144,-10.94686605,-37.05728765,132,2015-02-12 14:51:55
9145,-10.94592734,-37.05700363,132,2015-02-12 14:52:01
9146,-10.94518898,-37.05678465,132,2015-02-12 14:52:06
9147,-10.9443196,-37.05656767,132,2015-02-12 14:52:12
9148,-10.94370354,-37.05634802,132,2015-02-12 14:52:17
9149,-10.94331063,-37.05622925,132,2015-02-12 14:52:22
9150,-10.94317118,-37.05600656,132,2015-02-12 14:52:28
9151,-10.94313016,-37.055921000000005,132,2015-02-12 14:52:33
9152,-10.94311009,-37.05548627,132,2015-02-12 14:52:39
9153,-10.9432258,-37.05499242,132,2015-02-12 14:52:45
9154,-10.94339818,-37.0543464,132,2015-02-12 14:52:51
9155,-10.94355208,-37.05372287,132,2015-02-12 14:52:56
9156,-10.94374753,-37.05312993,132,2015-02-12 14:53:02
9157,-10.94381376,-37.052867,132,2015-02-12 14:53:08
9158,-10.94385915,-37.0528597,132,2015-02-12 14:53:14
9159,-10.94385725,-37.05285297,132,2015-02-12 14:53:20
9160,-10.94385803,-37.05284924,132,2015-02-12 14:53:25
9161,-10.94383698,-37.05262481,132,2015-02-12 14:53:31
9162,-10.94396714,-37.05221088,132,2015-02-12 14:53:36
9163,-10.94412115,-37.05178487,132,2015-02-12 14:53:42
9164,-10.94419119,-37.05153471,132,2015-02-12 14:53:48
9165,-10.94420873,-37.05152389,132,2015-02-12 14:53:53
9166,-10.94421981,-37.05151841,132,2015-02-12 14:53:59
9167,-10.94422048,-37.05151845,132,2015-02-12 14:54:05
9168,-10.94422053,-37.05151844,132,2015-02-12 14:54:10
9169,-10.9442206,-37.05151848,132,2015-02-12 14:54:15
9170,-10.94422063,-37.05151858,132,2015-02-12 14:54:21
9171,-10.944220699999999,-37.05151859,132,2015-02-12 14:54:27
9172,-10.94422072,-37.05151869,132,2015-02-12 14:54:33
9173,-10.944220800000002,-37.05151881,132,2015-02-12 14:54:38
9174,-10.944220800000002,-37.05151892,132,2015-02-12 14:54:44
9175,-10.94422082,-37.05151897,132,2015-02-12 14:54:49
9176,-10.94422171,-37.05138179,132,2015-02-12 14:54:55
9177,-10.94413239,-37.05102757,132,2015-02-12 14:55:01
9178,-10.94380612,-37.05101648,132,2015-02-12 14:55:06
9179,-10.94337547,-37.0510191,132,2015-02-12 14:55:11
9180,-10.94300913,-37.05098476,132,2015-02-12 14:55:16
9181,-10.94280614,-37.05097429999999,132,2015-02-12 14:55:22
9182,-10.94279781,-37.050977100000004,132,2015-02-12 14:55:27
9183,-10.94279902,-37.05097086,132,2015-02-12 14:55:33
9184,-10.94280793,-37.05097936,132,2015-02-12 14:55:39
9185,-10.94275488,-37.05097998,132,2015-02-12 14:55:45
9186,-10.94228468,-37.05094239,132,2015-02-12 14:55:51
9187,-10.9419628,-37.05086664,132,2015-02-12 14:55:57
9188,-10.94184461,-37.05090179,132,2015-02-12 14:56:02
9189,-10.94184081,-37.05086769,132,2015-02-12 14:56:07
9190,-10.94183886,-37.05088495,132,2015-02-12 14:56:12
9191,-10.94183335,-37.05087723,132,2015-02-12 14:56:18
9192,-10.9414412,-37.05082446,132,2015-02-12 14:56:24
9193,-10.94109958,-37.05062801,132,2015-02-12 14:56:29
9194,-10.94064973,-37.050561200000004,132,2015-02-12 14:56:34
9195,-10.94010113,-37.05062882,132,2015-02-12 14:56:39
9196,-10.93936026,-37.05078688,132,2015-02-12 14:56:45
9197,-10.93883993,-37.05070872,132,2015-02-12 14:56:50
9198,-10.93833361,-37.0506544,132,2015-02-12 14:56:56
9199,-10.93783833,-37.05059035,132,2015-02-12 14:57:02
9200,-10.93744261,-37.05053132,132,2015-02-12 14:57:08
9201,-10.93710974,-37.05053809,132,2015-02-12 14:57:14
9202,-10.93687527,-37.05049944,132,2015-02-12 14:57:19
9203,-10.93651661,-37.05042318,132,2015-02-12 14:57:25
9204,-10.93611578,-37.0503217,132,2015-02-12 14:57:31
9205,-10.93572812,-37.05027619,132,2015-02-12 14:57:36
9206,-10.93518126,-37.0501391,132,2015-02-12 14:57:42
9207,-10.93471633,-37.04992332,132,2015-02-12 14:57:47
9208,-10.93420505,-37.0497062,132,2015-02-12 14:57:53
9209,-10.93379939,-37.04947438,132,2015-02-12 14:57:58
9210,-10.93354928,-37.04932337,132,2015-02-12 14:58:03
9211,-10.93307099,-37.04895428,132,2015-02-12 14:58:09
9212,-10.93248792,-37.04835722,132,2015-02-12 14:58:15
9213,-10.93228286,-37.04816356,132,2015-02-12 14:58:22
9214,-10.93215631,-37.04804629,132,2015-02-12 14:58:27
9215,-10.93215499,-37.04804173,132,2015-02-12 14:58:33
9216,-10.93212035,-37.04800401,132,2015-02-12 14:58:39
9217,-10.93195506,-37.04780136,132,2015-02-12 14:58:45
9218,-10.93164713,-37.04751292,132,2015-02-12 14:58:51
9219,-10.93149504,-37.04736642,132,2015-02-12 14:58:56
9220,-10.93138194,-37.04725902,132,2015-02-12 14:59:02
9221,-10.9308442,-37.04665911,132,2015-02-12 14:59:08
9222,-10.93035288,-37.04601056,132,2015-02-12 14:59:14
9223,-10.92994073,-37.04542649,132,2015-02-12 14:59:19
9224,-10.92956132,-37.04491653,132,2015-02-12 14:59:24
9225,-10.92911105,-37.04428627,132,2015-02-12 14:59:30
9226,-10.92883683,-37.04398244,132,2015-02-12 14:59:37
9227,-10.92792754,-37.043142200000005,132,2015-02-12 14:59:43
9228,-10.92738502,-37.04316763,132,2015-02-12 14:59:48
9229,-10.92683599,-37.043373200000005,132,2015-02-12 14:59:54
9230,-10.92637584,-37.04360156,132,2015-02-12 15:00:00
9231,-10.92583535,-37.04380681,132,2015-02-12 15:00:05
9232,-10.92523837,-37.04389281,132,2015-02-12 15:00:11
9233,-10.92476498,-37.04376926,132,2015-02-12 15:00:18
9234,-10.92421799,-37.04386168,132,2015-02-12 15:00:24
9235,-10.92399119,-37.04403164,132,2015-02-12 15:00:30
9236,-10.92389576,-37.04409968,132,2015-02-12 15:00:37
9237,-10.92336318,-37.04445284,132,2015-02-12 15:00:43
9238,-10.92276062,-37.04480194,132,2015-02-12 15:00:49
9239,-10.92234943,-37.045108500000005,132,2015-02-12 15:00:54
9240,-10.92172916,-37.04534403,132,2015-02-12 15:01:00
9241,-10.92123699,-37.04555772,132,2015-02-12 15:01:06
9242,-10.92061841,-37.04584638,132,2015-02-12 15:01:12
9243,-10.92009177,-37.04604402,132,2015-02-12 15:01:17
9244,-10.91956277,-37.04622799,132,2015-02-12 15:01:23
9245,-10.91912808,-37.04638777,132,2015-02-12 15:01:29
9246,-10.91891202,-37.04645151,132,2015-02-12 15:01:35
9247,-10.91890351,-37.04644985,132,2015-02-12 15:01:41
9248,-10.918890300000001,-37.0464527,132,2015-02-12 15:01:46
9249,-10.91888604,-37.04645323,132,2015-02-12 15:01:51
9250,-10.918886099999998,-37.04645342,132,2015-02-12 15:01:57
9251,-10.91888361,-37.04645461,132,2015-02-12 15:02:03
9252,-10.91874592,-37.04651148,132,2015-02-12 15:02:08
9253,-10.91842858,-37.04662857,132,2015-02-12 15:02:15
9254,-10.91801363,-37.04680045,132,2015-02-12 15:02:20
9255,-10.91765917,-37.04693846,132,2015-02-12 15:02:25
9256,-10.9173173,-37.04709552,132,2015-02-12 15:02:31
9257,-10.91709783,-37.04719427,132,2015-02-12 15:02:38
9258,-10.91634784,-37.04740405,132,2015-02-12 15:02:43
9259,-10.91583185,-37.04749428,132,2015-02-12 15:02:49
9260,-10.91534169,-37.04760735,132,2015-02-12 15:02:55
9261,-10.91477877,-37.04771779,132,2015-02-12 15:03:00
9262,-10.91430629,-37.04775727,132,2015-02-12 15:03:06
9263,-10.91395045,-37.04774298,132,2015-02-12 15:03:11
9264,-10.91355978,-37.04776121,132,2015-02-12 15:03:17
9265,-10.91318438,-37.04781117,132,2015-02-12 15:03:22
9266,-10.91280133,-37.04777589,132,2015-02-12 15:03:27
9267,-10.91245409,-37.0477653,132,2015-02-12 15:03:32
9268,-10.91213859,-37.04776406,132,2015-02-12 15:03:38
9269,-10.91196802,-37.04776883,132,2015-02-12 15:03:43
9270,-10.91171781,-37.04777106,132,2015-02-12 15:03:48
9271,-10.91157336,-37.047772200000004,132,2015-02-12 15:03:55
9272,-10.91119186,-37.04778117,132,2015-02-12 15:04:00
9273,-10.91075477,-37.04777124,132,2015-02-12 15:04:05
9274,-10.91043541,-37.04775918,132,2015-02-12 15:04:10
9275,-10.91002656,-37.04776711,132,2015-02-12 15:04:16
9276,-10.90963639,-37.04776815,132,2015-02-12 15:04:22
9277,-10.90931292,-37.04780861,132,2015-02-12 15:04:27
9278,-10.90900227,-37.04784784,132,2015-02-12 15:04:32
9279,-10.90845935,-37.04803041,132,2015-02-12 15:04:38
9280,-10.90785536,-37.04805159,132,2015-02-12 15:04:44
9281,-10.90727697,-37.04814462,132,2015-02-12 15:04:50
9282,-10.90691409,-37.04812753,132,2015-02-12 15:04:56
9283,-10.90689635,-37.04812881,132,2015-02-12 15:05:01
9284,-10.90689264,-37.04812975,132,2015-02-12 15:05:07
9285,-10.90689084,-37.04812851,132,2015-02-12 15:05:12
9286,-10.90641096,-37.04814263,132,2015-02-12 15:05:18
9287,-10.90567302,-37.0481476,132,2015-02-12 15:05:23
9288,-10.90499652,-37.04809564,132,2015-02-12 15:05:28
9289,-10.90426741,-37.04811314,132,2015-02-12 15:05:34
9290,-10.90376748,-37.04812197,132,2015-02-12 15:05:39
9291,-10.90346249,-37.04809696,132,2015-02-12 15:05:45
9292,-10.90315601,-37.04808398,132,2015-02-12 15:05:52
9293,-10.90264667,-37.04821355,132,2015-02-12 15:05:58
9294,-10.90245233,-37.04844735,132,2015-02-12 15:06:06
9295,-10.90231535,-37.04943761,132,2015-02-12 15:06:12
9296,-10.90241433,-37.04983121,132,2015-02-12 15:06:17
9297,-10.90241913,-37.049838,132,2015-02-12 15:06:23
9298,-10.90242152,-37.04983349,132,2015-02-12 15:06:33
9299,-10.90241994,-37.0498315,132,2015-02-12 15:06:38
9300,-10.90241994,-37.04983141,132,2015-02-12 15:06:43
9301,-10.90241991,-37.04983139,132,2015-02-12 15:06:49
9302,-10.90240518,-37.049831700000006,132,2015-02-12 15:06:55
9303,-10.90245495,-37.05007766,132,2015-02-12 15:07:01
9304,-10.90250737,-37.05032547,132,2015-02-12 15:07:07
9305,-10.90268821,-37.050484600000004,132,2015-02-12 15:07:12
9306,-10.90284466,-37.0504777,132,2015-02-12 15:07:18
9307,-10.90297944,-37.05047915,132,2015-02-12 15:07:24
9308,-10.90314895,-37.05050842,132,2015-02-12 15:07:29
9309,-10.90316373,-37.05059051,132,2015-02-12 15:07:34
9310,-10.9031486,-37.05130282,132,2015-02-12 15:07:40
9311,-10.9031425,-37.05171876,132,2015-02-12 15:07:45
9312,-10.90313178,-37.05224237,132,2015-02-12 15:07:51
9313,-10.90303279,-37.05268874,132,2015-02-12 15:07:56
9314,-10.90250005,-37.0527876,132,2015-02-12 15:08:02
9315,-10.90187211,-37.05269848,132,2015-02-12 15:08:08
9316,-10.90150367,-37.05275205,132,2015-02-12 15:08:13
9317,-10.90134435,-37.05274216,132,2015-02-12 15:08:19
9318,-10.90101671,-37.05280503,132,2015-02-12 15:08:25
9319,-10.9006932,-37.05285327,132,2015-02-12 15:08:31
9320,-10.90031778,-37.05282811,132,2015-02-12 15:08:36
9321,-10.90012345,-37.05280819,132,2015-02-12 15:08:41
9322,-10.89981313,-37.05282434,132,2015-02-12 15:08:47
9323,-10.89943941,-37.0527961,132,2015-02-12 15:08:52
9324,-10.89911317,-37.05270865,132,2015-02-12 15:08:57
9325,-10.89847468,-37.05269675,132,2015-02-12 15:09:03
9326,-10.89787311,-37.05272224,132,2015-02-12 15:09:09
9327,-10.89765016,-37.05277389,132,2015-02-12 15:09:15
9328,-10.89762234,-37.05285012,132,2015-02-12 15:09:22
9329,-10.89752253,-37.05296317,132,2015-02-12 15:09:30
9330,-10.89742321,-37.05313119,132,2015-02-12 15:09:36
9331,-10.89736819,-37.05334028,132,2015-02-12 15:09:45
9332,-10.89699497,-37.05340563,132,2015-02-12 15:09:51
9333,-10.89673296,-37.05337436,132,2015-02-12 15:09:56
9334,-10.89674604,-37.05336223,132,2015-02-12 15:10:02
9335,-10.89675313,-37.05335003,132,2015-02-12 15:10:08
9336,-10.89675059,-37.05335211,132,2015-02-12 15:10:14
9337,-10.89675119,-37.05334818,132,2015-02-12 15:10:20
9338,-10.89675108,-37.05334723,132,2015-02-12 15:10:26
9339,-10.89675164,-37.05334867,132,2015-02-12 15:10:31
9340,-10.89675201,-37.05334931,132,2015-02-12 15:10:37
9341,-10.89675214,-37.05334912,132,2015-02-12 15:10:43
9342,-10.89675245,-37.05334977,132,2015-02-12 15:10:48
9343,-10.89675251,-37.05335022,132,2015-02-12 15:10:56
9344,-10.89675298,-37.05335199,132,2015-02-12 15:11:01
9345,-10.89675307,-37.05335229,132,2015-02-12 15:11:06
9346,-10.89675349,-37.05335289,132,2015-02-12 15:11:11
9347,-10.89675363,-37.05335364,132,2015-02-12 15:11:16
9348,-10.89675354,-37.05335453,132,2015-02-12 15:11:21
9349,-10.89675381,-37.05335487,132,2015-02-12 15:11:27
9350,-10.89675393,-37.05335502,132,2015-02-12 15:11:33
9351,-10.89675409,-37.05335485,132,2015-02-12 15:11:38
9352,-10.89675443,-37.05335514,132,2015-02-12 15:11:44
9353,-10.89675443,-37.05335514,132,2015-02-12 15:11:49
9354,-10.8967549,-37.05335567,132,2015-02-12 15:11:55
9355,-10.89675509,-37.05335588,132,2015-02-12 15:12:00
9356,-10.89675534,-37.05335635,132,2015-02-12 15:12:06
9357,-10.8967554,-37.05335654,132,2015-02-12 15:12:12
9358,-10.896755800000001,-37.05335714,132,2015-02-12 15:12:19
9359,-10.89675555,-37.05335747,132,2015-02-12 15:12:28
9360,-10.89675528,-37.05335781,132,2015-02-12 15:12:33
9361,-10.89675532,-37.053357899999995,132,2015-02-12 15:12:38
9362,-10.89673107,-37.05332853,132,2015-02-12 15:12:45
9363,-10.89671723,-37.05329316,132,2015-02-12 15:12:50
9364,-10.8967302,-37.05330981,132,2015-02-12 15:12:56
9365,-10.89672822,-37.05330453,132,2015-02-12 15:13:02
9366,-10.89673331,-37.05331637,132,2015-02-12 15:13:07
9367,-10.89673312,-37.05331609,132,2015-02-12 15:13:13
9368,-10.89670088,-37.05336291,132,2015-02-12 15:13:18
9369,-10.896713,-37.053399,132,2015-02-12 15:13:24
9370,-10.89664156,-37.05341938,132,2015-02-12 15:13:30
9371,-10.89640084,-37.05335857,132,2015-02-12 15:13:36
9372,-10.89638523,-37.05331639,132,2015-02-12 15:13:42
9373,-10.89655859,-37.05333854,132,2015-02-12 15:13:48
9374,-10.89659825,-37.05330208,132,2015-02-12 15:13:53
9375,-10.89671839,-37.05340913,133,2015-02-13 03:11:23
9376,-10.89671688,-37.05334668,133,2015-02-13 03:11:26
9377,-10.89663882,-37.05358093,133,2015-02-13 03:11:33
9378,-10.89673636,-37.05355583,133,2015-02-13 03:11:40
9379,-10.89671281,-37.05357854,133,2015-02-13 03:11:46
9380,-10.8967147,-37.05356701,133,2015-02-13 03:11:51
9381,-10.89671339,-37.05357135,133,2015-02-13 03:11:57
9382,-10.89670723,-37.0535891,133,2015-02-13 03:12:02
9383,-10.89670671,-37.05357593,133,2015-02-13 03:12:08
9384,-10.89670708,-37.05357391,133,2015-02-13 03:12:14
9385,-10.89670728,-37.05357276,133,2015-02-13 03:12:20
9386,-10.89671042,-37.05355959,133,2015-02-13 03:12:25
9387,-10.89670658,-37.05356257,133,2015-02-13 03:12:30
9388,-10.89670917,-37.05355054,133,2015-02-13 03:12:37
9389,-10.89670763,-37.05353736,133,2015-02-13 03:12:42
9390,-10.89670991,-37.05350713,133,2015-02-13 03:12:47
9391,-10.89671172,-37.05347846,133,2015-02-13 03:12:53
9392,-10.89671497,-37.05346948,133,2015-02-13 03:12:58
9393,-10.89671542,-37.0534674,133,2015-02-13 03:13:03
9394,-10.89672047,-37.05346184,133,2015-02-13 03:13:09
9395,-10.89671185,-37.05343805,133,2015-02-13 03:13:15
9396,-10.89670571,-37.05343572,133,2015-02-13 03:13:21
9397,-10.89669481,-37.05333301,133,2015-02-13 03:13:26
9398,-10.89669842,-37.053338000000004,133,2015-02-13 03:13:32
9399,-10.89669482,-37.05334406,133,2015-02-13 03:13:38
9400,-10.8966142,-37.05338134,133,2015-02-13 03:13:44
9401,-10.89644134,-37.05337412,133,2015-02-13 03:13:49
9402,-10.89628625,-37.0533315,133,2015-02-13 03:13:54
9403,-10.89622922,-37.05331703,133,2015-02-13 03:13:59
9404,-10.89623124,-37.05331909,133,2015-02-13 03:14:04
9405,-10.896228599999999,-37.05332068,133,2015-02-13 03:14:11
9406,-10.89616525,-37.05324828,133,2015-02-13 03:14:16
9407,-10.89611667,-37.05296392,133,2015-02-13 03:14:22
9408,-10.89609425,-37.05273991,133,2015-02-13 03:14:27
9409,-10.89573995,-37.05270101,133,2015-02-13 03:14:33
9410,-10.89530435,-37.0526714,133,2015-02-13 03:14:39
9411,-10.89506229,-37.05239189,133,2015-02-13 03:14:44
9412,-10.8951121,-37.05187197,133,2015-02-13 03:14:50
9413,-10.895255800000001,-37.05143954,133,2015-02-13 03:14:56
9414,-10.89526262,-37.05125429,133,2015-02-13 03:15:01
9415,-10.89526469,-37.051254,133,2015-02-13 03:15:06
9416,-10.89526338,-37.05127743,133,2015-02-13 03:15:12
9417,-10.8952576,-37.051308299999995,133,2015-02-13 03:15:17
9418,-10.89525634,-37.05130795,133,2015-02-13 03:15:23
9419,-10.89525373,-37.05131826,133,2015-02-13 03:15:28
9420,-10.89525423,-37.0513194,133,2015-02-13 03:15:34
9421,-10.89530308,-37.05128381,133,2015-02-13 03:15:40
9422,-10.89556811,-37.05126037,133,2015-02-13 03:15:45
9423,-10.89592519,-37.05118378,133,2015-02-13 03:15:50
9424,-10.89634998,-37.05111728,133,2015-02-13 03:15:56
9425,-10.89673323,-37.05105073,133,2015-02-13 03:16:01
9426,-10.89722493,-37.05096719,133,2015-02-13 03:16:07
9427,-10.89754955,-37.0509092,133,2015-02-13 03:16:12
9428,-10.89789949,-37.0508684,133,2015-02-13 03:16:18
9429,-10.89812273,-37.0508209,133,2015-02-13 03:16:24
9430,-10.89839209,-37.05079449,133,2015-02-13 03:16:29
9431,-10.89875653,-37.05073919,133,2015-02-13 03:16:34
9432,-10.89909618,-37.05065581,133,2015-02-13 03:16:40
9433,-10.89933327,-37.05062937,133,2015-02-13 03:16:46
9434,-10.89951516,-37.05061907,133,2015-02-13 03:16:51
9435,-10.89983683,-37.05054353,133,2015-02-13 03:16:56
9436,-10.90027499,-37.050484000000004,133,2015-02-13 03:17:02
9437,-10.90065949,-37.05042864,133,2015-02-13 03:17:07
9438,-10.90111722,-37.0503554,133,2015-02-13 03:17:13
9439,-10.90143906,-37.05032111,133,2015-02-13 03:17:18
9440,-10.90165195,-37.050331299999996,133,2015-02-13 03:17:24
9441,-10.90164634,-37.05033244,133,2015-02-13 03:17:30
9442,-10.90164706,-37.050337799999994,133,2015-02-13 03:17:35
9443,-10.901648,-37.05034044,133,2015-02-13 03:17:40
9444,-10.90164813,-37.05034133,133,2015-02-13 03:17:46
9445,-10.90164815,-37.05034118,133,2015-02-13 03:17:51
9446,-10.90164783,-37.05034025,133,2015-02-13 03:17:57
9447,-10.90164756,-37.05033994,133,2015-02-13 03:18:04
9448,-10.90164775,-37.05033996,133,2015-02-13 03:18:09
9449,-10.90171516,-37.0503363,133,2015-02-13 03:18:15
9450,-10.90198267,-37.050358200000005,133,2015-02-13 03:18:20
9451,-10.90225715,-37.05036652,133,2015-02-13 03:18:26
9452,-10.90253952,-37.05038255,133,2015-02-13 03:18:32
9453,-10.90285229,-37.05044349,133,2015-02-13 03:18:38
9454,-10.90317051,-37.05043562,133,2015-02-13 03:18:43
9455,-10.90356443,-37.05044073,133,2015-02-13 03:18:49
9456,-10.90394132,-37.05041912,133,2015-02-13 03:18:54
9457,-10.90422897,-37.05030529,133,2015-02-13 03:18:59
9458,-10.90426079,-37.04982934,133,2015-02-13 03:19:05
9459,-10.90423492,-37.049474700000005,133,2015-02-13 03:19:10
9460,-10.90423234,-37.04917727,133,2015-02-13 03:19:16
9461,-10.90421897,-37.04901392,133,2015-02-13 03:19:21
9462,-10.90419563,-37.04884806,133,2015-02-13 03:19:26
9463,-10.90420804,-37.04879777,133,2015-02-13 03:19:32
9464,-10.90420045,-37.04857642,133,2015-02-13 03:19:38
9465,-10.90419814,-37.04836262,133,2015-02-13 03:19:43
9466,-10.90454456,-37.04818367,133,2015-02-13 03:19:49
9467,-10.90482598,-37.04815615,133,2015-02-13 03:19:54
9468,-10.90528994,-37.04820332,133,2015-02-13 03:20:00
9469,-10.90579728,-37.04824183,133,2015-02-13 03:20:05
9470,-10.90642533,-37.04824529,133,2015-02-13 03:20:10
9471,-10.90683718,-37.04823412,133,2015-02-13 03:20:15
9472,-10.90737637,-37.04822337,133,2015-02-13 03:20:21
9473,-10.90778405,-37.04810870000001,133,2015-02-13 03:20:27
9474,-10.90788321,-37.04811308,133,2015-02-13 03:20:33
9475,-10.90789329,-37.04814795,133,2015-02-13 03:20:39
9476,-10.90789249,-37.04814438,133,2015-02-13 03:20:44
9477,-10.90789805,-37.04814189,133,2015-02-13 03:20:49
9478,-10.90789697,-37.04814405,133,2015-02-13 03:20:55
9479,-10.90789714,-37.04814364,133,2015-02-13 03:21:01
9480,-10.90811198,-37.04811407,133,2015-02-13 03:21:06
9481,-10.908325999999999,-37.04808859,133,2015-02-13 03:21:11
9482,-10.90861572,-37.04807675,133,2015-02-13 03:21:17
9483,-10.90895492,-37.04804416,133,2015-02-13 03:21:22
9484,-10.90940123,-37.04803015,133,2015-02-13 03:21:28
9485,-10.90981605,-37.0480131,133,2015-02-13 03:21:34
9486,-10.91020435,-37.04801522,133,2015-02-13 03:21:39
9487,-10.91068627,-37.04806748,133,2015-02-13 03:21:44
9488,-10.91125933,-37.04806472,133,2015-02-13 03:21:50
9489,-10.91178795,-37.04806268,133,2015-02-13 03:21:55
9490,-10.91238279,-37.04803192,133,2015-02-13 03:22:01
9491,-10.91286648,-37.04786142,133,2015-02-13 03:22:08
9492,-10.91347216,-37.04783474,133,2015-02-13 03:22:14
9493,-10.91400659,-37.04786517,133,2015-02-13 03:22:19
9494,-10.91462518,-37.0478517,133,2015-02-13 03:22:25
9495,-10.915244699999999,-37.0477653,133,2015-02-13 03:22:33
9496,-10.91609608,-37.0476555,133,2015-02-13 03:22:38
9497,-10.91656271,-37.04749851,133,2015-02-13 03:22:46
9498,-10.91742311,-37.04717572,133,2015-02-13 03:22:55
9499,-10.91804864,-37.04693494,133,2015-02-13 03:23:00
9500,-10.91832878,-37.04683441,133,2015-02-13 03:23:06
9501,-10.91877054,-37.04667054,133,2015-02-13 03:23:12
9502,-10.9193119,-37.0464752,133,2015-02-13 03:23:17
9503,-10.92001068,-37.04619239,133,2015-02-13 03:23:23
9504,-10.92059216,-37.0459461,133,2015-02-13 03:23:28
9505,-10.92115264,-37.04566646,133,2015-02-13 03:23:33
9506,-10.92168412,-37.04543469,133,2015-02-13 03:23:38
9507,-10.92219343,-37.04516203,133,2015-02-13 03:23:43
9508,-10.9228399,-37.04493973,133,2015-02-13 03:23:49
9509,-10.92314787,-37.04482228,133,2015-02-13 03:23:54
9510,-10.92317355,-37.04479533,133,2015-02-13 03:24:00
9511,-10.92350816,-37.04470448,133,2015-02-13 03:24:05
9512,-10.92393332,-37.04456496,133,2015-02-13 03:24:10
9513,-10.9243808,-37.04438867,133,2015-02-13 03:24:20
9514,-10.92511938,-37.044093700000005,133,2015-02-13 03:24:25
9515,-10.92596725,-37.04379364,133,2015-02-13 03:24:31
9516,-10.92648572,-37.04363316,133,2015-02-13 03:24:36
9517,-10.92717392,-37.04343002,133,2015-02-13 03:24:42
9518,-10.9278714,-37.04331637,133,2015-02-13 03:24:48
9519,-10.92840852,-37.04357315,133,2015-02-13 03:24:53
9520,-10.92883222,-37.04417453,133,2015-02-13 03:24:58
9521,-10.92925284,-37.04475904,133,2015-02-13 03:25:08
9522,-10.92995735,-37.04576012,133,2015-02-13 03:25:13
9523,-10.93031087,-37.0462523,133,2015-02-13 03:25:19
9524,-10.930480000000001,-37.0464271,133,2015-02-13 03:25:24
9525,-10.93047114,-37.04646857,133,2015-02-13 03:25:29
9526,-10.93047047,-37.04647323,133,2015-02-13 03:25:34
9527,-10.93047154,-37.04647537,133,2015-02-13 03:25:39
9528,-10.93051683,-37.04656021,133,2015-02-13 03:25:45
9529,-10.93063211,-37.04672146,133,2015-02-13 03:25:50
9530,-10.93083021,-37.04695778,133,2015-02-13 03:25:55
9531,-10.9310891,-37.04722054,133,2015-02-13 03:26:01
9532,-10.93143768,-37.047580100000005,133,2015-02-13 03:26:06
9533,-10.93174338,-37.04792351,133,2015-02-13 03:26:14
9534,-10.93237182,-37.0485281,133,2015-02-13 03:26:19
9535,-10.932795800000001,-37.04892681,133,2015-02-13 03:26:24
9536,-10.93322893,-37.04935077,133,2015-02-13 03:26:29
9537,-10.93363548,-37.04972894,133,2015-02-13 03:26:34
9538,-10.93413461,-37.04998572,133,2015-02-13 03:26:40
9539,-10.93451224,-37.05018322,133,2015-02-13 03:26:46
9540,-10.93467537,-37.05031302,133,2015-02-13 03:26:52
9541,-10.93467852,-37.05040413,133,2015-02-13 03:26:57
9542,-10.93467623,-37.05039434,133,2015-02-13 03:27:03
9543,-10.93474585,-37.05038725,133,2015-02-13 03:27:09
9544,-10.93497369,-37.05037299,133,2015-02-13 03:27:14
9545,-10.93536596,-37.05042347,133,2015-02-13 03:27:20
9546,-10.93582078,-37.05041094,133,2015-02-13 03:27:25
9547,-10.93641879,-37.05051687,133,2015-02-13 03:27:31
9548,-10.93691246,-37.05058861,133,2015-02-13 03:27:36
9549,-10.93745401,-37.05064758,133,2015-02-13 03:27:42
9550,-10.93809212,-37.05072037,133,2015-02-13 03:27:48
9551,-10.93870872,-37.05085008,133,2015-02-13 03:27:53
9552,-10.93921546,-37.05088989,133,2015-02-13 03:28:00
9553,-10.94031718,-37.05099091,133,2015-02-13 03:28:05
9554,-10.94122618,-37.05105724,133,2015-02-13 03:28:10
9555,-10.94188991,-37.05107035,133,2015-02-13 03:28:15
9556,-10.94252415,-37.05104507,133,2015-02-13 03:28:22
9557,-10.94345648,-37.050980200000005,133,2015-02-13 03:28:27
9558,-10.94434984,-37.05112909,133,2015-02-13 03:28:36
9559,-10.94605848,-37.05117428,133,2015-02-13 03:28:42
9560,-10.94708546,-37.05119620000001,133,2015-02-13 03:28:48
9561,-10.94792658,-37.05131038,133,2015-02-13 03:28:53
9562,-10.94899553,-37.05142902,133,2015-02-13 03:28:59
9563,-10.94997504,-37.05164979,133,2015-02-13 03:29:05
9564,-10.95079063,-37.05182358,133,2015-02-13 03:29:10
9565,-10.95167803,-37.05205786,133,2015-02-13 03:29:16
9566,-10.95253842,-37.05229816,133,2015-02-13 03:29:22
9567,-10.95321652,-37.05235609,133,2015-02-13 03:29:27
9568,-10.95384205,-37.052613,133,2015-02-13 03:29:33
9569,-10.95433537,-37.05293722,133,2015-02-13 03:29:38
9570,-10.95466619,-37.05308214,133,2015-02-13 03:29:44
9571,-10.95465016,-37.05307678,133,2015-02-13 03:29:50
9572,-10.95464778,-37.05307706,133,2015-02-13 03:29:56
9573,-10.95465171,-37.05307443,133,2015-02-13 03:30:01
9574,-10.95465156,-37.05307452,133,2015-02-13 03:30:06
9575,-10.95465202,-37.0530745,133,2015-02-13 03:30:12
9576,-10.95465204,-37.05307441,133,2015-02-13 03:30:18
9577,-10.95465199,-37.05307435,133,2015-02-13 03:30:23
9578,-10.95465205,-37.05307416,133,2015-02-13 03:30:28
9579,-10.95465216,-37.05307394,133,2015-02-13 03:30:33
9580,-10.95465219,-37.05307395,133,2015-02-13 03:30:39
9581,-10.95465215,-37.05307384,133,2015-02-13 03:30:44
9582,-10.95465201,-37.0530739,133,2015-02-13 03:30:49
9583,-10.95465197,-37.05307378,133,2015-02-13 03:30:55
9584,-10.95465199,-37.05307379999999,133,2015-02-13 03:31:00
9585,-10.95465205,-37.053073600000005,133,2015-02-13 03:31:06
9586,-10.95465184,-37.05307373,133,2015-02-13 03:31:12
9587,-10.95465201,-37.05307351,133,2015-02-13 03:31:17
9588,-10.95465198,-37.05307345,133,2015-02-13 03:31:22
9589,-10.95465196,-37.053073499999996,133,2015-02-13 03:31:27
9590,-10.95465203,-37.05307334,133,2015-02-13 03:31:33
9591,-10.95465207,-37.053073299999994,133,2015-02-13 03:31:38
9592,-10.95465216,-37.05307321,133,2015-02-13 03:31:43
9593,-10.95465205,-37.05307332,133,2015-02-13 03:31:49
9594,-10.95465206,-37.05307331,133,2015-02-13 03:31:54
9595,-10.95465215,-37.05307315,133,2015-02-13 03:32:00
9596,-10.95465222,-37.05307329,133,2015-02-13 03:32:05
9597,-10.95465224,-37.05307328,133,2015-02-13 03:32:10
9598,-10.95465227,-37.05307305,133,2015-02-13 03:32:16
9599,-10.95465225,-37.053073,133,2015-02-13 03:32:22
9600,-10.95465233,-37.05307304,133,2015-02-13 03:32:28
9601,-10.95465304,-37.05307221,133,2015-02-13 03:32:34
9602,-10.95478213,-37.05323395,133,2015-02-13 03:32:39
9603,-10.95483772,-37.05344225,133,2015-02-13 03:32:46
9604,-10.9543681,-37.0543386,133,2015-02-13 03:32:52
9605,-10.95390187,-37.05499573,133,2015-02-13 03:32:58
9606,-10.95335925,-37.05576649,133,2015-02-13 03:33:04
9607,-10.95308328,-37.05642132,133,2015-02-13 03:33:09
9608,-10.95286527,-37.0570131,133,2015-02-13 03:33:14
9609,-10.95261929,-37.05780066,133,2015-02-13 03:33:20
9610,-10.9524551,-37.0586746,133,2015-02-13 03:33:26
9611,-10.95227512,-37.05948101,133,2015-02-13 03:33:32
9612,-10.95215226,-37.06031583,133,2015-02-13 03:33:38
9613,-10.95200324,-37.06109387,133,2015-02-13 03:33:44
9614,-10.95187809,-37.06185469,133,2015-02-13 03:33:49
9615,-10.95173176,-37.06261133,133,2015-02-13 03:33:54
9616,-10.95159888,-37.06333383,133,2015-02-13 03:33:59
9617,-10.95144522,-37.06414628,133,2015-02-13 03:34:05
9618,-10.95131072,-37.06492413,133,2015-02-13 03:34:10
9619,-10.95123841,-37.06546745,133,2015-02-13 03:34:16
9620,-10.95097518,-37.06702644,133,2015-02-13 03:34:22
9621,-10.95071076,-37.06799283,133,2015-02-13 03:34:27
9622,-10.95032393,-37.0691167,133,2015-02-13 03:34:33
9623,-10.94993937,-37.06987228,133,2015-02-13 03:34:42
9624,-10.94922081,-37.07098847,133,2015-02-13 03:34:47
9625,-10.948775999999999,-37.07151284,133,2015-02-13 03:34:52
9626,-10.94830567,-37.07193614,133,2015-02-13 03:34:57
9627,-10.94786561,-37.0723073,133,2015-02-13 03:35:03
9628,-10.947616400000001,-37.07257739,133,2015-02-13 03:35:09
9629,-10.94782723,-37.072737100000005,133,2015-02-13 03:35:15
9630,-10.94817756,-37.07235823,133,2015-02-13 03:35:21
9631,-10.94846126,-37.07211177,133,2015-02-13 03:35:27
9632,-10.94858776,-37.07196845,133,2015-02-13 03:35:53
9633,-10.94975955,-37.07162343,133,2015-02-13 03:35:58
9634,-10.94979848,-37.07152564,133,2015-02-13 03:36:04
9635,-10.94979626,-37.07154183,133,2015-02-13 03:36:10
9636,-10.94979532,-37.07155191,133,2015-02-13 03:36:15
9637,-10.94981198,-37.07157294,133,2015-02-13 03:36:20
9638,-10.94980856,-37.07160762,133,2015-02-13 03:36:26
9639,-10.949808099999998,-37.07160812,133,2015-02-13 03:36:31
9640,-10.94980661,-37.07160842,133,2015-02-13 03:36:37
9641,-10.94980529,-37.07160772,133,2015-02-13 03:36:42
9642,-10.94980563,-37.07160685,133,2015-02-13 03:36:48
9643,-10.94980547,-37.071606700000004,133,2015-02-13 03:36:53
9644,-10.949805300000001,-37.07160705,133,2015-02-13 03:36:58
9645,-10.94980524,-37.07160706,133,2015-02-13 03:37:04
9646,-10.94980506,-37.07160715,133,2015-02-13 03:37:10
9647,-10.94980491,-37.07160716,133,2015-02-13 03:37:16
9648,-10.94980486,-37.07160712,133,2015-02-13 03:37:22
9649,-10.94980471,-37.0716072,133,2015-02-13 03:37:28
9650,-10.94980462,-37.07160723,133,2015-02-13 03:37:33
9651,-10.94980437,-37.07160722,133,2015-02-13 03:37:39
9652,-10.94980419,-37.0716072,133,2015-02-13 03:37:44
9653,-10.94980408,-37.07160721,133,2015-02-13 03:37:49
9654,-10.949803999999999,-37.07160738,133,2015-02-13 03:37:55
9655,-10.94980396,-37.07160742,133,2015-02-13 03:38:00
9656,-10.94980376,-37.07160779,133,2015-02-13 03:38:05
9657,-10.94980353,-37.07160879,133,2015-02-13 03:38:11
9658,-10.94980343,-37.07160894,133,2015-02-13 03:38:19
9659,-10.94980333,-37.07160903,133,2015-02-13 03:38:24
9660,-10.94980325,-37.07160905,133,2015-02-13 03:38:30
9661,-10.94980313,-37.07160914,133,2015-02-13 03:38:36
9662,-10.94980316,-37.07160918,133,2015-02-13 03:38:42
9663,-10.94980311,-37.07160922,133,2015-02-13 03:38:48
9664,-10.94980286,-37.07160938,133,2015-02-13 03:38:53
9665,-10.94980266,-37.07160954,133,2015-02-13 03:38:58
9666,-10.94980255,-37.07160966,133,2015-02-13 03:39:03
9667,-10.949802400000001,-37.07160975,133,2015-02-13 03:39:08
9668,-10.94980231,-37.07160989,133,2015-02-13 03:39:14
9669,-10.9498023,-37.07161004,133,2015-02-13 03:39:29
9670,-10.94980217,-37.07161031,133,2015-02-13 03:39:35
9671,-10.94980218,-37.07161036,133,2015-02-13 03:39:40
9672,-10.94980225,-37.07161049,133,2015-02-13 03:39:45
9673,-10.9498021,-37.07161079,133,2015-02-13 03:39:50
9674,-10.94980213,-37.07161084,133,2015-02-13 03:39:55
9675,-10.94980205,-37.07161086,133,2015-02-13 03:40:01
9676,-10.94980186,-37.07161093,133,2015-02-13 03:40:06
9677,-10.94980169,-37.07161108,133,2015-02-13 03:40:12
9678,-10.94980154,-37.07161113,133,2015-02-13 03:40:17
9679,-10.94980097,-37.07161173,133,2015-02-13 03:40:22
9680,-10.896931666666699,-37.0796866666667,134,2015-02-14 10:28:37
9681,-10.89695,-37.079621666666704,134,2015-02-14 10:28:42
9682,-10.8969433333333,-37.079645,134,2015-02-14 10:28:49
9683,-10.896938333333301,-37.079606666666706,134,2015-02-14 10:28:54
9684,-10.896953333333302,-37.0795766666667,134,2015-02-14 10:28:59
9685,-10.897096666666698,-37.079691666666704,134,2015-02-14 10:29:05
9686,-10.897098333333302,-37.07969,134,2015-02-14 10:29:10
9687,-10.897098333333302,-37.07969,134,2015-02-14 10:29:15
9688,-10.897098333333302,-37.07969,134,2015-02-14 10:29:20
9689,-10.897053333333302,-37.0797883333333,134,2015-02-14 10:29:25
9690,-10.897045,-37.0797916666667,134,2015-02-14 10:29:31
9691,-10.897045,-37.0797916666667,134,2015-02-14 10:29:37
9692,-10.897045,-37.0797916666667,134,2015-02-14 10:29:43
9693,-10.897045,-37.0797916666667,134,2015-02-14 10:29:48
9694,-10.897045,-37.0797916666667,134,2015-02-14 10:29:53
9695,-10.897093333333302,-37.07970833333329,134,2015-02-14 10:29:58
9696,-10.897093333333302,-37.07970833333329,134,2015-02-14 10:30:03
9697,-10.897093333333302,-37.07970833333329,134,2015-02-14 10:30:09
9698,-10.897093333333302,-37.07970833333329,134,2015-02-14 10:30:15
9699,-10.897093333333302,-37.07970833333329,134,2015-02-14 10:30:20
9700,-10.897093333333302,-37.07970833333329,134,2015-02-14 10:30:26
9701,-10.897093333333302,-37.07970833333329,134,2015-02-14 10:30:31
9702,-10.897093333333302,-37.07970833333329,134,2015-02-14 10:30:36
9703,-10.897093333333302,-37.07970833333329,134,2015-02-14 10:30:41
9704,-10.897093333333302,-37.07970833333329,134,2015-02-14 10:30:47
9705,-10.897093333333302,-37.07970833333329,134,2015-02-14 10:30:52
9706,-10.897093333333302,-37.07970833333329,134,2015-02-14 10:30:57
9707,-10.897093333333302,-37.07970833333329,134,2015-02-14 10:31:02
9708,-10.897093333333302,-37.07970833333329,134,2015-02-14 10:31:07
9709,-10.897093333333302,-37.07970833333329,134,2015-02-14 10:31:12
9710,-10.897093333333302,-37.07970833333329,134,2015-02-14 10:31:17
9711,-10.897093333333302,-37.07970833333329,134,2015-02-14 10:31:23
9712,-10.897093333333302,-37.07970833333329,134,2015-02-14 10:31:29
9713,-10.897093333333302,-37.07970833333329,134,2015-02-14 10:31:34
9714,-10.897093333333302,-37.07970833333329,134,2015-02-14 10:31:39
9715,-10.897093333333302,-37.07970833333329,134,2015-02-14 10:31:44
9716,-10.897093333333302,-37.07970833333329,134,2015-02-14 10:31:49
9717,-10.897093333333302,-37.07970833333329,134,2015-02-14 10:31:55
9718,-10.897093333333302,-37.07970833333329,134,2015-02-14 10:32:00
9719,-10.897093333333302,-37.07970833333329,134,2015-02-14 10:32:06
9720,-10.897093333333302,-37.07970833333329,134,2015-02-14 10:32:11
9721,-10.897093333333302,-37.07970833333329,134,2015-02-14 10:32:16
9722,-10.897093333333302,-37.07970833333329,134,2015-02-14 10:32:21
9723,-10.897093333333302,-37.07970833333329,134,2015-02-14 10:32:26
9724,-10.897093333333302,-37.07970833333329,134,2015-02-14 10:32:31
9725,-10.897093333333302,-37.07970833333329,134,2015-02-14 10:32:37
9726,-10.897093333333302,-37.07970833333329,134,2015-02-14 10:32:42
9727,-10.897093333333302,-37.07970833333329,134,2015-02-14 10:32:48
9728,-10.897093333333302,-37.07970833333329,134,2015-02-14 10:32:53
9729,-10.897093333333302,-37.07970833333329,134,2015-02-14 10:32:58
9730,-10.897093333333302,-37.07970833333329,134,2015-02-14 10:33:03
9731,-10.897093333333302,-37.07970833333329,134,2015-02-14 10:33:08
9732,-10.897093333333302,-37.07970833333329,134,2015-02-14 10:33:14
9733,-10.897093333333302,-37.07970833333329,134,2015-02-14 10:33:20
9734,-10.897093333333302,-37.07970833333329,134,2015-02-14 10:33:25
9735,-10.897093333333302,-37.07970833333329,134,2015-02-14 10:33:30
9736,-10.897093333333302,-37.07970833333329,134,2015-02-14 10:33:36
9737,-10.897093333333302,-37.07970833333329,134,2015-02-14 10:33:41
9738,-10.897093333333302,-37.07970833333329,134,2015-02-14 10:33:47
9739,-10.897093333333302,-37.07970833333329,134,2015-02-14 10:33:52
9740,-10.897093333333302,-37.07970833333329,134,2015-02-14 10:33:57
9741,-10.897093333333302,-37.07970833333329,134,2015-02-14 10:34:03
9742,-10.897093333333302,-37.07970833333329,134,2015-02-14 10:34:08
9743,-10.897093333333302,-37.07970833333329,134,2015-02-14 10:34:13
9744,-10.897093333333302,-37.07970833333329,134,2015-02-14 10:34:19
9745,-10.897093333333302,-37.07970833333329,134,2015-02-14 10:34:25
9746,-10.897093333333302,-37.07970833333329,134,2015-02-14 10:34:30
9747,-10.897093333333302,-37.07970833333329,134,2015-02-14 10:34:35
9748,-10.897093333333302,-37.07970833333329,134,2015-02-14 10:34:40
9749,-10.897093333333302,-37.07970833333329,134,2015-02-14 10:34:45
9750,-10.897093333333302,-37.07970833333329,134,2015-02-14 10:34:50
9751,-10.897093333333302,-37.07970833333329,134,2015-02-14 10:34:55
9752,-10.897093333333302,-37.07970833333329,134,2015-02-14 10:35:01
9753,-10.897093333333302,-37.07970833333329,134,2015-02-14 10:35:06
9754,-10.897093333333302,-37.07970833333329,134,2015-02-14 10:35:11
9755,-10.897093333333302,-37.07970833333329,134,2015-02-14 10:35:16
9756,-10.897093333333302,-37.07970833333329,134,2015-02-14 10:35:22
9757,-10.897093333333302,-37.07970833333329,134,2015-02-14 10:35:27
9758,-10.897093333333302,-37.07970833333329,134,2015-02-14 10:35:32
9759,-10.897093333333302,-37.07970833333329,134,2015-02-14 10:35:37
9760,-10.897093333333302,-37.07970833333329,134,2015-02-14 10:35:42
9761,-10.897093333333302,-37.07970833333329,134,2015-02-14 10:35:47
9762,-10.897093333333302,-37.07970833333329,134,2015-02-14 10:35:53
9763,-10.897093333333302,-37.07970833333329,134,2015-02-14 10:35:58
9764,-10.897093333333302,-37.07970833333329,134,2015-02-14 10:36:03
9765,-10.897093333333302,-37.07970833333329,134,2015-02-14 10:36:09
9766,-10.897093333333302,-37.07970833333329,134,2015-02-14 10:36:14
9767,-10.897093333333302,-37.07970833333329,134,2015-02-14 10:36:19
9768,-10.897093333333302,-37.07970833333329,134,2015-02-14 10:36:25
9769,-10.897093333333302,-37.07970833333329,134,2015-02-14 10:36:30
9770,-10.897093333333302,-37.07970833333329,134,2015-02-14 10:36:35
9771,-10.897093333333302,-37.07970833333329,134,2015-02-14 10:36:40
9772,-10.897093333333302,-37.07970833333329,134,2015-02-14 10:36:46
9773,-10.897093333333302,-37.07970833333329,134,2015-02-14 10:36:51
9774,-10.897093333333302,-37.07970833333329,134,2015-02-14 10:36:56
9775,-10.897093333333302,-37.07970833333329,134,2015-02-14 10:37:01
9776,-10.897093333333302,-37.07970833333329,134,2015-02-14 10:37:07
9777,-10.897093333333302,-37.07970833333329,134,2015-02-14 10:37:13
9778,-10.897093333333302,-37.07970833333329,134,2015-02-14 10:37:18
9779,-10.897093333333302,-37.07970833333329,134,2015-02-14 10:37:23
9780,-10.897093333333302,-37.07970833333329,134,2015-02-14 10:37:29
9781,-10.897093333333302,-37.07970833333329,134,2015-02-14 10:37:34
9782,-10.897093333333302,-37.07970833333329,134,2015-02-14 10:37:39
9783,-10.897093333333302,-37.07970833333329,134,2015-02-14 10:37:44
9784,-10.897093333333302,-37.07970833333329,134,2015-02-14 10:37:50
9785,-10.897093333333302,-37.07970833333329,134,2015-02-14 10:37:55
9786,-10.897093333333302,-37.07970833333329,134,2015-02-14 10:38:01
9787,-10.897093333333302,-37.07970833333329,134,2015-02-14 10:38:06
9788,-10.897093333333302,-37.07970833333329,134,2015-02-14 10:38:12
9789,-10.897093333333302,-37.07970833333329,134,2015-02-14 10:38:17
9790,-10.897115,-37.079679999999996,134,2015-02-14 10:38:23
9791,-10.897118333333301,-37.079685,134,2015-02-14 10:38:28
9792,-10.897118333333301,-37.079685,134,2015-02-14 10:38:33
9793,-10.897118333333301,-37.079685,134,2015-02-14 10:38:39
9794,-10.8971166666667,-37.0796983333333,134,2015-02-14 10:38:46
9795,-10.897125,-37.0796816666667,134,2015-02-14 10:38:52
9796,-10.897125,-37.0796816666667,134,2015-02-14 10:38:58
9797,-10.897125,-37.0796816666667,134,2015-02-14 10:39:04
9798,-10.897125,-37.0796816666667,134,2015-02-14 10:39:09
9799,-10.897125,-37.0796816666667,134,2015-02-14 10:39:15
9800,-10.897125,-37.0796816666667,134,2015-02-14 10:39:21
9801,-10.897125,-37.0796816666667,134,2015-02-14 10:39:26
9802,-10.897125,-37.0796816666667,134,2015-02-14 10:39:31
9803,-10.897113333333301,-37.07969,134,2015-02-14 10:39:37
9804,-10.897113333333301,-37.07969,134,2015-02-14 10:39:42
9805,-10.897113333333301,-37.07969,134,2015-02-14 10:39:47
9806,-10.897113333333301,-37.07969,134,2015-02-14 10:39:52
9807,-10.897115,-37.0796983333333,134,2015-02-14 10:39:57
9808,-10.8971166666667,-37.0796983333333,134,2015-02-14 10:40:02
9809,-10.8971166666667,-37.0796983333333,134,2015-02-14 10:40:08
9810,-10.8971166666667,-37.0796983333333,134,2015-02-14 10:40:13
9811,-10.8971166666667,-37.0796983333333,134,2015-02-14 10:40:18
9812,-10.8971166666667,-37.0796983333333,134,2015-02-14 10:40:23
9813,-10.8971166666667,-37.0796983333333,134,2015-02-14 10:40:28
9814,-10.8971166666667,-37.0796983333333,134,2015-02-14 10:40:34
9815,-10.8971166666667,-37.0796983333333,134,2015-02-14 10:40:39
9816,-10.8971166666667,-37.0796983333333,134,2015-02-14 10:40:44
9817,-10.8971166666667,-37.0796983333333,134,2015-02-14 10:40:49
9818,-10.8971166666667,-37.0796983333333,134,2015-02-14 10:40:55
9819,-10.8971166666667,-37.0796983333333,134,2015-02-14 10:41:00
9820,-10.8971166666667,-37.0796983333333,134,2015-02-14 10:41:06
9821,-10.8971166666667,-37.0796983333333,134,2015-02-14 10:41:12
9822,-10.8971166666667,-37.0796983333333,134,2015-02-14 10:41:17
9823,-10.8971166666667,-37.0796983333333,134,2015-02-14 10:41:22
9824,-10.8971166666667,-37.0796983333333,134,2015-02-14 10:41:28
9825,-10.897093333333302,-37.079711666666704,134,2015-02-14 10:41:33
9826,-10.897089999999999,-37.0797066666667,134,2015-02-14 10:41:38
9827,-10.897089999999999,-37.0797066666667,134,2015-02-14 10:41:44
9828,-10.897089999999999,-37.0797066666667,134,2015-02-14 10:41:49
9829,-10.897089999999999,-37.0797066666667,134,2015-02-14 10:41:54
9830,-10.897089999999999,-37.0797066666667,134,2015-02-14 10:41:59
9831,-10.897089999999999,-37.0797066666667,134,2015-02-14 10:42:04
9832,-10.897089999999999,-37.0797066666667,134,2015-02-14 10:42:10
9833,-10.897089999999999,-37.0797066666667,134,2015-02-14 10:42:15
9834,-10.897089999999999,-37.0797066666667,134,2015-02-14 10:42:20
9835,-10.897089999999999,-37.0797066666667,134,2015-02-14 10:42:25
9836,-10.897089999999999,-37.079738333333296,134,2015-02-14 10:42:31
9837,-10.897085,-37.07974,134,2015-02-14 10:42:36
9838,-10.897086666666699,-37.07974,134,2015-02-14 10:42:41
9839,-10.897086666666699,-37.07974,134,2015-02-14 10:42:46
9840,-10.897086666666699,-37.07974,134,2015-02-14 10:42:51
9841,-10.897086666666699,-37.07974,134,2015-02-14 10:42:56
9842,-10.897086666666699,-37.07974,134,2015-02-14 10:43:02
9843,-10.897086666666699,-37.07974,134,2015-02-14 10:43:08
9844,-10.897086666666699,-37.07974,134,2015-02-14 10:43:13
9845,-10.897086666666699,-37.07974,134,2015-02-14 10:43:18
9846,-10.897086666666699,-37.07974,134,2015-02-14 10:43:23
9847,-10.897086666666699,-37.07974,134,2015-02-14 10:43:28
9848,-10.897086666666699,-37.07974,134,2015-02-14 10:43:33
9849,-10.897103333333302,-37.0797433333333,134,2015-02-14 10:43:38
9850,-10.897096666666698,-37.0797466666667,134,2015-02-14 10:43:43
9851,-10.897096666666698,-37.0797466666667,134,2015-02-14 10:43:49
9852,-10.897096666666698,-37.0797466666667,134,2015-02-14 10:43:55
9853,-10.897096666666698,-37.0797466666667,134,2015-02-14 10:44:00
9854,-10.897096666666698,-37.0797466666667,134,2015-02-14 10:44:06
9855,-10.897096666666698,-37.0797466666667,134,2015-02-14 10:44:12
9856,-10.897096666666698,-37.0797466666667,134,2015-02-14 10:44:18
9857,-10.897096666666698,-37.0797466666667,134,2015-02-14 10:44:23
9858,-10.897096666666698,-37.0797466666667,134,2015-02-14 10:44:29
9859,-10.897096666666698,-37.0797466666667,134,2015-02-14 10:44:34
9860,-10.897096666666698,-37.0797466666667,134,2015-02-14 10:44:39
9861,-10.897096666666698,-37.0797466666667,134,2015-02-14 10:44:45
9862,-10.897096666666698,-37.0797466666667,134,2015-02-14 10:44:50
9863,-10.897096666666698,-37.0797466666667,134,2015-02-14 10:44:55
9864,-10.8971166666667,-37.079711666666704,134,2015-02-14 10:45:00
9865,-10.897123333333301,-37.0797033333333,134,2015-02-14 10:45:06
9866,-10.897123333333301,-37.0797033333333,134,2015-02-14 10:45:11
9867,-10.897123333333301,-37.0797033333333,134,2015-02-14 10:45:16
9868,-10.897123333333301,-37.0797033333333,134,2015-02-14 10:45:21
9869,-10.897123333333301,-37.0797033333333,134,2015-02-14 10:45:26
9870,-10.897123333333301,-37.0797033333333,134,2015-02-14 10:45:31
9871,-10.89713,-37.079685,134,2015-02-14 10:45:37
9872,-10.897135,-37.0796816666667,134,2015-02-14 10:45:43
9873,-10.897135,-37.0796816666667,134,2015-02-14 10:45:48
9874,-10.897135,-37.0796816666667,134,2015-02-14 10:45:53
9875,-10.897145,-37.07966333333329,134,2015-02-14 10:45:59
9876,-10.897145,-37.07966333333329,134,2015-02-14 10:46:04
9877,-10.897145,-37.07966333333329,134,2015-02-14 10:46:09
9878,-10.897145,-37.07966333333329,134,2015-02-14 10:46:14
9879,-10.897145,-37.07966333333329,134,2015-02-14 10:46:20
9880,-10.897143333333302,-37.0796333333333,134,2015-02-14 10:46:25
9881,-10.89714,-37.0796283333333,134,2015-02-14 10:46:31
9882,-10.89714,-37.0796283333333,134,2015-02-14 10:46:36
9883,-10.897135,-37.079623333333295,134,2015-02-14 10:46:42
9884,-10.897135,-37.079623333333295,134,2015-02-14 10:46:47
9885,-10.897135,-37.079623333333295,134,2015-02-14 10:46:52
9886,-10.897135,-37.079623333333295,134,2015-02-14 10:46:57
9887,-10.897135,-37.079623333333295,134,2015-02-14 10:47:02
9888,-10.897135,-37.079623333333295,134,2015-02-14 10:47:07
9889,-10.897135,-37.079623333333295,134,2015-02-14 10:47:13
9890,-10.897135,-37.079623333333295,134,2015-02-14 10:47:18
9891,-10.897135,-37.079623333333295,134,2015-02-14 10:47:23
9892,-10.897135,-37.079623333333295,134,2015-02-14 10:47:29
9893,-10.897135,-37.079623333333295,134,2015-02-14 10:47:34
9894,-10.897121666666699,-37.079666666666704,134,2015-02-14 10:47:39
9895,-10.89712,-37.07967,134,2015-02-14 10:47:44
9896,-10.89712,-37.07967,134,2015-02-14 10:47:49
9897,-10.89712,-37.07967,134,2015-02-14 10:47:55
9898,-10.8971166666667,-37.0797016666667,134,2015-02-14 10:48:00
9899,-10.897111666666698,-37.079691666666704,134,2015-02-14 10:48:05
9900,-10.897101666666698,-37.0797,134,2015-02-14 10:48:11
9901,-10.897098333333302,-37.079705,134,2015-02-14 10:48:16
9902,-10.897098333333302,-37.079705,134,2015-02-14 10:48:21
9903,-10.897098333333302,-37.079705,134,2015-02-14 10:48:27
9904,-10.897098333333302,-37.079713333333295,134,2015-02-14 10:48:32
9905,-10.897098333333302,-37.079713333333295,134,2015-02-14 10:48:37
9906,-10.897101666666698,-37.07971,134,2015-02-14 10:48:43
9907,-10.8971,-37.0797183333333,134,2015-02-14 10:48:48
9908,-10.897105,-37.0797233333333,134,2015-02-14 10:48:53
9909,-10.897111666666698,-37.07974,134,2015-02-14 10:48:59
9910,-10.897108333333302,-37.07973,134,2015-02-14 10:49:04
9911,-10.897108333333302,-37.07973,134,2015-02-14 10:49:09
9912,-10.897108333333302,-37.07973,134,2015-02-14 10:49:14
9913,-10.897108333333302,-37.07973,134,2015-02-14 10:49:20
9914,-10.897108333333302,-37.07973,134,2015-02-14 10:49:25
9915,-10.897108333333302,-37.07973,134,2015-02-14 10:49:31
9916,-10.897108333333302,-37.07973,134,2015-02-14 10:49:36
9917,-10.897108333333302,-37.07973,134,2015-02-14 10:49:41
9918,-10.897108333333302,-37.0797066666667,134,2015-02-14 10:49:46
9919,-10.897111666666698,-37.0797016666667,134,2015-02-14 10:49:52
9920,-10.897111666666698,-37.0797016666667,134,2015-02-14 10:49:57
9921,-10.897111666666698,-37.0797016666667,134,2015-02-14 10:50:02
9922,-10.897111666666698,-37.0797016666667,134,2015-02-14 10:50:08
9923,-10.897111666666698,-37.0797016666667,134,2015-02-14 10:50:13
9924,-10.897111666666698,-37.0797016666667,134,2015-02-14 10:50:18
9925,-10.897111666666698,-37.0797016666667,134,2015-02-14 10:50:23
9926,-10.897111666666698,-37.0797016666667,134,2015-02-14 10:50:28
9927,-10.897111666666698,-37.0797016666667,134,2015-02-14 10:50:34
9928,-10.897126666666699,-37.079713333333295,134,2015-02-14 10:50:39
9929,-10.89713,-37.0797266666667,134,2015-02-14 10:50:44
9930,-10.897131666666699,-37.0797216666667,134,2015-02-14 10:50:49
9931,-10.897111666666698,-37.0797316666667,134,2015-02-14 10:50:55
9932,-10.897108333333302,-37.079733333333294,134,2015-02-14 10:51:00
9933,-10.897108333333302,-37.079733333333294,134,2015-02-14 10:51:05
9934,-10.897108333333302,-37.079733333333294,134,2015-02-14 10:51:11
9935,-10.897108333333302,-37.079733333333294,134,2015-02-14 10:51:16
9936,-10.897108333333302,-37.079735,134,2015-02-14 10:51:21
9937,-10.897106666666698,-37.07973,134,2015-02-14 10:51:26
9938,-10.897106666666698,-37.07973,134,2015-02-14 10:51:31
9939,-10.897106666666698,-37.07973,134,2015-02-14 10:51:36
9940,-10.897106666666698,-37.07973,134,2015-02-14 10:51:42
9941,-10.897106666666698,-37.07973,134,2015-02-14 10:51:47
9942,-10.897106666666698,-37.07973,134,2015-02-14 10:51:52
9943,-10.897106666666698,-37.07973,134,2015-02-14 10:51:57
9944,-10.897106666666698,-37.07973,134,2015-02-14 10:52:02
9946,-10.897106666666698,-37.07973,134,2015-02-14 10:52:07
9948,-10.897106666666698,-37.07973,134,2015-02-14 10:52:12
9950,-10.897106666666698,-37.07973,134,2015-02-14 10:52:17
9952,-10.897106666666698,-37.07973,134,2015-02-14 10:52:23
9954,-10.89717,-37.079685,134,2015-02-14 10:52:28
9956,-10.897148333333302,-37.07969,134,2015-02-14 10:52:34
9958,-10.897155,-37.0797066666667,134,2015-02-14 10:52:39
9960,-10.897131666666699,-37.07973,134,2015-02-14 10:52:45
9962,-10.897115,-37.079745,134,2015-02-14 10:52:50
9964,-10.897123333333301,-37.0797516666667,134,2015-02-14 10:52:55
9966,-10.897103333333302,-37.079761666666705,134,2015-02-14 10:53:00
9968,-10.89712,-37.079716666666705,134,2015-02-14 10:53:06
9970,-10.897175,-37.0796566666667,134,2015-02-14 10:53:11
9972,-10.897175,-37.079685,134,2015-02-14 10:53:16
9974,-10.89715,-37.0796983333333,134,2015-02-14 10:53:21
9976,-10.897148333333302,-37.079713333333295,134,2015-02-14 10:53:27
9978,-10.89715,-37.079725,134,2015-02-14 10:53:32
9980,-10.897143333333302,-37.0797266666667,134,2015-02-14 10:53:38
9982,-10.897143333333302,-37.0797266666667,134,2015-02-14 10:53:43
9984,-10.897143333333302,-37.0797266666667,134,2015-02-14 10:53:48
9986,-10.89714,-37.079693333333296,134,2015-02-14 10:53:53
9988,-10.897125,-37.079691666666704,134,2015-02-14 10:53:58
9990,-10.897123333333301,-37.0796816666667,134,2015-02-14 10:54:04
9992,-10.897123333333301,-37.0796816666667,134,2015-02-14 10:54:09
9994,-10.897110000000001,-37.0797033333333,134,2015-02-14 10:54:14
9996,-10.897111666666698,-37.079736666666705,134,2015-02-14 10:54:19
9998,-10.897110000000001,-37.079736666666705,134,2015-02-14 10:54:25
10000,-10.897110000000001,-37.079736666666705,134,2015-02-14 10:54:30
10002,-10.897110000000001,-37.079736666666705,134,2015-02-14 10:54:35
10004,-10.897075,-37.079716666666705,134,2015-02-14 10:54:40
10006,-10.897063333333302,-37.0797183333333,134,2015-02-14 10:54:46
10008,-10.897075,-37.07972,134,2015-02-14 10:54:51
10010,-10.897093333333302,-37.0797183333333,134,2015-02-14 10:54:57
10012,-10.897086666666699,-37.0797183333333,134,2015-02-14 10:55:02
10014,-10.897086666666699,-37.0797183333333,134,2015-02-14 10:55:08
10016,-10.897086666666699,-37.0797183333333,134,2015-02-14 10:55:13
10018,-10.897086666666699,-37.0797183333333,134,2015-02-14 10:55:19
10020,-10.897086666666699,-37.0797183333333,134,2015-02-14 10:55:24
10022,-10.897086666666699,-37.0797183333333,134,2015-02-14 10:55:29
10288,-10.9035552,-37.05516615,136,2015-02-19 07:37:20
10289,-10.90348981,-37.05523812,136,2015-02-19 07:37:25
10290,-10.90325151,-37.0553946,136,2015-02-19 07:37:30
10291,-10.90309929,-37.05549407,136,2015-02-19 07:37:36
10292,-10.90306273,-37.0558761,136,2015-02-19 07:37:42
10293,-10.903030099999999,-37.05633847,136,2015-02-19 07:37:47
10294,-10.90302669,-37.05701166,136,2015-02-19 07:37:53
10295,-10.90302334,-37.0575792,136,2015-02-19 07:37:58
10296,-10.90299543,-37.05804227,136,2015-02-19 07:38:04
10297,-10.903005699999998,-37.05837477,136,2015-02-19 07:38:09
10298,-10.90300721,-37.058817499999996,136,2015-02-19 07:38:14
10299,-10.90300016,-37.0593999,136,2015-02-19 07:38:20
10300,-10.90300553,-37.05981427,136,2015-02-19 07:38:25
10301,-10.90336657,-37.06001159,136,2015-02-19 07:38:30
10302,-10.90394276,-37.06023929,136,2015-02-19 07:38:36
10303,-10.9044461,-37.06043086,136,2015-02-19 07:38:42
10304,-10.90461856,-37.06047726,136,2015-02-19 07:38:47
10305,-10.90465259,-37.06050086,136,2015-02-19 07:38:52
10306,-10.90464954,-37.06050143,136,2015-02-19 07:38:58
10307,-10.90464805,-37.06050155,136,2015-02-19 07:39:03
10308,-10.90464821,-37.0605016,136,2015-02-19 07:39:08
10309,-10.9046491,-37.06050195,136,2015-02-19 07:39:14
10310,-10.90474983,-37.06053877,136,2015-02-19 07:39:19
10311,-10.90511891,-37.06064842,136,2015-02-19 07:39:25
10312,-10.9055212,-37.06082847,136,2015-02-19 07:39:31
10313,-10.90595262,-37.06106071,136,2015-02-19 07:39:37
10314,-10.90620296,-37.06119443,136,2015-02-19 07:39:42
10315,-10.90644566,-37.06144472,136,2015-02-19 07:39:48
10316,-10.90648787,-37.06169116,136,2015-02-19 07:39:53
10317,-10.90689535,-37.06175581,136,2015-02-19 07:39:59
10318,-10.90726399,-37.06185491,136,2015-02-19 07:40:04
10319,-10.90776409,-37.06216792,136,2015-02-19 07:40:10
10320,-10.90822219,-37.06249937,136,2015-02-19 07:40:15
10321,-10.90864503,-37.06281609,136,2015-02-19 07:40:21
10322,-10.90900748,-37.06307907,136,2015-02-19 07:40:26
10323,-10.90950163,-37.06340254,136,2015-02-19 07:40:32
10324,-10.90983992,-37.06366742,136,2015-02-19 07:40:37
10325,-10.91009785,-37.06381134,136,2015-02-19 07:40:43
10326,-10.91011879,-37.06381066,136,2015-02-19 07:40:49
10327,-10.91012006,-37.06380845,136,2015-02-19 07:40:55
10328,-10.91012591,-37.06381172,136,2015-02-19 07:41:00
10329,-10.91012585,-37.06381169,136,2015-02-19 07:41:06
10330,-10.91012587,-37.06381171,136,2015-02-19 07:41:12
10331,-10.91012589,-37.06381172,136,2015-02-19 07:41:18
10332,-10.91012591,-37.06381171,136,2015-02-19 07:41:23
10333,-10.91012601,-37.06381179,136,2015-02-19 07:41:28
10334,-10.91012598,-37.06381177,136,2015-02-19 07:41:34
10335,-10.91018742,-37.06382863,136,2015-02-19 07:41:40
10336,-10.91041504,-37.06391148,136,2015-02-19 07:41:46
10337,-10.91048471,-37.06414258,136,2015-02-19 07:41:51
10338,-10.91048617,-37.06465873,136,2015-02-19 07:41:57
10339,-10.91048322,-37.06525907,136,2015-02-19 07:42:03
10340,-10.91046746,-37.06581374,136,2015-02-19 07:42:09
10341,-10.91043015,-37.06617608,136,2015-02-19 07:42:14
10342,-10.91042584,-37.06632564,136,2015-02-19 07:42:19
10343,-10.91042765,-37.06633701,136,2015-02-19 07:42:25
10344,-10.91042897,-37.06633557,136,2015-02-19 07:42:31
10345,-10.91043103,-37.0663359,136,2015-02-19 07:42:36
10346,-10.91043111,-37.0663359,136,2015-02-19 07:42:42
10347,-10.91043113,-37.06633594,136,2015-02-19 07:42:47
10348,-10.91043121,-37.06633597,136,2015-02-19 07:42:52
10349,-10.91043128,-37.06633592,136,2015-02-19 07:42:57
10350,-10.91043132,-37.06633602,136,2015-02-19 07:43:03
10351,-10.91043138,-37.06633609,136,2015-02-19 07:43:08
10352,-10.91043143,-37.06633607,136,2015-02-19 07:43:14
10353,-10.91042361,-37.06646369,136,2015-02-19 07:43:20
10354,-10.91040656,-37.06666578,136,2015-02-19 07:43:26
10355,-10.91043405,-37.06684061,136,2015-02-19 07:43:32
10356,-10.91075994,-37.06690182,136,2015-02-19 07:43:37
10357,-10.91094572,-37.06697291,136,2015-02-19 07:43:43
10358,-10.91091653,-37.066980799999996,136,2015-02-19 07:43:48
10359,-10.9109133,-37.06697314,136,2015-02-19 07:43:54
10360,-10.91091271,-37.0669725,136,2015-02-19 07:44:00
10361,-10.91091281,-37.06697248,136,2015-02-19 07:44:05
10362,-10.91091314,-37.06697267,136,2015-02-19 07:44:10
10363,-10.91091328,-37.06697284,136,2015-02-19 07:44:15
10364,-10.91091363,-37.06697302,136,2015-02-19 07:44:21
10365,-10.91091367,-37.06697298,136,2015-02-19 07:44:27
10366,-10.91094435,-37.06697083,136,2015-02-19 07:44:32
10367,-10.91108614,-37.06701354,136,2015-02-19 07:44:38
10368,-10.9115747,-37.06715972,136,2015-02-19 07:44:44
10369,-10.91231707,-37.06738206,136,2015-02-19 07:44:50
10370,-10.91295821,-37.06755355,136,2015-02-19 07:44:55
10371,-10.91380431,-37.06775805,136,2015-02-19 07:45:02
10372,-10.91447128,-37.06796722,136,2015-02-19 07:45:08
10373,-10.91497647,-37.06818188,136,2015-02-19 07:45:13
10374,-10.91565249,-37.06842168,136,2015-02-19 07:45:19
10375,-10.91631845,-37.06867718,136,2015-02-19 07:45:24
10376,-10.91695408,-37.06891413,136,2015-02-19 07:45:29
10377,-10.91761849,-37.06915573,136,2015-02-19 07:45:35
10378,-10.91789455,-37.06924545,136,2015-02-19 07:45:40
10379,-10.91792517,-37.06924827,136,2015-02-19 07:45:45
10380,-10.91794334,-37.06926947,136,2015-02-19 07:45:51
10381,-10.91799377,-37.06929609,136,2015-02-19 07:45:57
10382,-10.91829392,-37.06942212,136,2015-02-19 07:46:02
10383,-10.91890377,-37.06962331,136,2015-02-19 07:46:08
10384,-10.91930848,-37.06974579,136,2015-02-19 07:46:14
10385,-10.91973247,-37.06991542,136,2015-02-19 07:46:19
10386,-10.92027431,-37.07012052,136,2015-02-19 07:46:25
10387,-10.92081502,-37.07029947,136,2015-02-19 07:46:31
10388,-10.92136256,-37.07051329,136,2015-02-19 07:46:36
10389,-10.92213757,-37.07076817,136,2015-02-19 07:46:42
10390,-10.92277749,-37.07100652,136,2015-02-19 07:46:48
10391,-10.92324304,-37.071189200000006,136,2015-02-19 07:46:53
10392,-10.92366534,-37.07133557,136,2015-02-19 07:46:59
10393,-10.92397894,-37.07145449,136,2015-02-19 07:47:04
10394,-10.92455831,-37.07165639,136,2015-02-19 07:47:10
10395,-10.92517171,-37.0718781,136,2015-02-19 07:47:16
10396,-10.92559434,-37.07202313,136,2015-02-19 07:47:21
10397,-10.92586031,-37.07212762,136,2015-02-19 07:47:27
10398,-10.9258828,-37.07213399,136,2015-02-19 07:47:32
10399,-10.925891900000002,-37.07213839999999,136,2015-02-19 07:47:37
10400,-10.92589094,-37.07213972,136,2015-02-19 07:47:43
10401,-10.92589102,-37.07213966,136,2015-02-19 07:47:49
10402,-10.92589104,-37.07213959,136,2015-02-19 07:47:54
10403,-10.9258909,-37.07213927,136,2015-02-19 07:48:00
10404,-10.92589081,-37.07213908,136,2015-02-19 07:48:05
10405,-10.92589079,-37.07213899,136,2015-02-19 07:48:10
10406,-10.92592002,-37.07214967,136,2015-02-19 07:48:16
10407,-10.92603384,-37.07219620000001,136,2015-02-19 07:48:21
10408,-10.92634124,-37.07231307,136,2015-02-19 07:48:26
10409,-10.92688254,-37.07253049,136,2015-02-19 07:48:32
10410,-10.92743468,-37.07273673,136,2015-02-19 07:48:37
10411,-10.92812798,-37.07298946,136,2015-02-19 07:48:43
10412,-10.9287623,-37.07323693,136,2015-02-19 07:48:48
10413,-10.92937983,-37.07346738,136,2015-02-19 07:48:53
10414,-10.92996033,-37.0736864,136,2015-02-19 07:48:58
10415,-10.93053572,-37.07387883,136,2015-02-19 07:49:03
10416,-10.93127178,-37.07415362,136,2015-02-19 07:49:09
10417,-10.93200233,-37.07441164,136,2015-02-19 07:49:15
10418,-10.93257371,-37.07461905,136,2015-02-19 07:49:20
10419,-10.93317878,-37.07483536,136,2015-02-19 07:49:26
10420,-10.93370413,-37.07502052,136,2015-02-19 07:49:32
10421,-10.93400856,-37.07517335,136,2015-02-19 07:49:37
10422,-10.93403173,-37.07515123,136,2015-02-19 07:49:42
10423,-10.93403177,-37.07515337,136,2015-02-19 07:49:47
10424,-10.93402922,-37.07515545,136,2015-02-19 07:49:52
10425,-10.93402826,-37.07515577,136,2015-02-19 07:49:58
10426,-10.93402822,-37.07515566,136,2015-02-19 07:50:03
10427,-10.9340284,-37.07515564,136,2015-02-19 07:50:09
10428,-10.93402824,-37.0751558,136,2015-02-19 07:50:14
10429,-10.93405834,-37.0751664,136,2015-02-19 07:50:20
10430,-10.93436917,-37.07527018,136,2015-02-19 07:50:25
10431,-10.93475986,-37.07543047,136,2015-02-19 07:50:31
10432,-10.93519438,-37.07556052,136,2015-02-19 07:50:36
10433,-10.9357293,-37.07577484,136,2015-02-19 07:50:41
10434,-10.93644772,-37.07603798,136,2015-02-19 07:50:47
10435,-10.93721995,-37.07633563,136,2015-02-19 07:50:53
10436,-10.93788917,-37.076584600000004,136,2015-02-19 07:50:58
10437,-10.93863716,-37.07685766,136,2015-02-19 07:51:04
10438,-10.93928379,-37.07708791,136,2015-02-19 07:51:09
10439,-10.94002976,-37.07735505,136,2015-02-19 07:51:15
10440,-10.94065436,-37.07760968,136,2015-02-19 07:51:20
10441,-10.94123929,-37.07765743,136,2015-02-19 07:51:25
10442,-10.94178216,-37.07779009,136,2015-02-19 07:51:31
10443,-10.94182879,-37.07784683,136,2015-02-19 07:51:36
10444,-10.9419038,-37.07802463,136,2015-02-19 07:51:41
10445,-10.94190111,-37.07822327,136,2015-02-19 07:51:47
10446,-10.94177333,-37.07840674,136,2015-02-19 07:51:52
10447,-10.94150945,-37.07870327,136,2015-02-19 07:51:58
10448,-10.94121342,-37.07894647,136,2015-02-19 07:52:03
10449,-10.9410344,-37.0790459,136,2015-02-19 07:52:09
10450,-10.94101967,-37.07904862,136,2015-02-19 07:52:14
10614,-10.94097016,-37.07905323,138,2015-02-19 07:37:20
10615,-10.94096388,-37.07906857,138,2015-02-19 07:37:25
10616,-10.94093202,-37.07917653,138,2015-02-19 07:37:30
10617,-10.94077575,-37.07936,138,2015-02-19 07:37:36
10618,-10.94049916,-37.07962669,138,2015-02-19 07:37:42
10619,-10.94021819,-37.07993642,138,2015-02-19 07:37:47
10620,-10.93982251,-37.08032333,138,2015-02-19 07:37:53
10621,-10.93938059,-37.08075472,138,2015-02-19 07:37:58
10622,-10.93877376,-37.0813494,138,2015-02-19 07:38:04
10624,-10.93829004,-37.08182003,138,2015-02-19 07:38:09
10626,-10.93762646,-37.08229541,138,2015-02-19 07:38:14
10628,-10.93687812,-37.08266257,138,2015-02-19 07:38:20
10630,-10.93626138,-37.08286109,138,2015-02-19 07:38:25
10632,-10.93565131,-37.08299298,138,2015-02-19 07:38:30
10634,-10.93499972,-37.08305547,138,2015-02-19 07:38:36
10636,-10.93414162,-37.08299028,138,2015-02-19 07:38:42
10638,-10.93334487,-37.08278943,138,2015-02-19 07:38:47
10640,-10.93269129,-37.08257372,138,2015-02-19 07:38:52
10642,-10.93196303,-37.08228884,138,2015-02-19 07:38:58
10644,-10.93128563,-37.08203352,138,2015-02-19 07:39:03
10646,-10.930778,-37.081838,138,2015-02-19 07:39:08
10648,-10.93068146,-37.08189588,138,2015-02-19 07:39:14
10650,-10.93095885,-37.08200776,138,2015-02-19 07:39:19
10652,-10.93151226,-37.08220376,138,2015-02-19 07:39:25
10654,-10.93207886,-37.08244343,138,2015-02-19 07:39:31
10656,-10.93281139,-37.08275358,138,2015-02-19 07:39:37
10658,-10.93346893,-37.08298513,138,2015-02-19 07:39:42
10660,-10.93425375,-37.08314722,138,2015-02-19 07:39:48
10662,-10.93491305,-37.08319426,138,2015-02-19 07:39:53
10664,-10.93555855,-37.08314956,138,2015-02-19 07:39:59
10666,-10.93634999,-37.08299755,138,2015-02-19 07:40:04
10668,-10.93712299,-37.08270453,138,2015-02-19 07:40:10
10670,-10.93782341,-37.08232168,138,2015-02-19 07:40:15
10672,-10.93843311,-37.08189322,138,2015-02-19 07:40:21
10674,-10.9387453,-37.08166932,138,2015-02-19 07:40:26
10676,-10.93903429,-37.08198372,138,2015-02-19 07:40:32
10678,-10.93928727,-37.082397799999995,138,2015-02-19 07:40:37
10680,-10.93956878,-37.08283407,138,2015-02-19 07:40:43
10682,-10.93987871,-37.08330774,138,2015-02-19 07:40:49
10684,-10.93992197,-37.08344324,138,2015-02-19 07:40:55
10686,-10.9400877,-37.08376335,138,2015-02-19 07:41:00
10688,-10.94026908,-37.08421916,138,2015-02-19 07:41:06
10690,-10.94040273,-37.08470808,138,2015-02-19 07:41:12
10692,-10.94054169,-37.08529245,138,2015-02-19 07:41:18
10694,-10.94063406,-37.08568498,138,2015-02-19 07:41:23
10696,-10.94099057,-37.08570381,138,2015-02-19 07:41:28
10698,-10.94145929,-37.08556201,138,2015-02-19 07:41:34
10700,-10.94200173,-37.08542251,138,2015-02-19 07:41:40
10702,-10.94230522,-37.08536158,138,2015-02-19 07:41:46
10704,-10.94263077,-37.08526903,138,2015-02-19 07:41:51
10706,-10.94295263,-37.08518671,138,2015-02-19 07:41:57
10708,-10.94318438,-37.08521258,138,2015-02-19 07:42:03
10710,-10.94327784,-37.08552372,138,2015-02-19 07:42:09
10712,-10.94334193,-37.08578895,138,2015-02-19 07:42:14
10714,-10.94340952,-37.08600814,138,2015-02-19 07:42:19
10715,-10.94354958,-37.08655163,138,2015-02-19 07:42:25
10717,-10.94370543,-37.08705586,138,2015-02-19 07:42:31
10719,-10.94398687,-37.08739595,138,2015-02-19 07:42:36
10721,-10.94424636,-37.08777762,138,2015-02-19 07:42:42
10723,-10.94450042,-37.08797367,138,2015-02-19 07:42:47
10725,-10.94464496,-37.08770551,138,2015-02-19 07:42:52
10727,-10.94488112,-37.08757857,138,2015-02-19 07:42:57
10729,-10.94506742,-37.08775423,138,2015-02-19 07:43:03
10731,-10.94525063,-37.08802033,138,2015-02-19 07:43:08
10733,-10.94550666,-37.08833884,138,2015-02-19 07:43:14
10735,-10.94567106,-37.08851499,138,2015-02-19 07:43:20
10737,-10.9457209,-37.08860827,138,2015-02-19 07:43:26
10739,-10.94575518,-37.08864831,138,2015-02-19 07:43:32
10741,-10.94573553,-37.08861967,138,2015-02-19 07:43:37
10752,-10.94598139,-37.08897039,140,2015-02-19 07:37:20
10753,-10.94608977,-37.08911079999999,140,2015-02-19 07:37:25
10754,-10.94596096,-37.08918536,140,2015-02-19 07:37:30
10755,-10.94567298,-37.08927789,140,2015-02-19 07:37:36
10756,-10.94549235,-37.08919867,140,2015-02-19 07:37:42
10757,-10.94531956,-37.08894491,140,2015-02-19 07:37:47
10758,-10.94507439,-37.08864201,140,2015-02-19 07:37:53
10759,-10.94470191,-37.08822588,140,2015-02-19 07:37:58
10760,-10.944576,-37.08799863,140,2015-02-19 07:38:04
10761,-10.94439297,-37.08770165,140,2015-02-19 07:38:09
10762,-10.94404097,-37.08738458,140,2015-02-19 07:38:14
10763,-10.94381889,-37.08703895,140,2015-02-19 07:38:20
10764,-10.94367783,-37.08659032,140,2015-02-19 07:38:25
10765,-10.94359719,-37.08631132,140,2015-02-19 07:38:30
10766,-10.94346241,-37.08584111,140,2015-02-19 07:38:36
10767,-10.94330053,-37.08520747,140,2015-02-19 07:38:42
10769,-10.94312642,-37.08458734,140,2015-02-19 07:38:47
10771,-10.94294247,-37.08387609,140,2015-02-19 07:38:52
10772,-10.94280138,-37.08330574,140,2015-02-19 07:38:58
10774,-10.94267111,-37.08284627,140,2015-02-19 07:39:03
10776,-10.94262094,-37.08252482,140,2015-02-19 07:39:08
10778,-10.94252861,-37.08222877,140,2015-02-19 07:39:14
10780,-10.94244181,-37.08188535,140,2015-02-19 07:39:19
10782,-10.94232863,-37.08142569,140,2015-02-19 07:39:25
10784,-10.94218542,-37.08089109,140,2015-02-19 07:39:31
10786,-10.94205973,-37.080313200000006,140,2015-02-19 07:39:37
10789,-10.94188962,-37.07982199,140,2015-02-19 07:39:42
10791,-10.94150014,-37.07941084,140,2015-02-19 07:39:48
10793,-10.94135844,-37.07909918,140,2015-02-19 07:39:53
10795,-10.94166182,-37.07872435,140,2015-02-19 07:39:59
10797,-10.94208246,-37.07831007,140,2015-02-19 07:40:04
10799,-10.9425673,-37.07783714,140,2015-02-19 07:40:10
10801,-10.94315079,-37.07727168,140,2015-02-19 07:40:15
10803,-10.94363644,-37.07677944,140,2015-02-19 07:40:21
10805,-10.94415227,-37.07626749,140,2015-02-19 07:40:26
10807,-10.94474579,-37.07567941,140,2015-02-19 07:40:32
10809,-10.9453415,-37.07511107,140,2015-02-19 07:40:37
10811,-10.94592486,-37.0745385,140,2015-02-19 07:40:43
10813,-10.94640328,-37.07406257,140,2015-02-19 07:40:49
10815,-10.94691858,-37.07354997,140,2015-02-19 07:40:55
10817,-10.9473484,-37.07315893,140,2015-02-19 07:41:00
10819,-10.94766095,-37.07287468,140,2015-02-19 07:41:06
10821,-10.94791244,-37.07298027,140,2015-02-19 07:41:12
10823,-10.94777286,-37.07324321,140,2015-02-19 07:41:18
10825,-10.94744028,-37.07305521,140,2015-02-19 07:41:23
10827,-10.94719114,-37.07278902,140,2015-02-19 07:41:28
10829,-10.94679036,-37.07231025,140,2015-02-19 07:41:34
10831,-10.94631031,-37.07175879,140,2015-02-19 07:41:40
10833,-10.94584635,-37.07120285,140,2015-02-19 07:41:46
10835,-10.94545584,-37.07073311,140,2015-02-19 07:41:51
10837,-10.94513122,-37.07029406,140,2015-02-19 07:41:57
10839,-10.94452955,-37.06961503,140,2015-02-19 07:42:03
10841,-10.94425223,-37.0691195,140,2015-02-19 07:42:09
10843,-10.94442611,-37.06875188,140,2015-02-19 07:42:14
10845,-10.94446412,-37.06837723,140,2015-02-19 07:42:19
10847,-10.94418044,-37.06801166,140,2015-02-19 07:42:25
10849,-10.94372267,-37.0675211,140,2015-02-19 07:42:31
10851,-10.9432967,-37.06699737,140,2015-02-19 07:42:36
10853,-10.94285149,-37.06651735,140,2015-02-19 07:42:42
10855,-10.94253012,-37.06615086,140,2015-02-19 07:42:47
10857,-10.94234503,-37.06592771,140,2015-02-19 07:42:52
10859,-10.94233946,-37.06552642,140,2015-02-19 07:42:57
10861,-10.94237602,-37.06504807,140,2015-02-19 07:43:03
10863,-10.94242658,-37.06446315,140,2015-02-19 07:43:08
10865,-10.94247974,-37.06370815,140,2015-02-19 07:43:14
10867,-10.94253293,-37.06310178,140,2015-02-19 07:43:20
10869,-10.94260481,-37.062409499999994,140,2015-02-19 07:43:26
10871,-10.94268173,-37.06197093,140,2015-02-19 07:43:32
10873,-10.94269811,-37.06186951,140,2015-02-19 07:43:37
10875,-10.94270407,-37.06186333,140,2015-02-19 07:43:43
10877,-10.94270757,-37.06186813,140,2015-02-19 07:43:48
10879,-10.94274295,-37.06166487,140,2015-02-19 07:43:54
10881,-10.94278586,-37.06136088,140,2015-02-19 07:44:00
10883,-10.94281207,-37.06101271,140,2015-02-19 07:44:05
10885,-10.94247995,-37.06072582,140,2015-02-19 07:44:10
10887,-10.94215333,-37.06041715,140,2015-02-19 07:44:15
10889,-10.941718400000001,-37.05998491,140,2015-02-19 07:44:21
10891,-10.94131516,-37.05959102,140,2015-02-19 07:44:27
10893,-10.94120926,-37.05946102,140,2015-02-19 07:44:32
10895,-10.94114109,-37.05939361,140,2015-02-19 07:44:38
10897,-10.94086257,-37.05914522,140,2015-02-19 07:44:44
10899,-10.94060715,-37.05874457,140,2015-02-19 07:44:50
10901,-10.94062398,-37.05822958,140,2015-02-19 07:44:55
10903,-10.94096612,-37.05789509,140,2015-02-19 07:45:02
10905,-10.94135678,-37.05757699,140,2015-02-19 07:45:08
10907,-10.94167948,-37.05729818,140,2015-02-19 07:45:13
10909,-10.94175651,-37.05723183,140,2015-02-19 07:45:19
10910,-10.9417495,-37.05723563,140,2015-02-19 07:45:24
10912,-10.94174688,-37.05723144,140,2015-02-19 07:45:29
10914,-10.94174693,-37.05723133,140,2015-02-19 07:45:35
10916,-10.94174689,-37.05723128,140,2015-02-19 07:45:40
10918,-10.94174682,-37.05723108,140,2015-02-19 07:45:45
10920,-10.94174681,-37.05723088,140,2015-02-19 07:45:51
10922,-10.94173694,-37.05723007,140,2015-02-19 07:45:57
10924,-10.94180458,-37.05717087,140,2015-02-19 07:46:02
10925,-10.94204663,-37.05696708,140,2015-02-19 07:46:08
10927,-10.942391800000001,-37.05669295,140,2015-02-19 07:46:14
10929,-10.94268457,-37.05650941,140,2015-02-19 07:46:19
10930,-10.94302399,-37.05632670000001,140,2015-02-19 07:46:25
10932,-10.943081300000001,-37.05590979,140,2015-02-19 07:46:31
10934,-10.9431406,-37.0553371,140,2015-02-19 07:46:36
10936,-10.94334123,-37.05462908,140,2015-02-19 07:46:42
10938,-10.94354179,-37.05392485,140,2015-02-19 07:46:48
10940,-10.94374098,-37.05322108,140,2015-02-19 07:46:53
10942,-10.94390994,-37.05256224,140,2015-02-19 07:46:59
10944,-10.94403977,-37.05211629,140,2015-02-19 07:47:04
10946,-10.94411117,-37.05184905,140,2015-02-19 07:47:10
10947,-10.944119500000001,-37.0518484,140,2015-02-19 07:47:16
10949,-10.94411531,-37.05184592,140,2015-02-19 07:47:21
10951,-10.94411564,-37.05184715,140,2015-02-19 07:47:27
10953,-10.94411593,-37.05184593,140,2015-02-19 07:47:32
10955,-10.94415952,-37.05168692,140,2015-02-19 07:47:37
10957,-10.94422449,-37.05143281,140,2015-02-19 07:47:43
10959,-10.94415433,-37.05112279,140,2015-02-19 07:47:49
10961,-10.94385452,-37.05101642,140,2015-02-19 07:47:54
10963,-10.94315425,-37.05103445,140,2015-02-19 07:48:00
10965,-10.94246148,-37.05095257,140,2015-02-19 07:48:05
10967,-10.94225794,-37.05090337,140,2015-02-19 07:48:10
10969,-10.94225466,-37.05089637,140,2015-02-19 07:48:16
10971,-10.94225117,-37.05089107,140,2015-02-19 07:48:21
10973,-10.94225078,-37.05088731,140,2015-02-19 07:48:26
10975,-10.94224381,-37.05088434,140,2015-02-19 07:48:32
10977,-10.94204621,-37.05083894,140,2015-02-19 07:48:37
10979,-10.9417312,-37.05074434,140,2015-02-19 07:48:43
10981,-10.94139567,-37.0505303,140,2015-02-19 07:48:48
10982,-10.94142649,-37.0500576,140,2015-02-19 07:48:53
10984,-10.94174121,-37.04965232,140,2015-02-19 07:48:58
10986,-10.94217636,-37.049061,140,2015-02-19 07:49:03
10988,-10.94262261,-37.04849354,140,2015-02-19 07:49:09
10990,-10.94306279,-37.04794147,140,2015-02-19 07:49:15
10992,-10.94357502,-37.04749505,140,2015-02-19 07:49:20
10994,-10.94404387,-37.04711887,140,2015-02-19 07:49:26
10996,-10.94433264,-37.04689854,140,2015-02-19 07:49:32
10998,-10.94434016,-37.04690305,140,2015-02-19 07:49:37
11000,-10.94434351,-37.04690055,140,2015-02-19 07:49:42
11002,-10.94434215,-37.04689994,140,2015-02-19 07:49:47
11004,-10.9443901,-37.04687146,140,2015-02-19 07:49:52
11006,-10.94462659,-37.04670069,140,2015-02-19 07:49:58
11008,-10.945047500000001,-37.04643435,140,2015-02-19 07:50:03
11010,-10.94543016,-37.0462436,140,2015-02-19 07:50:09
11012,-10.94578166,-37.04610127,140,2015-02-19 07:50:14
11014,-10.94607054,-37.04612189,140,2015-02-19 07:50:20
11016,-10.94624171,-37.04654594,140,2015-02-19 07:50:25
11018,-10.946375900000001,-37.04679966,140,2015-02-19 07:50:31
11019,-10.94648715,-37.04670222,140,2015-02-19 07:50:36
11021,-10.94659985,-37.04658456,140,2015-02-19 07:50:41
11023,-10.94672526,-37.04645602,140,2015-02-19 07:50:47
11025,-10.94689818,-37.04633784,140,2015-02-19 07:50:53
11048,-10.94684527,-37.0463849,142,2015-02-19 07:37:20
11049,-10.94697443,-37.04624617,142,2015-02-19 07:37:25
11050,-10.94723594,-37.04606173,142,2015-02-19 07:37:30
11051,-10.94744779,-37.04595356,142,2015-02-19 07:37:36
11052,-10.947485,-37.04592824,142,2015-02-19 07:37:42
11053,-10.94751618,-37.04591074,142,2015-02-19 07:37:47
11054,-10.94760807,-37.04587108,142,2015-02-19 07:37:53
11055,-10.9477362,-37.04581732,142,2015-02-19 07:37:58
11056,-10.94779043,-37.04573124,142,2015-02-19 07:38:04
11057,-10.94778134,-37.04569485,142,2015-02-19 07:38:09
11058,-10.94777981,-37.04569424,142,2015-02-19 07:38:14
11059,-10.94777982,-37.04569405,142,2015-02-19 07:38:20
11060,-10.94777984,-37.04569403,142,2015-02-19 07:38:25
11061,-10.94777983,-37.04569394,142,2015-02-19 07:38:30
11062,-10.94777994,-37.04568191,142,2015-02-19 07:38:36
11063,-10.94777767,-37.04567523,142,2015-02-19 07:38:42
11064,-10.94777813,-37.04566794,142,2015-02-19 07:38:47
11065,-10.94777636,-37.04565173,142,2015-02-19 07:38:52
11066,-10.94783179,-37.04552877,142,2015-02-19 07:38:58
11067,-10.948314100000001,-37.04552472,142,2015-02-19 07:39:03
11068,-10.94899366,-37.04547781,142,2015-02-19 07:39:08
11069,-10.94963557,-37.04544706,142,2015-02-19 07:39:14
11070,-10.95011566,-37.04544955,142,2015-02-19 07:39:19
11071,-10.9501035,-37.04528728,142,2015-02-19 07:39:25
11072,-10.94965783,-37.04524543,142,2015-02-19 07:39:31
11073,-10.94903724,-37.04522415,142,2015-02-19 07:39:37
11074,-10.94848744,-37.04527594,142,2015-02-19 07:39:42
11075,-10.94787659,-37.04532535,142,2015-02-19 07:39:48
11076,-10.94694176,-37.04544219,142,2015-02-19 07:39:53
11077,-10.94616489,-37.04564884,142,2015-02-19 07:39:59
11078,-10.94537021,-37.04595045,142,2015-02-19 07:40:04
11079,-10.94476923,-37.04625192,142,2015-02-19 07:40:10
11080,-10.94410652,-37.04670858,142,2015-02-19 07:40:15
11081,-10.94353779,-37.04721773,142,2015-02-19 07:40:21
11082,-10.94299375,-37.04781082,142,2015-02-19 07:40:26
11083,-10.94250011,-37.04849063,142,2015-02-19 07:40:32
11084,-10.94210901,-37.04901711,142,2015-02-19 07:40:37
11085,-10.94173874,-37.04952958,142,2015-02-19 07:40:43
11086,-10.94131328,-37.05007376,142,2015-02-19 07:40:49
11087,-10.94114891,-37.05018344,142,2015-02-19 07:40:55
11088,-10.941157400000002,-37.05019604,142,2015-02-19 07:41:00
11089,-10.94116015,-37.05018923,142,2015-02-19 07:41:06
11090,-10.94116035,-37.05018948,142,2015-02-19 07:41:12
11091,-10.94116043,-37.05018958,142,2015-02-19 07:41:18
11092,-10.94116053,-37.05018967,142,2015-02-19 07:41:23
11093,-10.94116055,-37.05018979,142,2015-02-19 07:41:28
11095,-10.94116071,-37.05018986,142,2015-02-19 07:41:34
11097,-10.94116071,-37.05018996,142,2015-02-19 07:41:40
11099,-10.94116484,-37.05019687,142,2015-02-19 07:41:46
11101,-10.94107041,-37.05024893,142,2015-02-19 07:41:51
11103,-10.94058351,-37.05045166,142,2015-02-19 07:41:57
11105,-10.94001388,-37.05056367,142,2015-02-19 07:42:03
11107,-10.93935292,-37.05064993,142,2015-02-19 07:42:09
11109,-10.93864834,-37.05064189,142,2015-02-19 07:42:14
11111,-10.93781807,-37.05057763,142,2015-02-19 07:42:19
11113,-10.93703404,-37.05048118,142,2015-02-19 07:42:25
11114,-10.93637444,-37.05038555,142,2015-02-19 07:42:31
11116,-10.93554809,-37.05025307,142,2015-02-19 07:42:36
11118,-10.93472654,-37.05001453,142,2015-02-19 07:42:42
11120,-10.93408022,-37.04971201,142,2015-02-19 07:42:47
11122,-10.93334992,-37.04922075,142,2015-02-19 07:42:52
11124,-10.93282405,-37.04874418,142,2015-02-19 07:42:57
11126,-10.93220215,-37.04813782,142,2015-02-19 07:43:03
11128,-10.93169823,-37.04764783,142,2015-02-19 07:43:08
11130,-10.93119205,-37.04709821,142,2015-02-19 07:43:14
11132,-10.93072681,-37.04655567,142,2015-02-19 07:43:20
11134,-10.93029508,-37.04602363,142,2015-02-19 07:43:26
11136,-10.92975009,-37.04534681,142,2015-02-19 07:43:32
11138,-10.92925788,-37.04465386,142,2015-02-19 07:43:37
11139,-10.92878737,-37.04396585,142,2015-02-19 07:43:43
11141,-10.92836259,-37.04347105,142,2015-02-19 07:43:48
11143,-10.9276219,-37.04318597,142,2015-02-19 07:43:54
11145,-10.92691774,-37.04338999,142,2015-02-19 07:44:00
11147,-10.92625046,-37.04366106,142,2015-02-19 07:44:05
11150,-10.92562817,-37.0438739,142,2015-02-19 07:44:10
11152,-10.92500921,-37.04383745,142,2015-02-19 07:44:15
11154,-10.92448038,-37.04378684,142,2015-02-19 07:44:21
11156,-10.92389071,-37.04413605,142,2015-02-19 07:44:27
11158,-10.92321274,-37.04457366,142,2015-02-19 07:44:32
11160,-10.92264998,-37.04491218,142,2015-02-19 07:44:38
11162,-10.92191949,-37.04525688,142,2015-02-19 07:44:44
11164,-10.92131149,-37.04554128,142,2015-02-19 07:44:50
11166,-10.92067031,-37.04580979,142,2015-02-19 07:44:55
11168,-10.91992745,-37.04610355,142,2015-02-19 07:45:02
11170,-10.91936859,-37.04632531,142,2015-02-19 07:45:08
11172,-10.91878898,-37.04656187,142,2015-02-19 07:45:13
11174,-10.91861493,-37.04662896,142,2015-02-19 07:45:19
11176,-10.91862636,-37.04663433,142,2015-02-19 07:45:24
11178,-10.91861912,-37.04663695,142,2015-02-19 07:45:29
11180,-10.91861872,-37.04663827,142,2015-02-19 07:45:35
11182,-10.91861871,-37.04663835,142,2015-02-19 07:45:40
11184,-10.91861876,-37.04663838,142,2015-02-19 07:45:45
11186,-10.91856581,-37.04665712,142,2015-02-19 07:45:51
11188,-10.91830571,-37.04676497,142,2015-02-19 07:45:57
11190,-10.91775722,-37.04695043,142,2015-02-19 07:46:02
11192,-10.91707922,-37.04720757,142,2015-02-19 07:46:08
11194,-10.91646829,-37.0473954,142,2015-02-19 07:46:14
11196,-10.91575372,-37.04754755,142,2015-02-19 07:46:19
11198,-10.91498618,-37.04770511,142,2015-02-19 07:46:25
11200,-10.91423347,-37.04774621,142,2015-02-19 07:46:31
11202,-10.913537,-37.04775439,142,2015-02-19 07:46:36
11204,-10.91293897,-37.04776655,142,2015-02-19 07:46:42
11206,-10.91221768,-37.04776401,142,2015-02-19 07:46:48
11208,-10.91159389,-37.04777083,142,2015-02-19 07:46:53
11210,-10.91090043,-37.04779143,142,2015-02-19 07:46:59
11212,-10.91028766,-37.04780015,142,2015-02-19 07:47:04
11214,-10.90979386,-37.04780685,142,2015-02-19 07:47:10
11216,-10.90926861,-37.04783154,142,2015-02-19 07:47:16
11218,-10.90878674,-37.04796314,142,2015-02-19 07:47:21
11220,-10.90828242,-37.04800015,142,2015-02-19 07:47:27
11222,-10.90763792,-37.0480572,142,2015-02-19 07:47:32
11224,-10.90726861,-37.0481332,142,2015-02-19 07:47:37
11226,-10.90725997,-37.04813497,142,2015-02-19 07:47:43
11228,-10.9072574,-37.0481381,142,2015-02-19 07:47:49
11230,-10.90717633,-37.04815291,142,2015-02-19 07:47:54
11232,-10.90687408,-37.04813558,142,2015-02-19 07:48:00
11234,-10.90636934,-37.0481489,142,2015-02-19 07:48:05
11236,-10.90568259,-37.04814546,142,2015-02-19 07:48:10
11238,-10.90508663,-37.04812352,142,2015-02-19 07:48:16
11240,-10.90442535,-37.04814392,142,2015-02-19 07:48:21
11242,-10.90396233,-37.04817205,142,2015-02-19 07:48:26
11244,-10.90335371,-37.04819336,142,2015-02-19 07:48:32
11246,-10.90270816,-37.04822635,142,2015-02-19 07:48:37
11248,-10.90232631,-37.0487461,142,2015-02-19 07:48:43
11250,-10.90229486,-37.04944279,142,2015-02-19 07:48:48
11252,-10.90244076,-37.05007884,142,2015-02-19 07:48:53
11254,-10.90268309,-37.05046355,142,2015-02-19 07:48:58
11256,-10.90306504,-37.05046674,142,2015-02-19 07:49:03
11258,-10.90317928,-37.05071244,142,2015-02-19 07:49:09
11260,-10.90313936,-37.05124355,142,2015-02-19 07:49:15
11262,-10.90311339,-37.05178476,142,2015-02-19 07:49:20
11264,-10.90312813,-37.05223845,142,2015-02-19 07:49:26
11266,-10.90302819,-37.05270868,142,2015-02-19 07:49:32
11268,-10.90253079,-37.05276016,142,2015-02-19 07:49:37
11270,-10.90192001,-37.05272716,142,2015-02-19 07:49:42
11272,-10.90150965,-37.05273003,142,2015-02-19 07:49:47
11274,-10.901091000000001,-37.05269846,142,2015-02-19 07:49:52
11276,-10.90063236,-37.05272753,142,2015-02-19 07:49:58
11278,-10.90018594,-37.05271095,142,2015-02-19 07:50:03
11280,-10.90001051,-37.05270152,142,2015-02-19 07:50:09
11282,-10.89963207,-37.05268701,142,2015-02-19 07:50:14
11284,-10.89916097,-37.052657200000006,142,2015-02-19 07:50:20
11286,-10.89852687,-37.05262235,142,2015-02-19 07:50:25
11288,-10.89786339,-37.05260886,142,2015-02-19 07:50:31
11290,-10.89735074,-37.05260233,142,2015-02-19 07:50:36
11292,-10.89681736,-37.05268999,142,2015-02-19 07:50:41
11295,-10.89641825,-37.05268557,142,2015-02-19 07:50:47
11297,-10.89614533,-37.05270145,142,2015-02-19 07:50:53
11299,-10.89604727,-37.05275474,142,2015-02-19 07:50:58
11301,-10.89610975,-37.05301101,142,2015-02-19 07:51:04
11303,-10.89617811,-37.05332585,142,2015-02-19 07:51:09
11305,-10.89643269,-37.05338895,142,2015-02-19 07:51:15
11307,-10.89668126,-37.05340851,142,2015-02-19 07:51:20
11309,-10.89682442,-37.05344034,142,2015-02-19 07:51:25
11356,-10.975795,-37.046975,145,2015-02-22 18:10:29
11357,-10.975741666666698,-37.04697,145,2015-02-22 18:10:34
11358,-10.9757233333333,-37.047005,145,2015-02-22 18:10:40
11359,-10.975696666666698,-37.047006666666704,145,2015-02-22 18:10:45
11360,-10.975696666666698,-37.047006666666704,145,2015-02-22 18:10:50
11361,-10.975696666666698,-37.047006666666704,145,2015-02-22 18:10:55
11362,-10.975743333333302,-37.047095,145,2015-02-22 18:11:00
11363,-10.975743333333302,-37.0471033333333,145,2015-02-22 18:11:06
11364,-10.975791666666698,-37.0470233333333,145,2015-02-22 18:11:11
11365,-10.975786666666698,-37.04702,145,2015-02-22 18:11:16
11366,-10.975786666666698,-37.04702,145,2015-02-22 18:11:21
11367,-10.975786666666698,-37.04702,145,2015-02-22 18:11:26
11368,-10.975786666666698,-37.04702,145,2015-02-22 18:11:32
11369,-10.975786666666698,-37.04702,145,2015-02-22 18:11:37
11370,-10.975786666666698,-37.04702,145,2015-02-22 18:11:42
11371,-10.975786666666698,-37.04702,145,2015-02-22 18:11:48
11372,-10.975786666666698,-37.04702,145,2015-02-22 18:11:53
11373,-10.975786666666698,-37.04702,145,2015-02-22 18:11:59
11374,-10.975786666666698,-37.04702,145,2015-02-22 18:12:05
11375,-10.975786666666698,-37.04702,145,2015-02-22 18:12:10
11376,-10.975786666666698,-37.04702,145,2015-02-22 18:12:16
11377,-10.975786666666698,-37.04702,145,2015-02-22 18:12:22
11378,-10.975786666666698,-37.04702,145,2015-02-22 18:12:27
11379,-10.975786666666698,-37.04702,145,2015-02-22 18:12:32
11380,-10.975786666666698,-37.04702,145,2015-02-22 18:12:38
11381,-10.975786666666698,-37.04702,145,2015-02-22 18:12:43
11382,-10.975786666666698,-37.04702,145,2015-02-22 18:12:48
11383,-10.975786666666698,-37.04702,145,2015-02-22 18:12:54
11384,-10.975803333333301,-37.047053333333295,145,2015-02-22 18:13:00
11385,-10.9758066666667,-37.047053333333295,145,2015-02-22 18:13:06
11386,-10.9758066666667,-37.047053333333295,145,2015-02-22 18:13:11
11387,-10.9758066666667,-37.047053333333295,145,2015-02-22 18:13:16
11388,-10.9758066666667,-37.047053333333295,145,2015-02-22 18:13:22
11389,-10.9758066666667,-37.047053333333295,145,2015-02-22 18:13:27
11390,-10.9758066666667,-37.047053333333295,145,2015-02-22 18:13:33
11391,-10.9758066666667,-37.047053333333295,145,2015-02-22 18:13:38
11392,-10.9758066666667,-37.047053333333295,145,2015-02-22 18:13:44
11393,-10.9758066666667,-37.047053333333295,145,2015-02-22 18:13:49
11394,-10.9758066666667,-37.047053333333295,145,2015-02-22 18:13:54
11395,-10.9758066666667,-37.047053333333295,145,2015-02-22 18:13:59
11396,-10.9758066666667,-37.047053333333295,145,2015-02-22 18:14:04
11397,-10.9758066666667,-37.047053333333295,145,2015-02-22 18:14:09
11398,-10.9758066666667,-37.047053333333295,145,2015-02-22 18:14:15
11399,-10.9758066666667,-37.047053333333295,145,2015-02-22 18:14:20
11400,-10.9758066666667,-37.047053333333295,145,2015-02-22 18:14:26
11401,-10.9758066666667,-37.047053333333295,145,2015-02-22 18:14:31
11402,-10.9758066666667,-37.047053333333295,145,2015-02-22 18:14:36
11403,-10.9758066666667,-37.047053333333295,145,2015-02-22 18:14:43
11404,-10.9758066666667,-37.047053333333295,145,2015-02-22 18:14:48
11405,-10.9758066666667,-37.047053333333295,145,2015-02-22 18:14:53
11406,-10.9758066666667,-37.047053333333295,145,2015-02-22 18:14:59
11407,-10.9758066666667,-37.047053333333295,145,2015-02-22 18:15:04
11408,-10.9758066666667,-37.047053333333295,145,2015-02-22 18:15:09
11409,-10.9758066666667,-37.047053333333295,145,2015-02-22 18:15:14
11410,-10.9758066666667,-37.047053333333295,145,2015-02-22 18:15:20
11411,-10.9758066666667,-37.047053333333295,145,2015-02-22 18:15:25
11412,-10.9758066666667,-37.047053333333295,145,2015-02-22 18:15:31
11413,-10.97582,-37.047145,145,2015-02-22 18:15:36
11414,-10.97582,-37.0471533333333,145,2015-02-22 18:15:41
11415,-10.97582,-37.0471533333333,145,2015-02-22 18:15:47
11416,-10.97582,-37.0471533333333,145,2015-02-22 18:15:52
11417,-10.97582,-37.0471533333333,145,2015-02-22 18:15:57
11418,-10.97582,-37.0471533333333,145,2015-02-22 18:16:02
11419,-10.97582,-37.0471533333333,145,2015-02-22 18:16:07
11420,-10.97582,-37.0471533333333,145,2015-02-22 18:16:13
11421,-10.97582,-37.0471533333333,145,2015-02-22 18:16:18
11422,-10.97582,-37.0471533333333,145,2015-02-22 18:16:23
11423,-10.97582,-37.0471533333333,145,2015-02-22 18:16:28
11424,-10.97582,-37.0471533333333,145,2015-02-22 18:16:33
11425,-10.97582,-37.0471533333333,145,2015-02-22 18:16:38
11426,-10.97582,-37.0471533333333,145,2015-02-22 18:16:43
11427,-10.97582,-37.0471533333333,145,2015-02-22 18:16:48
11428,-10.97582,-37.0471533333333,145,2015-02-22 18:16:54
11429,-10.97582,-37.0471533333333,145,2015-02-22 18:16:59
11430,-10.975855000000001,-37.0471316666667,145,2015-02-22 18:17:04
11431,-10.975848333333301,-37.0471283333333,145,2015-02-22 18:17:09
11432,-10.975848333333301,-37.0471283333333,145,2015-02-22 18:17:14
11433,-10.922715,-37.0474433333333,146,2015-02-23 05:50:32
11434,-10.922721666666698,-37.047484999999995,146,2015-02-23 05:50:38
11435,-10.922701666666699,-37.047579999999996,146,2015-02-23 05:50:43
11436,-10.922756666666698,-37.047295,147,2015-02-23 05:52:04
11437,-10.922744999999999,-37.04737,147,2015-02-23 05:52:09
11438,-10.9227816666667,-37.0473933333333,147,2015-02-23 05:52:14
11439,-10.9228266666667,-37.047405,147,2015-02-23 05:52:20
11440,-10.922646666666699,-37.047188333333295,147,2015-02-23 05:54:44
11441,-10.922675,-37.0470633333333,147,2015-02-23 05:54:49
11442,-10.922685000000001,-37.04712,147,2015-02-23 05:54:54
11443,-10.922688333333301,-37.047166666666705,147,2015-02-23 05:55:00
11444,-10.922688333333301,-37.047166666666705,147,2015-02-23 05:55:05
11445,-10.922708333333302,-37.0472683333333,147,2015-02-23 05:55:10
11446,-10.922726666666698,-37.047298333333295,147,2015-02-23 05:55:15
11447,-10.922726666666698,-37.047298333333295,147,2015-02-23 05:55:21
11448,-10.922726666666698,-37.047298333333295,147,2015-02-23 05:55:26
11449,-10.922726666666698,-37.047298333333295,147,2015-02-23 05:55:31
11450,-10.922726666666698,-37.047298333333295,147,2015-02-23 05:55:37
11451,-10.922726666666698,-37.047298333333295,147,2015-02-23 05:55:43
11452,-10.922726666666698,-37.047298333333295,147,2015-02-23 05:55:48
11453,-10.922726666666698,-37.047298333333295,147,2015-02-23 05:55:53
11454,-10.922726666666698,-37.047298333333295,147,2015-02-23 05:55:58
11455,-10.922726666666698,-37.047298333333295,147,2015-02-23 05:56:03
11456,-10.922726666666698,-37.047298333333295,147,2015-02-23 05:56:08
11457,-10.92277,-37.0471933333333,147,2015-02-23 05:56:14
11458,-10.922776666666698,-37.0471733333333,147,2015-02-23 05:56:19
11459,-10.92278,-37.047168333333296,147,2015-02-23 05:56:24
11460,-10.92275,-37.0471,147,2015-02-23 05:56:37
11461,-10.922741666666699,-37.047093333333294,147,2015-02-23 05:56:42
11462,-10.922741666666699,-37.047093333333294,147,2015-02-23 05:56:48
11463,-10.922741666666699,-37.047093333333294,147,2015-02-23 05:56:53
11464,-10.9227483333333,-37.0472066666667,147,2015-02-23 05:56:58
11465,-10.922728333333302,-37.047265,147,2015-02-23 05:57:03
11466,-10.922718333333302,-37.0472866666667,147,2015-02-23 05:57:09
11467,-10.922708333333302,-37.047290000000004,147,2015-02-23 05:57:14
11468,-10.92272,-37.047365,147,2015-02-23 05:57:19
11469,-10.922718333333302,-37.047385,147,2015-02-23 05:57:24
11470,-10.9226866666667,-37.0474183333333,147,2015-02-23 05:57:30
11471,-10.922673333333302,-37.0474216666667,147,2015-02-23 05:57:35
11472,-10.9227,-37.04748,147,2015-02-23 05:57:41
11473,-10.9227033333333,-37.0474916666667,147,2015-02-23 05:57:46
11474,-10.922701666666699,-37.047481666666705,147,2015-02-23 05:57:52
11475,-10.92274,-37.047318333333294,147,2015-02-23 05:57:57
11476,-10.922741666666699,-37.0472883333333,147,2015-02-23 05:58:03
11477,-10.922741666666699,-37.0472883333333,147,2015-02-23 05:58:08
11478,-10.922741666666699,-37.0472883333333,147,2015-02-23 05:58:13
11479,-10.922741666666699,-37.0472883333333,147,2015-02-23 05:58:18
11480,-10.922741666666699,-37.0472883333333,147,2015-02-23 05:58:23
11481,-10.922741666666699,-37.0472883333333,147,2015-02-23 05:58:29
11482,-10.922741666666699,-37.0472883333333,147,2015-02-23 05:58:34
11483,-10.922741666666699,-37.0472883333333,147,2015-02-23 05:58:39
11484,-10.922741666666699,-37.0472883333333,147,2015-02-23 05:58:44
11485,-10.922741666666699,-37.0472883333333,147,2015-02-23 05:58:50
11486,-10.922741666666699,-37.0472883333333,147,2015-02-23 05:58:55
11487,-10.922741666666699,-37.0472883333333,147,2015-02-23 05:59:01
11488,-10.922741666666699,-37.0472883333333,147,2015-02-23 05:59:06
11489,-10.922741666666699,-37.0472883333333,147,2015-02-23 05:59:11
11490,-10.922741666666699,-37.0472883333333,147,2015-02-23 05:59:16
11491,-10.922741666666699,-37.0472883333333,147,2015-02-23 05:59:22
11492,-10.922741666666699,-37.0472883333333,147,2015-02-23 05:59:27
11493,-10.922741666666699,-37.0472883333333,147,2015-02-23 05:59:33
11494,-10.922741666666699,-37.0472883333333,147,2015-02-23 05:59:38
11495,-10.9227366666667,-37.0473133333333,147,2015-02-23 05:59:44
11496,-10.922706666666699,-37.0473,147,2015-02-23 05:59:49
11497,-10.922706666666699,-37.0473,147,2015-02-23 05:59:54
11498,-10.922706666666699,-37.0473,147,2015-02-23 06:00:00
11499,-10.922706666666699,-37.0473,147,2015-02-23 06:00:06
11500,-10.922706666666699,-37.0473,147,2015-02-23 06:00:11
11501,-10.922706666666699,-37.0473,147,2015-02-23 06:00:16
11502,-10.922688333333301,-37.047185,147,2015-02-23 06:00:21
11503,-10.922685000000001,-37.04716,147,2015-02-23 06:00:26
11504,-10.922695,-37.0471616666667,147,2015-02-23 06:00:32
11505,-10.922715,-37.047123333333296,147,2015-02-23 06:00:37
11506,-10.92272,-37.0471616666667,147,2015-02-23 06:00:43
11507,-10.922711666666698,-37.0471816666667,147,2015-02-23 06:00:48
11508,-10.922711666666698,-37.0471816666667,147,2015-02-23 06:00:53
11509,-10.922711666666698,-37.0471816666667,147,2015-02-23 06:00:58
11510,-10.9227,-37.0473083333333,147,2015-02-23 06:01:03
11511,-10.9227,-37.0473083333333,147,2015-02-23 06:01:08
11512,-10.9227,-37.0473083333333,147,2015-02-23 06:01:14
11513,-10.9227,-37.0473083333333,147,2015-02-23 06:01:19
11514,-10.9227,-37.0473083333333,147,2015-02-23 06:01:24
11515,-10.9227,-37.0473083333333,147,2015-02-23 06:01:29
11516,-10.9227,-37.0473083333333,147,2015-02-23 06:01:34
11517,-10.9227,-37.0473083333333,147,2015-02-23 06:01:40
11518,-10.9227,-37.0473083333333,147,2015-02-23 06:01:45
11519,-10.9227,-37.0473083333333,147,2015-02-23 06:01:50
11520,-10.9227,-37.0473083333333,147,2015-02-23 06:01:56
11521,-10.9227,-37.0473083333333,147,2015-02-23 06:02:01
11522,-10.9227,-37.0473083333333,147,2015-02-23 06:02:06
11523,-10.92265,-37.0472183333333,147,2015-02-23 06:02:12
11524,-10.922648333333301,-37.0472033333333,147,2015-02-23 06:02:17
11525,-10.922648333333301,-37.0472033333333,147,2015-02-23 06:02:23
11526,-10.922648333333301,-37.0472033333333,147,2015-02-23 06:02:28
11527,-10.922603333333301,-37.047125,147,2015-02-23 06:02:33
11528,-10.922595,-37.0471033333333,147,2015-02-23 06:02:38
11529,-10.922593333333301,-37.047123333333296,147,2015-02-23 06:02:44
11530,-10.922595,-37.0471333333333,147,2015-02-23 06:02:49
11531,-10.922595,-37.0471333333333,147,2015-02-23 06:02:55
11532,-10.922614999999999,-37.0472216666667,147,2015-02-23 06:03:00
11533,-10.922605,-37.04722,147,2015-02-23 06:03:06
11534,-10.922605,-37.04722,147,2015-02-23 06:03:11
11535,-10.922605,-37.04722,147,2015-02-23 06:03:17
11536,-10.922605,-37.04722,147,2015-02-23 06:03:22
11537,-10.922605,-37.04722,147,2015-02-23 06:03:28
11538,-10.922605,-37.04722,147,2015-02-23 06:03:33
11539,-10.922605,-37.04722,147,2015-02-23 06:03:38
11540,-10.922605,-37.04722,147,2015-02-23 06:03:43
11541,-10.922605,-37.04722,147,2015-02-23 06:03:48
11542,-10.922605,-37.04722,147,2015-02-23 06:03:54
11543,-10.922605,-37.04722,147,2015-02-23 06:03:59
11544,-10.922691666666699,-37.04728,147,2015-02-23 06:04:04
11545,-10.922691666666699,-37.04728,147,2015-02-23 06:04:09
11546,-10.922691666666699,-37.04728,147,2015-02-23 06:04:15
11547,-10.922691666666699,-37.04728,147,2015-02-23 06:04:20
11548,-10.922691666666699,-37.04728,147,2015-02-23 06:04:25
11549,-10.922691666666699,-37.04728,147,2015-02-23 06:04:30
11550,-10.922691666666699,-37.04728,147,2015-02-23 06:04:35
11551,-10.922691666666699,-37.04728,147,2015-02-23 06:04:40
11552,-10.922691666666699,-37.04728,147,2015-02-23 06:04:46
11553,-10.922691666666699,-37.04728,147,2015-02-23 06:04:52
11554,-10.922691666666699,-37.04728,147,2015-02-23 06:04:57
11555,-10.922691666666699,-37.04728,147,2015-02-23 06:05:02
11556,-10.922691666666699,-37.04728,147,2015-02-23 06:05:07
11557,-10.922691666666699,-37.04728,147,2015-02-23 06:05:13
11558,-10.922691666666699,-37.04728,147,2015-02-23 06:05:18
11559,-10.922691666666699,-37.04728,147,2015-02-23 06:05:23
11560,-10.922691666666699,-37.04728,147,2015-02-23 06:05:28
11561,-10.922691666666699,-37.04728,147,2015-02-23 06:05:34
11562,-10.922691666666699,-37.04728,147,2015-02-23 06:05:39
11563,-10.922691666666699,-37.04728,147,2015-02-23 06:05:44
11564,-10.922691666666699,-37.04728,147,2015-02-23 06:05:49
11565,-10.922691666666699,-37.04728,147,2015-02-23 06:05:54
11566,-10.922691666666699,-37.04728,147,2015-02-23 06:05:59
11567,-10.922691666666699,-37.04728,147,2015-02-23 06:06:05
11568,-10.922691666666699,-37.04728,147,2015-02-23 06:06:10
11569,-10.922691666666699,-37.04728,147,2015-02-23 06:06:15
11570,-10.922691666666699,-37.04728,147,2015-02-23 06:06:20
11571,-10.922691666666699,-37.04728,147,2015-02-23 06:06:25
11572,-10.922668333333302,-37.0473416666667,147,2015-02-23 06:06:31
11573,-10.922668333333302,-37.0473416666667,147,2015-02-23 06:06:36
11574,-10.922668333333302,-37.0473416666667,147,2015-02-23 06:06:42
11575,-10.922668333333302,-37.0473416666667,147,2015-02-23 06:06:47
11576,-10.922668333333302,-37.0473416666667,147,2015-02-23 06:06:53
11577,-10.922668333333302,-37.0473416666667,147,2015-02-23 06:06:58
11578,-10.922668333333302,-37.0473416666667,147,2015-02-23 06:07:03
11579,-10.922668333333302,-37.0473416666667,147,2015-02-23 06:07:08
11580,-10.922668333333302,-37.0473416666667,147,2015-02-23 06:07:14
11581,-10.922668333333302,-37.0473416666667,147,2015-02-23 06:07:20
11582,-10.922668333333302,-37.0473416666667,147,2015-02-23 06:07:25
11583,-10.9227,-37.047433333333295,147,2015-02-23 06:07:31
11584,-10.9227,-37.047433333333295,147,2015-02-23 06:07:36
11585,-10.9227,-37.047433333333295,147,2015-02-23 06:07:42
11586,-10.9227,-37.047433333333295,147,2015-02-23 06:07:47
11587,-10.9227,-37.047433333333295,147,2015-02-23 06:07:53
11588,-10.9227,-37.047433333333295,147,2015-02-23 06:07:58
11589,-10.9227,-37.047433333333295,147,2015-02-23 06:08:03
11590,-10.9227,-37.047433333333295,147,2015-02-23 06:08:08
11591,-10.92269,-37.04738333333329,147,2015-02-23 06:08:13
11592,-10.922665,-37.0472833333333,147,2015-02-23 06:08:19
11593,-10.92264,-37.047236666666706,147,2015-02-23 06:08:24
11594,-10.922618333333302,-37.0471933333333,147,2015-02-23 06:08:29
11595,-10.9225916666667,-37.047138333333294,147,2015-02-23 06:08:34
11596,-10.922586666666698,-37.0471,147,2015-02-23 06:08:39
11597,-10.922578333333302,-37.0470683333333,147,2015-02-23 06:08:44
11598,-10.92257,-37.04702,147,2015-02-23 06:08:50
11599,-10.922564999999999,-37.0469983333333,147,2015-02-23 06:08:55
11600,-10.922606666666699,-37.0470833333333,147,2015-02-23 06:09:00
11601,-10.922626666666698,-37.0471516666667,147,2015-02-23 06:09:05
11602,-10.922661666666698,-37.047275,147,2015-02-23 06:09:10
11603,-10.922676666666698,-37.0473616666667,147,2015-02-23 06:09:16
11604,-10.92269,-37.047408333333294,147,2015-02-23 06:09:21
11605,-10.92269,-37.04742,147,2015-02-23 06:09:26
11606,-10.922708333333302,-37.047455,147,2015-02-23 06:09:32
11607,-10.922715,-37.047478333333295,147,2015-02-23 06:09:37
11608,-10.922716666666698,-37.047470000000004,147,2015-02-23 06:09:43
11609,-10.922701666666699,-37.047416666666706,147,2015-02-23 06:09:48
11610,-10.922688333333301,-37.047415,147,2015-02-23 06:09:54
11611,-10.922698333333301,-37.047411666666704,147,2015-02-23 06:09:59
11612,-10.922688333333301,-37.0474016666667,147,2015-02-23 06:10:04
11613,-10.922688333333301,-37.0474016666667,147,2015-02-23 06:10:09
11614,-10.922675,-37.0474016666667,147,2015-02-23 06:10:14
11615,-10.922681666666698,-37.0474016666667,147,2015-02-23 06:10:19
11616,-10.922676666666698,-37.04737,147,2015-02-23 06:10:24
11617,-10.922676666666698,-37.04737,147,2015-02-23 06:10:29
11618,-10.922676666666698,-37.04737,147,2015-02-23 06:10:34
11619,-10.922676666666698,-37.04737,147,2015-02-23 06:10:40
11620,-10.922676666666698,-37.04737,147,2015-02-23 06:10:45
11621,-10.922676666666698,-37.04737,147,2015-02-23 06:10:51
11622,-10.922676666666698,-37.04737,147,2015-02-23 06:10:56
11623,-10.922676666666698,-37.04737,147,2015-02-23 06:11:02
11624,-10.922655,-37.0472483333333,147,2015-02-23 06:11:07
11625,-10.922616666666698,-37.047123333333296,147,2015-02-23 06:11:13
11626,-10.92261,-37.047126666666706,147,2015-02-23 06:11:19
11627,-10.922614999999999,-37.047195,147,2015-02-23 06:11:24
11628,-10.922636666666698,-37.047273333333294,147,2015-02-23 06:11:29
11629,-10.922636666666698,-37.047273333333294,147,2015-02-23 06:11:34
11630,-10.922636666666698,-37.047273333333294,147,2015-02-23 06:11:39
11631,-10.922636666666698,-37.047273333333294,147,2015-02-23 06:11:44
11632,-10.922636666666698,-37.047273333333294,147,2015-02-23 06:11:50
11633,-10.922603333333301,-37.0471733333333,147,2015-02-23 06:11:55
11634,-10.922576666666698,-37.04714,147,2015-02-23 06:12:00
11635,-10.922564999999999,-37.047155,147,2015-02-23 06:12:05
11636,-10.922564999999999,-37.047155,147,2015-02-23 06:12:10
11637,-10.922564999999999,-37.047155,147,2015-02-23 06:12:15
11638,-10.922564999999999,-37.047155,147,2015-02-23 06:12:21
11639,-10.922564999999999,-37.047155,147,2015-02-23 06:12:26
11640,-10.922564999999999,-37.047155,147,2015-02-23 06:12:31
11641,-10.9226083333333,-37.047191666666706,147,2015-02-23 06:12:36
11642,-10.922588333333302,-37.0471516666667,147,2015-02-23 06:12:41
11643,-10.922576666666698,-37.0471166666667,147,2015-02-23 06:12:46
11644,-10.922595,-37.0470916666667,147,2015-02-23 06:12:51
11645,-10.922628333333302,-37.0470716666667,147,2015-02-23 06:12:56
11647,-10.923668333333302,-37.044703333333295,149,2015-02-23 09:27:25
11648,-10.923886666666698,-37.04459,149,2015-02-23 09:27:30
11649,-10.9243,-37.044436666666705,149,2015-02-23 09:27:36
11650,-10.92942,-37.0450066666667,149,2015-02-23 09:28:36
11651,-10.929498333333301,-37.0451166666667,149,2015-02-23 09:28:41
11652,-10.929641666666699,-37.045355,149,2015-02-23 09:28:47
11653,-10.929796666666698,-37.045598333333295,149,2015-02-23 09:28:52
11654,-10.929948333333302,-37.0458133333333,149,2015-02-23 09:28:57
11655,-10.930143333333302,-37.0460833333333,149,2015-02-23 09:29:03
11656,-10.930214999999999,-37.04626,149,2015-02-23 09:29:08
11657,-10.930225,-37.0463083333333,149,2015-02-23 09:29:13
11658,-10.930171666666698,-37.046335,149,2015-02-23 09:29:19
11659,-10.930176666666698,-37.046378333333294,149,2015-02-23 09:29:24
11660,-10.930211666666699,-37.046434999999995,149,2015-02-23 09:29:29
11661,-10.930221666666698,-37.046565,149,2015-02-23 09:29:35
11662,-10.930385000000001,-37.046725,149,2015-02-23 09:29:41
11663,-10.930423333333302,-37.0468266666667,149,2015-02-23 09:29:46
11664,-10.930453333333302,-37.0468383333333,149,2015-02-23 09:29:51
11665,-10.930475,-37.0468183333333,149,2015-02-23 09:29:56
11666,-10.930471666666698,-37.04683,149,2015-02-23 09:30:01
11667,-10.930513333333302,-37.046828333333295,149,2015-02-23 09:30:06
11668,-10.930513333333302,-37.046828333333295,149,2015-02-23 09:30:12
11669,-10.930535,-37.0467783333333,149,2015-02-23 09:30:18
11670,-10.930511666666698,-37.04674666666671,149,2015-02-23 09:30:23
11671,-10.930545,-37.0467233333333,149,2015-02-23 09:30:28
11672,-10.930581666666699,-37.046735,149,2015-02-23 09:30:34
11673,-10.93061,-37.0467316666667,149,2015-02-23 09:30:39
11674,-10.930675,-37.04672,149,2015-02-23 09:30:44
11675,-10.930911666666699,-37.0469766666667,149,2015-02-23 09:30:50
11676,-10.931201666666698,-37.04733833333329,149,2015-02-23 09:30:55
11677,-10.93131,-37.0472933333333,149,2015-02-23 09:31:00
11678,-10.931448333333302,-37.047365,149,2015-02-23 09:31:06
11679,-10.931613333333301,-37.0475616666667,149,2015-02-23 09:31:11
11680,-10.931888333333301,-37.047885,149,2015-02-23 09:31:16
11681,-10.9322733333333,-37.048353333333296,149,2015-02-23 09:31:22
11682,-10.93259,-37.0487,149,2015-02-23 09:31:27
11683,-10.932965,-37.0489433333333,149,2015-02-23 09:31:33
11684,-10.933076666666699,-37.049048333333296,149,2015-02-23 09:31:38
11685,-10.93308,-37.049048333333296,149,2015-02-23 09:31:44
11686,-10.933186666666698,-37.0490733333333,149,2015-02-23 09:31:49
11687,-10.933335000000001,-37.049226666666705,149,2015-02-23 09:31:54
11688,-10.93362,-37.0495533333333,149,2015-02-23 09:31:59
11689,-10.934003333333301,-37.0498866666667,149,2015-02-23 09:32:05
11690,-10.939639999999999,-37.0503783333333,149,2015-02-23 09:33:18
11691,-10.939960000000001,-37.05036,149,2015-02-23 09:33:23
11692,-10.940043333333302,-37.0503316666667,149,2015-02-23 09:33:28
11693,-10.940056666666699,-37.0503333333333,149,2015-02-23 09:33:33
11694,-10.94004,-37.05036,149,2015-02-23 09:33:38
11695,-10.94003,-37.0503566666667,149,2015-02-23 09:33:43
11696,-10.94003,-37.0503566666667,149,2015-02-23 09:33:49
11697,-10.94009,-37.050395,149,2015-02-23 09:33:54
11698,-10.940133333333302,-37.050411666666704,149,2015-02-23 09:34:00
11699,-10.940014999999999,-37.050435,149,2015-02-23 09:34:06
11700,-10.939981666666698,-37.050523333333295,149,2015-02-23 09:34:11
11701,-10.939915,-37.050521666666704,149,2015-02-23 09:34:17
11702,-10.94105,-37.050608333333294,149,2015-02-23 09:35:09
11703,-10.941201666666698,-37.0505166666667,149,2015-02-23 09:35:14
11704,-10.941275,-37.050325,149,2015-02-23 09:35:20
11705,-10.941486666666698,-37.049966666666705,149,2015-02-23 09:35:25
11706,-10.941718333333302,-37.049545,149,2015-02-23 09:35:30
11707,-10.942051666666698,-37.049065,149,2015-02-23 09:35:36
11708,-10.942364999999999,-37.048621666666705,149,2015-02-23 09:35:41
11709,-10.9427216666667,-37.048156666666706,149,2015-02-23 09:35:46
11710,-10.943265,-37.047681666666705,149,2015-02-23 09:35:52
11711,-10.9436333333333,-37.047436666666705,149,2015-02-23 09:35:57
11712,-10.943933333333302,-37.0470583333333,149,2015-02-23 09:36:03
11713,-10.944078333333302,-37.04694,149,2015-02-23 09:36:08
11714,-10.944025,-37.047006666666704,149,2015-02-23 09:36:13
11715,-10.944156666666698,-37.04692,149,2015-02-23 09:36:18
11716,-10.944685,-37.0463966666667,149,2015-02-23 09:36:24
11717,-10.94502,-37.046285,149,2015-02-23 09:36:29
11718,-10.945335,-37.0461716666667,149,2015-02-23 09:36:34
11719,-10.945511666666699,-37.0460866666667,149,2015-02-23 09:36:39
11720,-10.945561666666698,-37.046071666666705,149,2015-02-23 09:36:45
11721,-10.945606666666698,-37.0460583333333,149,2015-02-23 09:36:50
11722,-10.945653333333302,-37.046046666666705,149,2015-02-23 09:36:55
11723,-10.94564,-37.046068333333295,149,2015-02-23 09:37:00
11724,-10.945655,-37.04607,149,2015-02-23 09:37:05
11725,-10.945813333333302,-37.046040000000005,149,2015-02-23 09:37:10
11726,-10.946158333333301,-37.04593,149,2015-02-23 09:37:16
11727,-10.946573333333301,-37.045818333333294,149,2015-02-23 09:37:21
11728,-10.947166666666698,-37.045688333333295,149,2015-02-23 09:37:26
11729,-10.94778,-37.0456083333333,149,2015-02-23 09:37:31
11730,-10.9485866666667,-37.04545833333329,149,2015-02-23 09:37:36
11731,-10.949345,-37.045429999999996,149,2015-02-23 09:37:41
11732,-10.95012,-37.0454983333333,149,2015-02-23 09:37:46
11733,-10.95087,-37.045625,149,2015-02-23 09:37:51
11734,-10.951621666666698,-37.045695,149,2015-02-23 09:37:56
11735,-10.952363333333302,-37.045695,149,2015-02-23 09:38:01
11736,-10.95323,-37.04548,149,2015-02-23 09:38:07
11737,-10.953905,-37.045265,149,2015-02-23 09:38:12
11738,-10.9544516666667,-37.045123333333294,149,2015-02-23 09:38:17
11739,-10.954911666666698,-37.0451416666667,149,2015-02-23 09:38:22
11740,-10.955361666666699,-37.0452733333333,149,2015-02-23 09:38:27
11741,-10.955698333333302,-37.04549,149,2015-02-23 09:38:33
11742,-10.956075,-37.0454166666667,149,2015-02-23 09:38:38
11743,-10.95645,-37.0452783333333,149,2015-02-23 09:38:43
11744,-10.9566,-37.045221666666706,149,2015-02-23 09:38:48
11745,-10.956585,-37.04525,149,2015-02-23 09:38:53
11746,-10.956761666666699,-37.0451866666667,149,2015-02-23 09:38:59
11747,-10.9570366666667,-37.045075,149,2015-02-23 09:39:04
11748,-10.957431666666698,-37.044886666666706,149,2015-02-23 09:39:09
11749,-10.957906666666698,-37.0446633333333,149,2015-02-23 09:39:14
11750,-10.958421666666698,-37.04445,149,2015-02-23 09:39:19
11751,-10.959000000000001,-37.0442016666667,149,2015-02-23 09:39:24
11752,-10.959581666666699,-37.04394,149,2015-02-23 09:39:29
11753,-10.960256666666698,-37.0436016666667,149,2015-02-23 09:39:34
11754,-10.96096,-37.043276666666706,149,2015-02-23 09:39:39
11755,-10.961653333333302,-37.04298666666671,149,2015-02-23 09:39:44
11756,-10.962496666666699,-37.042618333333294,149,2015-02-23 09:39:50
11757,-10.96316,-37.042405,149,2015-02-23 09:39:55
11758,-10.9638366666667,-37.0422566666667,149,2015-02-23 09:40:00
11759,-10.96469,-37.0422566666667,149,2015-02-23 09:40:06
11760,-10.965373333333302,-37.0423616666667,149,2015-02-23 09:40:11
11761,-10.96593,-37.0425,149,2015-02-23 09:40:16
11762,-10.9662933333333,-37.0425716666667,149,2015-02-23 09:40:21
11763,-10.966521666666699,-37.0425616666667,149,2015-02-23 09:40:27
11764,-10.9666233333333,-37.0426283333333,149,2015-02-23 09:40:32
11765,-10.966893333333301,-37.0427383333333,149,2015-02-23 09:40:37
11766,-10.967248333333302,-37.0428983333333,149,2015-02-23 09:40:42
11767,-10.967395,-37.04297333333329,149,2015-02-23 09:40:47
11768,-10.967388333333302,-37.04269,149,2015-02-23 09:40:53
11769,-10.967495,-37.0423883333333,149,2015-02-23 09:40:58
11770,-10.96758,-37.04203333333329,149,2015-02-23 09:41:03
11771,-10.967616666666698,-37.0417633333333,149,2015-02-23 09:41:09
11772,-10.96762,-37.041723333333294,149,2015-02-23 09:41:14
11773,-10.96762,-37.04172,149,2015-02-23 09:41:19
11774,-10.967606666666699,-37.041740000000004,149,2015-02-23 09:41:24
11775,-10.96763,-37.0417383333333,149,2015-02-23 09:41:30
11776,-10.96764,-37.041746666666704,149,2015-02-23 09:41:35
11777,-10.967671666666698,-37.041743333333294,149,2015-02-23 09:41:40
11778,-10.967673333333302,-37.041728333333296,149,2015-02-23 09:41:45
11779,-10.96771,-37.0416316666667,149,2015-02-23 09:41:50
11780,-10.967711666666698,-37.0416283333333,149,2015-02-23 09:41:56
11781,-10.967711666666698,-37.0416216666667,149,2015-02-23 09:42:01
11782,-10.96769,-37.04167,149,2015-02-23 09:42:07
11783,-10.967688333333301,-37.04166,149,2015-02-23 09:42:12
11784,-10.967676666666698,-37.04166,149,2015-02-23 09:42:17
11785,-10.967671666666698,-37.0416633333333,149,2015-02-23 09:42:22
11786,-10.967701666666699,-37.0416216666667,149,2015-02-23 09:42:27
11787,-10.967836666666699,-37.0413833333333,149,2015-02-23 09:42:32
11788,-10.968138333333302,-37.0414766666667,149,2015-02-23 09:42:38
11789,-10.968528333333301,-37.04157,149,2015-02-23 09:42:43
11790,-10.96927,-37.041678333333294,149,2015-02-23 09:42:48
11791,-10.969898333333301,-37.04186,149,2015-02-23 09:42:53
11792,-10.970664999999999,-37.04203333333329,149,2015-02-23 09:42:59
11793,-10.971241666666698,-37.042131666666705,149,2015-02-23 09:43:05
11794,-10.97162,-37.042134999999995,149,2015-02-23 09:43:10
11795,-10.971516666666698,-37.0421466666667,149,2015-02-23 09:43:15
11796,-10.9712516666667,-37.0422816666667,149,2015-02-23 09:43:21
11797,-10.971275,-37.0423183333333,149,2015-02-23 09:43:26
11798,-10.971511666666698,-37.042353333333295,149,2015-02-23 09:43:31
11799,-10.972000000000001,-37.0424316666667,149,2015-02-23 09:43:37
11800,-10.97252,-37.0425433333333,149,2015-02-23 09:43:42
11801,-10.97287,-37.0426066666667,149,2015-02-23 09:43:47
11802,-10.973139999999999,-37.042666666666705,149,2015-02-23 09:43:52
11803,-10.973356666666698,-37.0427233333333,149,2015-02-23 09:43:57
11804,-10.973514999999999,-37.042618333333294,149,2015-02-23 09:44:02
11805,-10.973611666666699,-37.042601666666705,149,2015-02-23 09:44:07
11806,-10.97369,-37.0426,149,2015-02-23 09:44:12
11807,-10.973693333333301,-37.042601666666705,149,2015-02-23 09:44:17
11808,-10.973858333333302,-37.042605,149,2015-02-23 09:44:22
11809,-10.974231666666698,-37.042715,149,2015-02-23 09:44:27
11810,-10.974723333333301,-37.04288,149,2015-02-23 09:44:32
11811,-10.975530000000001,-37.043108333333294,149,2015-02-23 09:44:38
11812,-10.9761766666667,-37.0432366666667,149,2015-02-23 09:44:43
11813,-10.976938333333301,-37.043420000000005,149,2015-02-23 09:44:49
11814,-10.977561666666698,-37.04356,149,2015-02-23 09:44:54
11815,-10.978256666666699,-37.043745,149,2015-02-23 09:44:59
11816,-10.978863333333301,-37.0439,149,2015-02-23 09:45:04
11817,-10.97936,-37.04401,149,2015-02-23 09:45:09
11818,-10.979613333333301,-37.044096666666704,149,2015-02-23 09:45:14
11819,-10.979748333333301,-37.044205,149,2015-02-23 09:45:19
11820,-10.979826666666698,-37.044585,149,2015-02-23 09:45:25
11821,-10.979633333333302,-37.04517,149,2015-02-23 09:45:30
11822,-10.979385,-37.0458866666667,149,2015-02-23 09:45:35
11823,-10.9791483333333,-37.04651,149,2015-02-23 09:45:40
11824,-10.97898,-37.0467966666667,149,2015-02-23 09:45:45
11825,-10.978933333333302,-37.046986666666704,149,2015-02-23 09:45:51
11826,-10.979096666666699,-37.0471283333333,149,2015-02-23 09:45:56
11827,-10.979126666666698,-37.047185,149,2015-02-23 09:46:01
11828,-10.9790866666667,-37.047215,149,2015-02-23 09:46:06
11829,-10.979085000000001,-37.0472433333333,149,2015-02-23 09:46:11
11830,-10.89669259,-37.05337361,150,2015-02-23 03:12:28
11831,-10.896714300000001,-37.05338902,150,2015-02-23 03:12:33
11832,-10.89671179,-37.05339064,150,2015-02-23 03:12:38
11833,-10.89670877,-37.05338853,150,2015-02-23 03:12:44
11834,-10.89670939,-37.0533872,150,2015-02-23 03:12:49
11835,-10.89670982,-37.05338714,150,2015-02-23 03:12:55
11836,-10.896711199999999,-37.05338492,150,2015-02-23 03:13:01
11837,-10.89671168,-37.05339203,150,2015-02-23 03:13:06
11838,-10.89671134,-37.05339701,150,2015-02-23 03:13:12
11839,-10.89671218,-37.05339602,150,2015-02-23 03:13:17
11840,-10.8967127,-37.053397,150,2015-02-23 03:13:22
11841,-10.89670733,-37.05340297,150,2015-02-23 03:13:27
11842,-10.89670763,-37.05340141,150,2015-02-23 03:13:33
11843,-10.89670687,-37.05340211,150,2015-02-23 03:13:39
11844,-10.89671529,-37.05339405,150,2015-02-23 03:13:44
11845,-10.89671654,-37.05339336,150,2015-02-23 03:13:50
11846,-10.89665955,-37.05339399,150,2015-02-23 03:13:56
11847,-10.8964943,-37.05336913,150,2015-02-23 03:14:01
11848,-10.89628003,-37.05335346,150,2015-02-23 03:14:07
11849,-10.89625533,-37.05340172,150,2015-02-23 03:14:13
11850,-10.89620343,-37.05322614,150,2015-02-23 03:14:18
11851,-10.89615038,-37.05293126,150,2015-02-23 03:14:23
11852,-10.89609807,-37.05286523,150,2015-02-23 03:14:29
11853,-10.89594517,-37.05274933,150,2015-02-23 03:14:41
11854,-10.89582297,-37.05271177,150,2015-02-23 03:14:51
11855,-10.89525725,-37.05169491,150,2015-02-23 03:14:57
11856,-10.89522038,-37.0514564,150,2015-02-23 03:15:03
11857,-10.89524959,-37.05141958,150,2015-02-23 03:15:09
11858,-10.89525391,-37.05141634,150,2015-02-23 03:15:15
11859,-10.89526651,-37.0514118,150,2015-02-23 03:15:21
11860,-10.89526644,-37.05141112,150,2015-02-23 03:15:27
11861,-10.89526512,-37.05141111,150,2015-02-23 03:15:33
11862,-10.89526491,-37.05141092,150,2015-02-23 03:15:39
11863,-10.89526368,-37.05141102,150,2015-02-23 03:15:45
11864,-10.89526385,-37.05141092,150,2015-02-23 03:15:51
11865,-10.89526396,-37.05141068,150,2015-02-23 03:15:56
11866,-10.89526409,-37.05141037,150,2015-02-23 03:16:02
11867,-10.89526397,-37.05140996,150,2015-02-23 03:16:08
11868,-10.895262800000001,-37.05140995,150,2015-02-23 03:16:14
11869,-10.89526277,-37.0514098,150,2015-02-23 03:16:20
11870,-10.89530463,-37.05133737,150,2015-02-23 03:16:26
11871,-10.89565489,-37.05128492,150,2015-02-23 03:16:31
11872,-10.89601176,-37.05120918,150,2015-02-23 03:16:37
11873,-10.89648967,-37.05112038,150,2015-02-23 03:16:42
11874,-10.89689979,-37.05107727,150,2015-02-23 03:16:47
11875,-10.89733496,-37.05097913,150,2015-02-23 03:16:53
11876,-10.89776751,-37.05091161,150,2015-02-23 03:16:59
11877,-10.89801679,-37.0508546,150,2015-02-23 03:17:05
11878,-10.8983177,-37.0508411,150,2015-02-23 03:17:10
11879,-10.89871444,-37.05079221,150,2015-02-23 03:17:16
11880,-10.8990608,-37.05073337,150,2015-02-23 03:17:30
11881,-10.89998518,-37.05054485,150,2015-02-23 03:17:35
11882,-10.90046885,-37.05049482,150,2015-02-23 03:17:41
11883,-10.90080407,-37.05046342,150,2015-02-23 03:17:46
11884,-10.90110816,-37.05044053,150,2015-02-23 03:17:52
11885,-10.90142428,-37.05038013,150,2015-02-23 03:17:57
11886,-10.90180949,-37.05038167,150,2015-02-23 03:18:03
11887,-10.90205002,-37.05043629,150,2015-02-23 03:18:09
11888,-10.90214224,-37.05043718,150,2015-02-23 03:18:15
11889,-10.90213608,-37.050417700000004,150,2015-02-23 03:18:20
11890,-10.90214051,-37.05040742,150,2015-02-23 03:18:25
11891,-10.90215276,-37.05039986,150,2015-02-23 03:18:30
11892,-10.90215122,-37.05039764,150,2015-02-23 03:18:36
11893,-10.90215112,-37.05039782,150,2015-02-23 03:18:43
11894,-10.90215135,-37.05039712,150,2015-02-23 03:18:48
11895,-10.90215131,-37.05039729,150,2015-02-23 03:18:53
11896,-10.90215112,-37.05039737,150,2015-02-23 03:18:58
11897,-10.90215117,-37.05039714,150,2015-02-23 03:19:04
11898,-10.90215111,-37.05039725,150,2015-02-23 03:19:09
11899,-10.90215108,-37.05039728,150,2015-02-23 03:19:15
11900,-10.90215152,-37.05039788,150,2015-02-23 03:19:21
11901,-10.902151400000001,-37.05039736,150,2015-02-23 03:19:26
11902,-10.90215153,-37.05039761,150,2015-02-23 03:19:32
11903,-10.90245514,-37.05040912,150,2015-02-23 03:19:38
11904,-10.90290898,-37.05046882,150,2015-02-23 03:19:44
11905,-10.90342485,-37.05047078,150,2015-02-23 03:19:50
11906,-10.90385179,-37.05051233,150,2015-02-23 03:19:56
11907,-10.90413291,-37.05047918,150,2015-02-23 03:20:01
11908,-10.90425665,-37.05032997,150,2015-02-23 03:20:09
11909,-10.90427765,-37.04957719,150,2015-02-23 03:20:15
11910,-10.90423621,-37.0491376,150,2015-02-23 03:20:20
11911,-10.90423288,-37.04868366,150,2015-02-23 03:20:26
11912,-10.90428273,-37.04833783,150,2015-02-23 03:20:31
11913,-10.90469728,-37.04829035,150,2015-02-23 03:20:37
11914,-10.90522263,-37.04831318,150,2015-02-23 03:20:42
11915,-10.90574573,-37.04830509,150,2015-02-23 03:20:47
11916,-10.90633577,-37.04825999,150,2015-02-23 03:20:53
11917,-10.90652602,-37.04828555,150,2015-02-23 03:20:59
11918,-10.90660775,-37.04825621,150,2015-02-23 03:21:04
11919,-10.90691094,-37.04826806,150,2015-02-23 03:21:10
11920,-10.90723583,-37.04825942,150,2015-02-23 03:21:16
11921,-10.90749885,-37.04821311,150,2015-02-23 03:21:22
11922,-10.90765574,-37.0481499,150,2015-02-23 03:21:27
11923,-10.90781924,-37.04811916,150,2015-02-23 03:21:38
11924,-10.90829573,-37.04816296,150,2015-02-23 03:21:43
11925,-10.90847615,-37.04817889,150,2015-02-23 03:21:49
11926,-10.90872725,-37.04815933,150,2015-02-23 03:21:55
11927,-10.90903153,-37.04806374,150,2015-02-23 03:22:01
11928,-10.90945393,-37.04805294,150,2015-02-23 03:22:07
11929,-10.90995235,-37.048081700000004,150,2015-02-23 03:22:13
11930,-10.91028475,-37.0480744,150,2015-02-23 03:22:18
11931,-10.91050896,-37.0481255,150,2015-02-23 03:22:23
11932,-10.910602699999998,-37.04813231,150,2015-02-23 03:22:29
11933,-10.91056265,-37.04803685,150,2015-02-23 03:22:35
11934,-10.91070873,-37.04805216,150,2015-02-23 03:22:41
11935,-10.91115797,-37.04802947,150,2015-02-23 03:22:47
11936,-10.91168627,-37.04805505,150,2015-02-23 03:22:52
11937,-10.91200157,-37.04804346,150,2015-02-23 03:23:00
11938,-10.91228276,-37.04806288,150,2015-02-23 03:23:05
11939,-10.91228444,-37.04807355,150,2015-02-23 03:23:10
11940,-10.91227895,-37.04806407,150,2015-02-23 03:23:16
11941,-10.91228028,-37.04806464,150,2015-02-23 03:23:21
11942,-10.9122805,-37.04806458,150,2015-02-23 03:23:26
11943,-10.9122804,-37.04806443,150,2015-02-23 03:23:32
11944,-10.9122803,-37.04806443,150,2015-02-23 03:23:38
11945,-10.9122802,-37.04806437,150,2015-02-23 03:23:43
11946,-10.91228048,-37.0480648,150,2015-02-23 03:23:49
11947,-10.912483400000001,-37.04801108,150,2015-02-23 03:23:54
11948,-10.91271629,-37.04798052,150,2015-02-23 03:24:00
11949,-10.91300318,-37.04791079,150,2015-02-23 03:24:06
11950,-10.91330628,-37.04793033,150,2015-02-23 03:24:11
11951,-10.91363523,-37.04784843,150,2015-02-23 03:24:17
11952,-10.91415279,-37.047805100000005,150,2015-02-23 03:24:23
11953,-10.91468564,-37.04780959,150,2015-02-23 03:24:28
11954,-10.91529954,-37.04786125,150,2015-02-23 03:24:33
11955,-10.91610131,-37.04767887,150,2015-02-23 03:24:39
11956,-10.91672278,-37.04749311,150,2015-02-23 03:24:45
11957,-10.91729762,-37.04731974,150,2015-02-23 03:24:51
11958,-10.91792529,-37.04704586,150,2015-02-23 03:24:56
11959,-10.9180601,-37.04699269,150,2015-02-23 03:25:04
11960,-10.91802794,-37.04695414,150,2015-02-23 03:25:09
11961,-10.91803039,-37.04695251,150,2015-02-23 03:25:15
11962,-10.91802812,-37.04695618,150,2015-02-23 03:25:21
11963,-10.918028199999998,-37.0469566,150,2015-02-23 03:25:26
11964,-10.91802795,-37.04695653,150,2015-02-23 03:25:31
11965,-10.91802749,-37.04695697,150,2015-02-23 03:25:37
11966,-10.91802728,-37.0469563,150,2015-02-23 03:25:42
11967,-10.91813176,-37.04688866,150,2015-02-23 03:25:48
11968,-10.91866959,-37.04671171,150,2015-02-23 03:25:54
11969,-10.91928014,-37.0465439,150,2015-02-23 03:25:59
11970,-10.92006928,-37.04625532,150,2015-02-23 03:26:05
11971,-10.92064442,-37.04604425,150,2015-02-23 03:26:11
11972,-10.92154511,-37.04556702,150,2015-02-23 03:26:16
11973,-10.92225299,-37.0452924,150,2015-02-23 03:26:21
11974,-10.92315148,-37.04489449,150,2015-02-23 03:26:27
11975,-10.92369185,-37.04470436,150,2015-02-23 03:26:32
11976,-10.92417762,-37.04451539,150,2015-02-23 03:26:38
11977,-10.92438017,-37.04440151,150,2015-02-23 03:26:43
11978,-10.92431398,-37.04445571,150,2015-02-23 03:26:49
11979,-10.92424372,-37.04447374,150,2015-02-23 03:26:54
11980,-10.9242945,-37.04439844,150,2015-02-23 03:26:59
11981,-10.924271800000001,-37.04441332,150,2015-02-23 03:27:05
11982,-10.9243954,-37.04436505,150,2015-02-23 03:27:11
11983,-10.92471547,-37.04429642,150,2015-02-23 03:27:16
11984,-10.92509302,-37.04419045,150,2015-02-23 03:27:21
11985,-10.92570899,-37.04396817,150,2015-02-23 03:27:27
11986,-10.92632462,-37.04378086,150,2015-02-23 03:27:32
11987,-10.92710182,-37.04346851,150,2015-02-23 03:27:38
11988,-10.92769484,-37.04331951,150,2015-02-23 03:27:43
11989,-10.928419,-37.04353708,150,2015-02-23 03:27:49
11990,-10.92882276,-37.04412542,150,2015-02-23 03:27:54
11991,-10.92933266,-37.0448174,150,2015-02-23 03:28:00
11992,-10.92984416,-37.04548521,150,2015-02-23 03:28:06
11993,-10.93031335,-37.04619725,150,2015-02-23 03:28:12
11994,-10.93066898,-37.04667174,150,2015-02-23 03:28:17
11995,-10.93083144,-37.04694816,150,2015-02-23 03:28:22
11996,-10.93083562,-37.04692381,150,2015-02-23 03:28:28
11997,-10.93100324,-37.04716769,150,2015-02-23 03:28:34
11998,-10.93129696,-37.04748791,150,2015-02-23 03:28:39
11999,-10.93177891,-37.04797616,150,2015-02-23 03:28:45
12000,-10.93224444,-37.0484256,150,2015-02-23 03:28:50
12001,-10.93270483,-37.04880861,150,2015-02-23 03:28:56
12002,-10.93333455,-37.04926145,150,2015-02-23 03:29:01
12003,-10.93375986,-37.04969242,150,2015-02-23 03:29:06
12004,-10.934214,-37.05003521,150,2015-02-23 03:29:11
12005,-10.93446555,-37.05019774,150,2015-02-23 03:29:16
12006,-10.93480165,-37.05030286,150,2015-02-23 03:29:22
12007,-10.93525694,-37.05046912,150,2015-02-23 03:29:28
12008,-10.93550816,-37.05049604,150,2015-02-23 03:29:34
12009,-10.93608549,-37.05056717,150,2015-02-23 03:29:39
12010,-10.93670155,-37.05061706,150,2015-02-23 03:29:44
12011,-10.93715375,-37.05066709,150,2015-02-23 03:29:50
12012,-10.93756176,-37.05062752,150,2015-02-23 03:29:55
12013,-10.93827703,-37.05073743,150,2015-02-23 03:30:01
12014,-10.93886739,-37.0508066,150,2015-02-23 03:30:06
12015,-10.93954442,-37.05096248,150,2015-02-23 03:30:11
12016,-10.94033919,-37.05098165,150,2015-02-23 03:30:17
12017,-10.94095931,-37.05103671,150,2015-02-23 03:30:22
12018,-10.94178057,-37.05111091,150,2015-02-23 03:30:29
12019,-10.94256775,-37.05111741,150,2015-02-23 03:30:35
12020,-10.94321451,-37.05120064,150,2015-02-23 03:30:41
12021,-10.94360793,-37.05124433,150,2015-02-23 03:30:47
12022,-10.94401688,-37.05120362,150,2015-02-23 03:30:53
12023,-10.94426256,-37.05119718,150,2015-02-23 03:31:01
12024,-10.94528827,-37.05118179,150,2015-02-23 03:31:06
12025,-10.94576931,-37.05118456,150,2015-02-23 03:31:12
12026,-10.94674712,-37.05118704,150,2015-02-23 03:31:17
12027,-10.94758328,-37.05119524,150,2015-02-23 03:31:23
12028,-10.94824404,-37.05129299,150,2015-02-23 03:31:28
12029,-10.94908789,-37.05144625,150,2015-02-23 03:31:34
12030,-10.94972957,-37.05161916,150,2015-02-23 03:31:39
12031,-10.95046471,-37.05176322,150,2015-02-23 03:31:44
12032,-10.95129489,-37.05196711,150,2015-02-23 03:31:50
12033,-10.95216668,-37.05215704,150,2015-02-23 03:31:56
12034,-10.95284489,-37.05230436,150,2015-02-23 03:32:01
12035,-10.95343061,-37.05246149,150,2015-02-23 03:32:07
12036,-10.95388955,-37.05261085,150,2015-02-23 03:32:13
12037,-10.95418937,-37.05288752,150,2015-02-23 03:32:18
12038,-10.95433556,-37.05301434,150,2015-02-23 03:32:25
12039,-10.95442452,-37.05306115,150,2015-02-23 03:32:31
12040,-10.95442957,-37.05304878,150,2015-02-23 03:32:37
12041,-10.95443078,-37.05304593,150,2015-02-23 03:32:42
12042,-10.95443136,-37.05304502,150,2015-02-23 03:32:48
12043,-10.95443124,-37.05304479,150,2015-02-23 03:32:54
12044,-10.95443125,-37.05304525,150,2015-02-23 03:32:59
12045,-10.95443201,-37.05304479,150,2015-02-23 03:33:05
12046,-10.95443177,-37.05304505,150,2015-02-23 03:33:10
12047,-10.95443212,-37.05304482,150,2015-02-23 03:33:15
12048,-10.95443246,-37.05304492,150,2015-02-23 03:33:20
12049,-10.95443219,-37.05304525,150,2015-02-23 03:33:26
12050,-10.95443245,-37.05304528,150,2015-02-23 03:33:31
12051,-10.95443286,-37.05304704,150,2015-02-23 03:33:37
12052,-10.95443343,-37.05304775,150,2015-02-23 03:33:42
12053,-10.95443295,-37.05304829999999,150,2015-02-23 03:33:48
12054,-10.95443331,-37.05304852,150,2015-02-23 03:33:53
12055,-10.95443317,-37.05304857,150,2015-02-23 03:33:59
12056,-10.95443305,-37.05304871,150,2015-02-23 03:34:05
12057,-10.94980303,-37.07173091,151,2015-02-23 14:40:38
12058,-10.9498166,-37.07170193,151,2015-02-23 14:40:43
12059,-10.94982137,-37.07167614,151,2015-02-23 14:40:49
12060,-10.94982127,-37.07167744,151,2015-02-23 14:40:55
12061,-10.9498209,-37.07167749,151,2015-02-23 14:41:00
12062,-10.94982098,-37.07167723,151,2015-02-23 14:41:07
12063,-10.949821499999999,-37.07167545,151,2015-02-23 14:41:13
12064,-10.94982107,-37.07167536,151,2015-02-23 14:41:20
12065,-10.94982079,-37.07167426,151,2015-02-23 14:41:26
12066,-10.94982036,-37.07167343,151,2015-02-23 14:41:33
12067,-10.94981985,-37.07167315,151,2015-02-23 14:41:39
12068,-10.94981935,-37.07167296,151,2015-02-23 14:41:44
12069,-10.94981829,-37.07167283,151,2015-02-23 14:41:50
12070,-10.949817699999999,-37.07167242,151,2015-02-23 14:41:55
12071,-10.94981756,-37.0716727,151,2015-02-23 14:42:01
12072,-10.94981719,-37.07167278,151,2015-02-23 14:42:07
12073,-10.94981716,-37.0716726,151,2015-02-23 14:42:13
12074,-10.94981722,-37.07167251,151,2015-02-23 14:42:18
12075,-10.94976853,-37.0715648,151,2015-02-23 14:42:25
12076,-10.94955808,-37.07146358,151,2015-02-23 14:42:30
12077,-10.94939852,-37.07142954,151,2015-02-23 14:42:36
12078,-10.94927371,-37.07136956,151,2015-02-23 14:42:42
12079,-10.94924302,-37.07133283,151,2015-02-23 14:42:47
12080,-10.94924633,-37.07132149,151,2015-02-23 14:42:53
12081,-10.94924556,-37.07131769,151,2015-02-23 14:42:59
12082,-10.94924553,-37.07131755,151,2015-02-23 14:43:05
12083,-10.94924537,-37.07131739,151,2015-02-23 14:43:10
12084,-10.94924516,-37.07131723,151,2015-02-23 14:43:15
12085,-10.94924516,-37.07131712,151,2015-02-23 14:43:21
12086,-10.949245199999998,-37.07131714,151,2015-02-23 14:43:27
12087,-10.94924511,-37.07131709,151,2015-02-23 14:43:32
12088,-10.94924516,-37.07131702,151,2015-02-23 14:43:37
12089,-10.94924514,-37.07131674,151,2015-02-23 14:43:43
12090,-10.94924511,-37.07131668,151,2015-02-23 14:43:49
12091,-10.94925382,-37.07129216,151,2015-02-23 14:43:54
12092,-10.94951131,-37.07094487,151,2015-02-23 14:43:59
12093,-10.94979264,-37.07049347,151,2015-02-23 14:44:04
12094,-10.95012946,-37.06990983,151,2015-02-23 14:44:10
12095,-10.95053649,-37.06912592,151,2015-02-23 14:44:15
12096,-10.95075339,-37.0684834,151,2015-02-23 14:44:20
12097,-10.95101449,-37.06748219,151,2015-02-23 14:44:25
12098,-10.95117776,-37.06672937,151,2015-02-23 14:44:31
12099,-10.95135697,-37.06571404,151,2015-02-23 14:44:37
12100,-10.95144522,-37.06486487,151,2015-02-23 14:44:42
12101,-10.95165625,-37.0638292,151,2015-02-23 14:44:48
12102,-10.95185565,-37.06271331,151,2015-02-23 14:44:54
12103,-10.95200976,-37.06178401,151,2015-02-23 14:44:59
12104,-10.95217643,-37.06091141,151,2015-02-23 14:45:04
12105,-10.95234111,-37.0600237,151,2015-02-23 14:45:10
12106,-10.95253669,-37.05899601,151,2015-02-23 14:45:15
12107,-10.95266546,-37.05830505,151,2015-02-23 14:45:20
12108,-10.95274942,-37.05795821,151,2015-02-23 14:45:26
12109,-10.95273846,-37.05798166,151,2015-02-23 14:45:31
12110,-10.95273617,-37.05798195,151,2015-02-23 14:45:36
12111,-10.95273163,-37.05798411,151,2015-02-23 14:45:41
12112,-10.95273107,-37.05798441,151,2015-02-23 14:45:47
12113,-10.95273106,-37.05798453,151,2015-02-23 14:45:52
12114,-10.95273104,-37.05798455,151,2015-02-23 14:45:59
12115,-10.95273119,-37.0579848,151,2015-02-23 14:46:04
12116,-10.95273115,-37.05798499,151,2015-02-23 14:46:10
12117,-10.95273114,-37.05798504,151,2015-02-23 14:46:16
12118,-10.95275737,-37.05785347,151,2015-02-23 14:46:21
12119,-10.95275138,-37.05758571,151,2015-02-23 14:46:27
12120,-10.95260215,-37.05777086,151,2015-02-23 14:46:33
12121,-10.95248155,-37.05817781,151,2015-02-23 14:46:38
12122,-10.95207994,-37.05838607,151,2015-02-23 14:46:44
12123,-10.95142423,-37.05822336,151,2015-02-23 14:46:50
12124,-10.95081136,-37.05807768,151,2015-02-23 14:46:55
12125,-10.95020396,-37.05795173,151,2015-02-23 14:47:00
12126,-10.94935119,-37.05791772,151,2015-02-23 14:47:06
12127,-10.94869543,-37.0578042,151,2015-02-23 14:47:11
12128,-10.94800749,-37.05762148,151,2015-02-23 14:47:17
12129,-10.94730578,-37.05742479,151,2015-02-23 14:47:22
12130,-10.94665523,-37.0572302,151,2015-02-23 14:47:28
12131,-10.94592263,-37.0570304,151,2015-02-23 14:47:34
12132,-10.94508408,-37.05680267,151,2015-02-23 14:47:40
12133,-10.94440554,-37.05658539,151,2015-02-23 14:47:46
12134,-10.94368673,-37.05637424,151,2015-02-23 14:47:51
12135,-10.9432931,-37.05617299,151,2015-02-23 14:47:56
12136,-10.94315699,-37.05598585,151,2015-02-23 14:48:02
12137,-10.94307133,-37.05577951,151,2015-02-23 14:48:07
12138,-10.94322147,-37.05513677,151,2015-02-23 14:48:13
12139,-10.94333515,-37.05469237,151,2015-02-23 14:48:18
12140,-10.94349423,-37.05413847,151,2015-02-23 14:48:23
12141,-10.94363969,-37.05360337,151,2015-02-23 14:48:29
12142,-10.94381208,-37.05295771,151,2015-02-23 14:48:34
12143,-10.94395249,-37.05247538,151,2015-02-23 14:48:39
12144,-10.94409993,-37.05201691,151,2015-02-23 14:48:45
12145,-10.94412581,-37.05192698,151,2015-02-23 14:48:50
12146,-10.94413716,-37.05191827,151,2015-02-23 14:48:56
12147,-10.94413656,-37.05191879,151,2015-02-23 14:49:01
12148,-10.94413658,-37.05191873,151,2015-02-23 14:49:07
12149,-10.94413651,-37.05191883,151,2015-02-23 14:49:12
12150,-10.94413641,-37.05191883,151,2015-02-23 14:49:18
12151,-10.94413637,-37.05191864,151,2015-02-23 14:49:23
12152,-10.94413641,-37.05191832,151,2015-02-23 14:49:28
12153,-10.94421107,-37.05170659,151,2015-02-23 14:49:33
12154,-10.94425954,-37.05132133,151,2015-02-23 14:49:39
12155,-10.94401941,-37.05102997,151,2015-02-23 14:49:44
12156,-10.9435871,-37.05102326,151,2015-02-23 14:49:49
12157,-10.94302576,-37.05100395,151,2015-02-23 14:49:54
12158,-10.94232881,-37.05093114,151,2015-02-23 14:50:00
12159,-10.94191599,-37.05081424,151,2015-02-23 14:50:05
12160,-10.94170005,-37.05071821,151,2015-02-23 14:50:10
12161,-10.94170981,-37.05074657,151,2015-02-23 14:50:15
12162,-10.94170758,-37.05074398,151,2015-02-23 14:50:22
12163,-10.94170577,-37.05074372,151,2015-02-23 14:50:27
12164,-10.94170574,-37.05074357,151,2015-02-23 14:50:32
12165,-10.94170571,-37.05074359,151,2015-02-23 14:50:38
12166,-10.94170574,-37.05074355,151,2015-02-23 14:50:44
12167,-10.94170573,-37.05074358,151,2015-02-23 14:50:49
12168,-10.94170566,-37.05074358,151,2015-02-23 14:50:55
12169,-10.94170569,-37.05074359,151,2015-02-23 14:51:01
12170,-10.94170569,-37.05074358,151,2015-02-23 14:51:06
12171,-10.941705699999998,-37.05074359,151,2015-02-23 14:51:11
12172,-10.94170583,-37.05074366,151,2015-02-23 14:51:17
12173,-10.94169293,-37.05073985,151,2015-02-23 14:51:22
12174,-10.94138594,-37.05064857,151,2015-02-23 14:51:28
12175,-10.94083542,-37.05053869,151,2015-02-23 14:51:34
12176,-10.94015006,-37.05062669,151,2015-02-23 14:51:40
12177,-10.93942608,-37.05067244,151,2015-02-23 14:51:46
12178,-10.93866471,-37.05062754,151,2015-02-23 14:51:52
12179,-10.93785363,-37.05054444,151,2015-02-23 14:51:58
12180,-10.93715211,-37.05045206,151,2015-02-23 14:52:03
12181,-10.9362764,-37.05033921,151,2015-02-23 14:52:09
12182,-10.93546622,-37.05019526,151,2015-02-23 14:52:15
12183,-10.93479006,-37.04998438,151,2015-02-23 14:52:20
12184,-10.93404107,-37.04965996,151,2015-02-23 14:52:26
12185,-10.93354359,-37.04928757,151,2015-02-23 14:52:31
12186,-10.93313825,-37.048961799999994,151,2015-02-23 14:52:36
12187,-10.93277909,-37.04862527,151,2015-02-23 14:52:42
12188,-10.93255839,-37.04840717,151,2015-02-23 14:52:47
12189,-10.932201699999998,-37.04806996,151,2015-02-23 14:52:53
12190,-10.93192879,-37.04783377,151,2015-02-23 14:52:58
12191,-10.93176456,-37.04765156,151,2015-02-23 14:53:03
12192,-10.9315324,-37.04742992,151,2015-02-23 14:53:09
12193,-10.93127124,-37.04712915,151,2015-02-23 14:53:15
12194,-10.93095218,-37.04679664,151,2015-02-23 14:53:21
12195,-10.93054785,-37.04621469,151,2015-02-23 14:53:26
12196,-10.93013411,-37.04567846,151,2015-02-23 14:53:32
12197,-10.92959602,-37.04506827,151,2015-02-23 14:53:38
12198,-10.92917047,-37.04443371,151,2015-02-23 14:53:44
12199,-10.92872747,-37.04376633,151,2015-02-23 14:53:50
12200,-10.9282546,-37.04335077,151,2015-02-23 14:53:55
12201,-10.92771498,-37.04319444,151,2015-02-23 14:54:00
12202,-10.92719029,-37.04327428,151,2015-02-23 14:54:06
12203,-10.92671875,-37.04341973,151,2015-02-23 14:54:11
12204,-10.92662148,-37.04346561,151,2015-02-23 14:54:16
12205,-10.92561311,-37.04383446,151,2015-02-23 14:54:22
12206,-10.92511946,-37.04380011,151,2015-02-23 14:54:27
12207,-10.92464106,-37.04375882,151,2015-02-23 14:54:32
12208,-10.9241285,-37.04392124,151,2015-02-23 14:54:37
12209,-10.92349663,-37.04436151,151,2015-02-23 14:54:43
12210,-10.92289999,-37.04475405,151,2015-02-23 14:54:48
12211,-10.92228542,-37.045134399999995,151,2015-02-23 14:54:53
12212,-10.9214319,-37.04546334,151,2015-02-23 14:54:59
12213,-10.92069797,-37.04581536,151,2015-02-23 14:55:05
12214,-10.92011629,-37.04603725,151,2015-02-23 14:55:10
12215,-10.91946948,-37.046297100000004,151,2015-02-23 14:55:15
12216,-10.91872771,-37.04656387,151,2015-02-23 14:55:21
12217,-10.91813623,-37.04677027,151,2015-02-23 14:55:26
12218,-10.91742692,-37.04706237,151,2015-02-23 14:55:32
12219,-10.91690605,-37.04723783,151,2015-02-23 14:55:37
12220,-10.91651378,-37.047341499999995,151,2015-02-23 14:55:43
12221,-10.91621817,-37.04741447,151,2015-02-23 14:55:48
12222,-10.91585578,-37.04748141,151,2015-02-23 14:55:53
12223,-10.91552744,-37.04753024,151,2015-02-23 14:55:59
12224,-10.91494167,-37.0476665,151,2015-02-23 14:56:04
12225,-10.91433679,-37.04772042,151,2015-02-23 14:56:10
12226,-10.91390706,-37.04772501,151,2015-02-23 14:56:15
12227,-10.91363114,-37.0477162,151,2015-02-23 14:56:21
12228,-10.91350538,-37.04769299,151,2015-02-23 14:56:26
12229,-10.91351825,-37.04769427,151,2015-02-23 14:56:31
12230,-10.91352685,-37.04770426,151,2015-02-23 14:56:37
12231,-10.91352798,-37.04770505,151,2015-02-23 14:56:42
12232,-10.91347357,-37.04770403,151,2015-02-23 14:56:47
12233,-10.91321378,-37.04770573,151,2015-02-23 14:56:53
12234,-10.91280675,-37.0477152,151,2015-02-23 14:57:00
12235,-10.91229861,-37.04772695,151,2015-02-23 14:57:06
12236,-10.91188892,-37.04771213,151,2015-02-23 14:57:11
12237,-10.91146836,-37.04774212,151,2015-02-23 14:57:16
12238,-10.91089499,-37.04773801,151,2015-02-23 14:57:22
12239,-10.91039096,-37.04774759,151,2015-02-23 14:57:28
12240,-10.90995242,-37.04774564,151,2015-02-23 14:57:33
12241,-10.90945026,-37.04776417,151,2015-02-23 14:57:38
12242,-10.90906454,-37.04779159,151,2015-02-23 14:57:44
12243,-10.90858219,-37.04787027,151,2015-02-23 14:57:49
12244,-10.90805989,-37.04791147,151,2015-02-23 14:57:55
12245,-10.90745515,-37.04804425,151,2015-02-23 14:58:00
12246,-10.90686212,-37.04811271,151,2015-02-23 14:58:05
12247,-10.9061016,-37.04807256,151,2015-02-23 14:58:11
12248,-10.90540485,-37.04802959,151,2015-02-23 14:58:16
12249,-10.90451481,-37.04803919,151,2015-02-23 14:58:23
12250,-10.90385175,-37.0480886,151,2015-02-23 14:58:28
12251,-10.90363391,-37.04811731,151,2015-02-23 14:58:34
12252,-10.90355709,-37.04810805,151,2015-02-23 14:58:39
12253,-10.90356796,-37.04811388,151,2015-02-23 14:58:44
12254,-10.90356428,-37.04811562,151,2015-02-23 14:58:49
12255,-10.90338351,-37.04809056,151,2015-02-23 14:58:54
12256,-10.90296593,-37.04809611,151,2015-02-23 14:59:00
12257,-10.90257141,-37.0483561,151,2015-02-23 14:59:05
12258,-10.90225791,-37.048953499999996,151,2015-02-23 14:59:11
12259,-10.90233974,-37.04958405,151,2015-02-23 14:59:16
12260,-10.90242724,-37.04993848,151,2015-02-23 14:59:21
12261,-10.90246246,-37.05004816,151,2015-02-23 14:59:28
12262,-10.90245442,-37.0500469,151,2015-02-23 14:59:34
12263,-10.9024527,-37.050053600000005,151,2015-02-23 14:59:39
12264,-10.90245274,-37.050053600000005,151,2015-02-23 14:59:45
12265,-10.9024527,-37.05005359,151,2015-02-23 14:59:51
12266,-10.90245272,-37.05005335,151,2015-02-23 14:59:56
12267,-10.90245274,-37.05005338,151,2015-02-23 15:00:02
12268,-10.90246402,-37.05008149,151,2015-02-23 15:00:07
12269,-10.90255358,-37.0503709,151,2015-02-23 15:00:13
12270,-10.90292321,-37.05046894,151,2015-02-23 15:00:18
12271,-10.90314632,-37.05050985,151,2015-02-23 15:00:23
12272,-10.90316767,-37.05087164,151,2015-02-23 15:00:28
12273,-10.90314005,-37.05139313,151,2015-02-23 15:00:34
12274,-10.90312621,-37.05198083,151,2015-02-23 15:00:39
12275,-10.903093499999999,-37.05256254,151,2015-02-23 15:00:45
12276,-10.90281681,-37.05275952,151,2015-02-23 15:00:50
12277,-10.90223619,-37.05274902,151,2015-02-23 15:00:56
12278,-10.90182555,-37.0526994,151,2015-02-23 15:01:01
12279,-10.90143871,-37.05267498,151,2015-02-23 15:01:07
12280,-10.90118146,-37.05270985,151,2015-02-23 15:01:13
12281,-10.90091827,-37.05276775,151,2015-02-23 15:01:18
12282,-10.90054672,-37.05281063,151,2015-02-23 15:01:24
12283,-10.90024718,-37.05279047,151,2015-02-23 15:01:29
12284,-10.90004775,-37.05279948,151,2015-02-23 15:01:35
12285,-10.89968526,-37.05284074,151,2015-02-23 15:01:41
12286,-10.89927322,-37.05275641,151,2015-02-23 15:01:47
12287,-10.898741000000001,-37.05275567,151,2015-02-23 15:01:53
12288,-10.89807565,-37.05274031,151,2015-02-23 15:01:59
12289,-10.89760795,-37.05269294,151,2015-02-23 15:02:05
12290,-10.89755328,-37.05281549,151,2015-02-23 15:02:11
12291,-10.89745135,-37.05304928,151,2015-02-23 15:02:17
12292,-10.89740744,-37.05310519,151,2015-02-23 15:02:23
12293,-10.89740578,-37.05311665,151,2015-02-23 15:02:29
12294,-10.89739531,-37.05316145,151,2015-02-23 15:02:34
12295,-10.89732063,-37.05333096,151,2015-02-23 15:02:39
12296,-10.89722135,-37.05338835,151,2015-02-23 15:02:45
12297,-10.89700025,-37.05341875,151,2015-02-23 15:02:50
12298,-10.89678625,-37.05339188,151,2015-02-23 15:02:56
12299,-10.89671109,-37.05337592,151,2015-02-23 15:03:01
12300,-10.896707699999999,-37.05337729,151,2015-02-23 15:03:06
12301,-10.89670715,-37.05337887,151,2015-02-23 15:03:12
12302,-10.89670802,-37.05337777,151,2015-02-23 15:03:18
12303,-10.89670778,-37.05337785,151,2015-02-23 15:03:23
12304,-10.89670761,-37.05337779,151,2015-02-23 15:03:29
12305,-10.89670761,-37.05337799,151,2015-02-23 15:03:34
12306,-10.89670766,-37.0533779,151,2015-02-23 15:03:40
12307,-10.89670764,-37.05337791,151,2015-02-23 15:03:45
12308,-10.89670759,-37.05337794,151,2015-02-23 15:03:50
12309,-10.89670773,-37.05337689,151,2015-02-23 15:03:56
12310,-10.89670775,-37.05337693,151,2015-02-23 15:04:03
12311,-10.89670773,-37.053376899999996,151,2015-02-23 15:04:08
12312,-10.89670765,-37.05337686,151,2015-02-23 15:04:13
12313,-10.89670771,-37.05337683,151,2015-02-23 15:04:19
12314,-10.89670774,-37.05337681,151,2015-02-23 15:04:24
12315,-10.89670777,-37.05337676,151,2015-02-23 15:04:30
12316,-10.89670809,-37.05337644,151,2015-02-23 15:04:36
12317,-10.89670811,-37.05337641,151,2015-02-23 15:04:41
12318,-10.89670809,-37.05337635,151,2015-02-23 15:04:46
12319,-10.89670805,-37.05337632,151,2015-02-23 15:04:52
12320,-10.89670808,-37.0533763,151,2015-02-23 15:04:58
12321,-10.89670803,-37.05337634,151,2015-02-23 15:05:03
12322,-10.896708199999999,-37.05337624,151,2015-02-23 15:05:08
12323,-10.89670824,-37.05337623,151,2015-02-23 15:05:14
12324,-10.89665464,-37.05335608,151,2015-02-23 15:05:19
12325,-10.89663475,-37.05333396,151,2015-02-23 15:05:24
12326,-10.89667811,-37.05339301,151,2015-02-23 15:05:30
12327,-10.89668008,-37.05336269,151,2015-02-23 15:05:36
12328,-10.89670223,-37.05335739,151,2015-02-23 15:05:41
12329,-10.89670586,-37.05336224,151,2015-02-23 15:05:46
12330,-10.89670236,-37.05335929,151,2015-02-23 15:05:52
12331,-10.89669952,-37.05336407,151,2015-02-23 15:05:57
12332,-10.89669848,-37.05336754,151,2015-02-23 15:06:02
12333,-10.8966992,-37.05336616,151,2015-02-23 15:06:08
12334,-10.89669908,-37.053365299999996,151,2015-02-23 15:06:14
12335,-10.8966993,-37.05336499,151,2015-02-23 15:06:19
12336,-10.89669927,-37.05336497,151,2015-02-23 15:06:26
12337,-10.89669924,-37.05336509,151,2015-02-23 15:06:31
12338,-10.89669938,-37.05336469,151,2015-02-23 15:06:37
12339,-10.89669943,-37.05336452,151,2015-02-23 15:06:43
12340,-10.89669953,-37.05336406,151,2015-02-23 15:06:48
12341,-10.89670042,-37.05336236,151,2015-02-23 15:06:54
12342,-10.89670255,-37.0533586,151,2015-02-23 15:06:59
12343,-10.89670287,-37.05335806,151,2015-02-23 15:07:04
12344,-10.89670339,-37.05335761,151,2015-02-23 15:07:10
12345,-10.89671512,-37.05339375,153,2015-03-02 03:09:58
12346,-10.89671518,-37.05339425,153,2015-03-02 03:10:04
12347,-10.89673162,-37.05336066,153,2015-03-02 03:10:10
12348,-10.89670295,-37.053348,153,2015-03-02 03:10:16
12349,-10.89666963,-37.05338382,153,2015-03-02 03:10:23
12350,-10.89664827,-37.05341154,153,2015-03-02 03:10:29
12351,-10.89661997,-37.05344404,153,2015-03-02 03:10:35
12352,-10.89661397,-37.05345297,153,2015-03-02 03:10:41
12353,-10.89662147,-37.05343659,153,2015-03-02 03:10:47
12354,-10.89661683,-37.05344373,153,2015-03-02 03:10:53
12355,-10.89671723,-37.05336609,153,2015-03-02 03:10:59
12356,-10.89669434,-37.05334582,153,2015-03-02 03:11:06
12357,-10.89667555,-37.05337049,153,2015-03-02 03:11:12
12358,-10.89667274,-37.05336026,153,2015-03-02 03:11:17
12359,-10.89667571,-37.05335844,153,2015-03-02 03:11:22
12360,-10.89663516,-37.05334766,153,2015-03-02 03:11:28
12361,-10.8965034,-37.05331041,153,2015-03-02 03:11:33
12362,-10.89632281,-37.05328941,153,2015-03-02 03:11:38
12363,-10.89622852,-37.0532732,153,2015-03-02 03:11:44
12364,-10.8962242,-37.05327471,153,2015-03-02 03:11:49
12365,-10.89618482,-37.05311839,153,2015-03-02 03:11:55
12366,-10.89612534,-37.05285374,153,2015-03-02 03:12:01
12367,-10.8960875,-37.05275179,153,2015-03-02 03:12:06
12368,-10.89610592,-37.05275963,153,2015-03-02 03:12:12
12369,-10.89600143,-37.0527253,153,2015-03-02 03:12:17
12370,-10.89571663,-37.052729799999994,153,2015-03-02 03:12:22
12371,-10.89529907,-37.05264549,153,2015-03-02 03:12:28
12372,-10.89501463,-37.05236979,153,2015-03-02 03:12:33
12373,-10.89509844,-37.05194053,153,2015-03-02 03:12:38
12374,-10.89518841,-37.05150734,153,2015-03-02 03:12:45
12375,-10.8952672,-37.05131369,153,2015-03-02 03:12:51
12376,-10.89525691,-37.05132673,153,2015-03-02 03:12:56
12377,-10.89531285,-37.05130646,153,2015-03-02 03:13:02
12378,-10.89554753,-37.05121018,153,2015-03-02 03:13:07
12379,-10.895866900000001,-37.05116584,153,2015-03-02 03:13:12
12380,-10.89636426,-37.05108115,153,2015-03-02 03:13:18
12381,-10.89680773,-37.05100172,153,2015-03-02 03:13:24
12382,-10.89723684,-37.05092556,153,2015-03-02 03:13:29
12383,-10.89770013,-37.0509153,153,2015-03-02 03:13:35
12384,-10.89802389,-37.05084124,153,2015-03-02 03:13:40
12385,-10.89840157,-37.05076919,153,2015-03-02 03:13:45
12386,-10.89884988,-37.05072401,153,2015-03-02 03:13:51
12387,-10.89911541,-37.05066363,153,2015-03-02 03:13:57
12388,-10.899374900000002,-37.05065346,153,2015-03-02 03:14:03
12389,-10.89959176,-37.05060865,153,2015-03-02 03:14:08
12390,-10.89995329,-37.05053219,153,2015-03-02 03:14:13
12391,-10.9005497,-37.05045489,153,2015-03-02 03:14:19
12392,-10.90108509,-37.05038526,153,2015-03-02 03:14:25
12393,-10.9015713,-37.05030184,153,2015-03-02 03:14:31
12394,-10.90199252,-37.05036057,153,2015-03-02 03:14:37
12395,-10.90210259,-37.05038381,153,2015-03-02 03:14:42
12396,-10.9020629,-37.05039336,153,2015-03-02 03:14:47
12397,-10.90206934,-37.05039859,153,2015-03-02 03:14:53
12398,-10.90207245,-37.05040415,153,2015-03-02 03:14:58
12399,-10.90207184,-37.0504052,153,2015-03-02 03:15:04
12400,-10.90207182,-37.0504055,153,2015-03-02 03:15:09
12401,-10.90207158,-37.05040538,153,2015-03-02 03:15:15
12402,-10.902071699999999,-37.05040545,153,2015-03-02 03:15:21
12403,-10.90207183,-37.05040533,153,2015-03-02 03:15:27
12404,-10.90207177,-37.05040584,153,2015-03-02 03:15:33
12405,-10.90215385,-37.05039264,153,2015-03-02 03:15:38
12406,-10.90232844,-37.05039233,153,2015-03-02 03:15:44
12407,-10.90268281,-37.05047584,153,2015-03-02 03:15:50
12408,-10.90312851,-37.05044312,153,2015-03-02 03:15:56
12409,-10.90357086,-37.05047865,153,2015-03-02 03:16:02
12410,-10.90385627,-37.05046279,153,2015-03-02 03:16:07
12411,-10.90415827,-37.05036719,153,2015-03-02 03:16:12
12412,-10.90426436,-37.0499596,153,2015-03-02 03:16:17
12413,-10.90425909,-37.04956356,153,2015-03-02 03:16:22
12414,-10.90425884,-37.04927786,153,2015-03-02 03:16:27
12415,-10.90425227,-37.04897033,153,2015-03-02 03:16:33
12416,-10.90421334,-37.04850999,153,2015-03-02 03:16:39
12417,-10.90425277,-37.04822096,153,2015-03-02 03:16:44
12418,-10.90464089,-37.04816821,153,2015-03-02 03:16:51
12419,-10.90510212,-37.04816683,153,2015-03-02 03:16:56
12420,-10.905777,-37.04820034,153,2015-03-02 03:17:03
12421,-10.9066,-37.04819922,153,2015-03-02 03:17:09
12422,-10.90729458,-37.04821252,153,2015-03-02 03:17:15
12423,-10.90774592,-37.04810157,153,2015-03-02 03:17:21
12424,-10.90791252,-37.04807945,153,2015-03-02 03:17:27
12425,-10.90793707,-37.04809462,153,2015-03-02 03:17:33
12426,-10.90793955,-37.04809441,153,2015-03-02 03:17:38
12427,-10.90794325,-37.04810169,153,2015-03-02 03:17:44
12428,-10.90816558,-37.04803789,153,2015-03-02 03:17:50
12429,-10.90842849,-37.04803283,153,2015-03-02 03:17:55
12430,-10.90863377,-37.04805608,153,2015-03-02 03:18:00
12431,-10.90912055,-37.04796399,153,2015-03-02 03:18:07
12432,-10.90939684,-37.04802029,153,2015-03-02 03:18:14
12433,-10.91038268,-37.04804871,153,2015-03-02 03:18:19
12434,-10.91090831,-37.04799044,153,2015-03-02 03:18:24
12435,-10.91146112,-37.04802456,153,2015-03-02 03:18:30
12436,-10.91196841,-37.04799063,153,2015-03-02 03:18:35
12437,-10.91256011,-37.04798353,153,2015-03-02 03:18:40
12438,-10.91299323,-37.04789448,153,2015-03-02 03:18:45
12439,-10.91349811,-37.04781972,153,2015-03-02 03:18:51
12440,-10.91417123,-37.04779316,153,2015-03-02 03:18:57
12441,-10.91476935,-37.04781276,153,2015-03-02 03:19:02
12442,-10.915576,-37.0477471,153,2015-03-02 03:19:08
12443,-10.91616986,-37.04758669,153,2015-03-02 03:19:14
12444,-10.91694238,-37.04740112,153,2015-03-02 03:19:20
12445,-10.91745341,-37.04721836,153,2015-03-02 03:19:25
12446,-10.91786278,-37.04704302,153,2015-03-02 03:19:31
12447,-10.91782958,-37.04702066,153,2015-03-02 03:19:36
12448,-10.917826199999999,-37.0470092,153,2015-03-02 03:19:42
12449,-10.9178217,-37.04700811,153,2015-03-02 03:19:47
12450,-10.91782336,-37.04700672,153,2015-03-02 03:19:53
12451,-10.91782608,-37.04700415,153,2015-03-02 03:19:59
12452,-10.91804446,-37.04690019,153,2015-03-02 03:20:05
12453,-10.91850152,-37.04679985,153,2015-03-02 03:20:10
12454,-10.91892531,-37.04664703,153,2015-03-02 03:20:15
12455,-10.91941801,-37.0464622,153,2015-03-02 03:20:20
12456,-10.91997488,-37.04628182,153,2015-03-02 03:20:26
12457,-10.9206891,-37.04591255,153,2015-03-02 03:20:32
12458,-10.92142925,-37.04562939,153,2015-03-02 03:20:37
12459,-10.92217942,-37.04527224,153,2015-03-02 03:20:42
12460,-10.92290312,-37.04491776,153,2015-03-02 03:20:49
12461,-10.92361621,-37.04468169,153,2015-03-02 03:20:55
12462,-10.92383426,-37.04461164,153,2015-03-02 03:21:00
12463,-10.92384811,-37.04462568,153,2015-03-02 03:21:06
12464,-10.92383904,-37.04461969,153,2015-03-02 03:21:11
12465,-10.92383626,-37.04461825,153,2015-03-02 03:21:16
12466,-10.92395638,-37.04460969,153,2015-03-02 03:21:22
12467,-10.92421535,-37.04451774,153,2015-03-02 03:21:27
12468,-10.9245269,-37.04436424,153,2015-03-02 03:21:32
12469,-10.92492761,-37.04421764,153,2015-03-02 03:21:38
12470,-10.92571353,-37.04392465,153,2015-03-02 03:21:44
12471,-10.92639658,-37.04364921,153,2015-03-02 03:21:50
12472,-10.92697873,-37.04345965,153,2015-03-02 03:21:55
12473,-10.9275958,-37.04329578,153,2015-03-02 03:22:00
12474,-10.92827904,-37.04355393,153,2015-03-02 03:22:06
12475,-10.92873345,-37.04398553,153,2015-03-02 03:22:11
12476,-10.9291743,-37.04463715,153,2015-03-02 03:22:17
12477,-10.929560400000002,-37.04519268,153,2015-03-02 03:22:22
12478,-10.92995905,-37.04583228,153,2015-03-02 03:22:28
12479,-10.93029671,-37.04627753,153,2015-03-02 03:22:33
12480,-10.93054077,-37.04665024,153,2015-03-02 03:22:39
12481,-10.93070123,-37.04684559,153,2015-03-02 03:22:44
12482,-10.93069475,-37.04677718,153,2015-03-02 03:22:50
12483,-10.93070971,-37.04675815,153,2015-03-02 03:22:55
12484,-10.9307016,-37.04676427,153,2015-03-02 03:23:00
12485,-10.93070004,-37.04676404,153,2015-03-02 03:23:06
12486,-10.93070024,-37.04676839,153,2015-03-02 03:23:11
12487,-10.93070169,-37.04676963,153,2015-03-02 03:23:17
12488,-10.93070149,-37.04676963,153,2015-03-02 03:23:22
12489,-10.93070194,-37.04676977,153,2015-03-02 03:23:28
12490,-10.93070368,-37.04677013,153,2015-03-02 03:23:33
12491,-10.93074275,-37.04688639,153,2015-03-02 03:23:38
12492,-10.9310302,-37.04721604,153,2015-03-02 03:23:44
12493,-10.931370199999998,-37.04775085,153,2015-03-02 03:23:50
12494,-10.93187453,-37.04824045,153,2015-03-02 03:23:56
12495,-10.93250812,-37.04867323,153,2015-03-02 03:24:02
12496,-10.93303756,-37.04919556,153,2015-03-02 03:24:08
12497,-10.93354027,-37.04965571,153,2015-03-02 03:24:14
12498,-10.93409877,-37.04995404,153,2015-03-02 03:24:19
12499,-10.93455175,-37.05018686,153,2015-03-02 03:24:24
12500,-10.93489108,-37.05047636,153,2015-03-02 03:24:30
12501,-10.93498196,-37.05060864,153,2015-03-02 03:24:35
12502,-10.9350173,-37.05059057,153,2015-03-02 03:24:41
12503,-10.93501142,-37.05060121,153,2015-03-02 03:24:46
12504,-10.93500863,-37.0505847,153,2015-03-02 03:24:52
12505,-10.93500994,-37.05058821,153,2015-03-02 03:24:57
12506,-10.9350091,-37.05058513,153,2015-03-02 03:25:02
12507,-10.93500892,-37.05058503,153,2015-03-02 03:25:08
12508,-10.93500873,-37.05058568,153,2015-03-02 03:25:14
12509,-10.9350085,-37.05058601,153,2015-03-02 03:25:20
12510,-10.93500829,-37.050586200000005,153,2015-03-02 03:25:25
12511,-10.93500823,-37.05058637,153,2015-03-02 03:25:31
12512,-10.93500822,-37.05058673,153,2015-03-02 03:25:36
12513,-10.935008199999999,-37.05058685,153,2015-03-02 03:25:41
12514,-10.935008,-37.05058888,153,2015-03-02 03:25:47
12515,-10.93500797,-37.05058926,153,2015-03-02 03:25:53
12516,-10.93500787,-37.0505904,153,2015-03-02 03:25:59
12517,-10.93500789,-37.05059019,153,2015-03-02 03:26:04
12518,-10.9350748,-37.05057229,153,2015-03-02 03:26:10
12519,-10.93554628,-37.05052769,153,2015-03-02 03:26:16
12520,-10.93619607,-37.05056547,153,2015-03-02 03:26:21
12521,-10.93673071,-37.05062876,153,2015-03-02 03:26:27
12522,-10.93748146,-37.05075843,153,2015-03-02 03:26:33
12523,-10.93815691,-37.05077808,153,2015-03-02 03:26:38
12524,-10.93902818,-37.05088813,153,2015-03-02 03:26:44
12525,-10.93993009,-37.05102904,153,2015-03-02 03:26:49
12526,-10.94074464,-37.05123132,153,2015-03-02 03:26:54
12527,-10.9415581,-37.051174100000004,153,2015-03-02 03:27:01
12528,-10.94236268,-37.05121725,153,2015-03-02 03:27:07
12529,-10.9430579,-37.05125071,153,2015-03-02 03:27:13
12530,-10.94403125,-37.05121487,153,2015-03-02 03:27:18
12531,-10.94490456,-37.05119636,153,2015-03-02 03:27:24
12532,-10.94571714,-37.05121542,153,2015-03-02 03:27:30
12533,-10.9465164,-37.05120545,153,2015-03-02 03:27:35
12534,-10.94744917,-37.05123758,153,2015-03-02 03:27:40
12535,-10.94822543,-37.05133114,153,2015-03-02 03:27:45
12536,-10.94900586,-37.0514402,153,2015-03-02 03:27:50
12537,-10.94995533,-37.05164427,153,2015-03-02 03:27:58
12538,-10.9510616,-37.05189643,153,2015-03-02 03:28:03
12539,-10.95183492,-37.05204796,153,2015-03-02 03:28:08
12540,-10.95259691,-37.0521831,153,2015-03-02 03:28:13
12541,-10.95328232,-37.05239798,153,2015-03-02 03:28:19
12542,-10.95400039,-37.05269195,153,2015-03-02 03:28:25
12543,-10.95432125,-37.05288429,153,2015-03-02 03:28:31
12544,-10.95441178,-37.05294939,153,2015-03-02 03:28:36
12545,-10.95443389,-37.05296083,153,2015-03-02 03:28:42
12546,-10.95444269,-37.05295871,153,2015-03-02 03:28:47
12547,-10.95444296,-37.05295947,153,2015-03-02 03:28:52
12548,-10.95444264,-37.0529593,153,2015-03-02 03:28:58
12549,-10.95444258,-37.05295923,153,2015-03-02 03:29:04
12550,-10.95444278,-37.05295921,153,2015-03-02 03:29:10
12551,-10.95444279,-37.05295926,153,2015-03-02 03:29:16
12552,-10.95444282,-37.05295909,153,2015-03-02 03:29:21
12553,-10.95444281,-37.052959,153,2015-03-02 03:29:26
12554,-10.95444286,-37.0529589,153,2015-03-02 03:29:32
12555,-10.95444299,-37.05295869,153,2015-03-02 03:29:37
12556,-10.95446928,-37.05293858,153,2015-03-02 03:29:43
12557,-10.95447992,-37.05294154,153,2015-03-02 03:29:49
12558,-10.95447964,-37.05294375,153,2015-03-02 03:29:54
12559,-10.95447999,-37.05294381,153,2015-03-02 03:29:59
12560,-10.95448,-37.05294394,153,2015-03-02 03:30:04
12561,-10.95448001,-37.05294382,153,2015-03-02 03:30:10
12562,-10.95447986,-37.05294407,153,2015-03-02 03:30:15
12563,-10.95447965,-37.05294403,153,2015-03-02 03:30:21
12564,-10.95447962,-37.05294399,153,2015-03-02 03:30:26
12565,-10.95447951,-37.05294412,153,2015-03-02 03:30:32
12566,-10.95461699,-37.0530103,153,2015-03-02 03:30:38
12567,-10.954811900000001,-37.05315908,153,2015-03-02 03:30:43
12568,-10.95488167,-37.05349204,153,2015-03-02 03:30:48
12569,-10.95460413,-37.05388508,153,2015-03-02 03:30:53
12570,-10.95431241,-37.05434697,153,2015-03-02 03:30:58
12571,-10.95393327,-37.05495409,153,2015-03-02 03:31:04
12572,-10.95347384,-37.05560072,153,2015-03-02 03:31:09
12573,-10.95312442,-37.05614151,153,2015-03-02 03:31:15
12574,-10.95279599,-37.05696799,153,2015-03-02 03:31:20
12575,-10.95260996,-37.05772359,153,2015-03-02 03:31:26
12576,-10.95244233,-37.05854138,153,2015-03-02 03:31:31
12577,-10.95230899,-37.05915932,153,2015-03-02 03:31:37
12578,-10.95221917,-37.05969461,153,2015-03-02 03:31:42
12579,-10.95209535,-37.06022228,153,2015-03-02 03:31:47
12580,-10.95195757,-37.06100979,153,2015-03-02 03:31:53
12581,-10.951854800000001,-37.06165064,153,2015-03-02 03:31:58
12582,-10.95174333,-37.06228017,153,2015-03-02 03:32:03
12583,-10.95160994,-37.0630326,153,2015-03-02 03:32:08
12584,-10.95146094,-37.06359972,153,2015-03-02 03:32:14
12585,-10.95136885,-37.06431817,153,2015-03-02 03:32:19
12586,-10.9512584,-37.06518029,153,2015-03-02 03:32:25
12587,-10.95114871,-37.06600763,153,2015-03-02 03:32:31
12588,-10.95101591,-37.06680373,153,2015-03-02 03:32:36
12589,-10.95076085,-37.06783007,153,2015-03-02 03:32:42
12590,-10.95053753,-37.06863644,153,2015-03-02 03:32:47
12591,-10.95022825,-37.06927276,153,2015-03-02 03:32:52
12592,-10.94990461,-37.07001421,153,2015-03-02 03:32:58
12593,-10.94953099,-37.07050443,153,2015-03-02 03:33:03
12594,-10.94915371,-37.07104974,153,2015-03-02 03:33:08
12595,-10.94863639,-37.07157524,153,2015-03-02 03:33:13
12596,-10.94813044,-37.07202516,153,2015-03-02 03:33:19
12597,-10.94764462,-37.07243976,153,2015-03-02 03:33:25
12598,-10.94745464,-37.07273793,153,2015-03-02 03:33:30
12599,-10.94792578,-37.07256848,153,2015-03-02 03:33:35
12600,-10.94829772,-37.07208936,153,2015-03-02 03:33:41
12601,-10.94887527,-37.07163645,153,2015-03-02 03:33:46
12602,-10.9490986,-37.07139345,153,2015-03-02 03:33:52
12603,-10.94926047,-37.07143944,153,2015-03-02 03:33:58
12604,-10.94951341,-37.07153695,153,2015-03-02 03:34:04
12605,-10.94970735,-37.07160744,153,2015-03-02 03:34:10
12606,-10.94976931,-37.07156406,153,2015-03-02 03:34:16
12607,-10.94977706,-37.07160279,153,2015-03-02 03:34:22
12608,-10.94974609,-37.07164026,153,2015-03-02 03:34:27
12609,-10.94974524,-37.07167787,153,2015-03-02 03:34:33
12610,-10.94974947,-37.07165902,153,2015-03-02 03:34:38
12611,-10.94974811,-37.07165307,153,2015-03-02 03:34:43
12612,-10.94975061,-37.07165165,153,2015-03-02 03:34:48
12613,-10.94975159,-37.07165171,153,2015-03-02 03:34:54
12614,-10.89686874,-37.05354375,155,2015-03-02 09:05:49
12615,-10.89686831,-37.05352479,155,2015-03-02 09:05:59
12616,-10.8972939,-37.0654336,156,2015-03-21 07:49:11
12617,-10.8973852,-37.062071200000005,156,2015-03-21 07:49:26
12618,-10.8973852,-37.062071200000005,156,2015-03-21 07:49:51
12619,-10.8973344,-37.061950200000005,156,2015-03-21 07:50:06
12620,-10.97555976,-37.047246,157,2015-03-30 18:08:04
12621,-10.97562452,-37.04721891,157,2015-03-30 18:08:57
12622,-10.97563321,-37.04721399,157,2015-03-30 18:09:42
12623,-10.97559897,-37.04723394,157,2015-03-30 18:09:55
12624,-10.975604400000002,-37.04720568,157,2015-03-30 18:10:05
12625,-10.97565045,-37.04719361,158,2015-03-30 18:10:29
12626,-10.97565476,-37.04719484,158,2015-03-30 18:10:39
12627,-10.97564975,-37.04719466,158,2015-03-30 18:12:19
12628,-10.97563361,-37.04721022,158,2015-03-30 18:12:52
12646,-10.89682659,-37.05349729,173,2015-04-16 13:06:34
12647,-10.89682655,-37.05349731,173,2015-04-16 13:06:40
12648,-10.89682651,-37.05349729,173,2015-04-16 13:06:45
12649,-10.89687469,-37.05350298,173,2015-04-16 13:06:50
12650,-10.89691794,-37.05351188,173,2015-04-16 13:06:56
12651,-10.89692167,-37.05357191,173,2015-04-16 13:07:01
12652,-10.89691478,-37.05356205,173,2015-04-16 13:07:06
12653,-10.89691203,-37.05355606,173,2015-04-16 13:07:12
12656,-10.89687356,-37.0535886,177,2015-04-16 14:41:21
12657,-10.89700815,-37.05362323,177,2015-04-16 14:41:31
12660,-10.89685746,-37.0535254,179,2015-04-16 14:46:54
12661,-10.89685796,-37.05352825,179,2015-04-16 14:47:04
12662,-10.89688393,-37.05354627,180,2015-04-16 14:48:25
12663,-10.89690759,-37.05359109,180,2015-04-16 14:48:31
12664,-10.89688996,-37.05357167,180,2015-04-16 14:48:37
12665,-10.89688552,-37.05356694,180,2015-04-16 14:48:43
12666,-10.89688512,-37.053566100000005,180,2015-04-16 14:48:49
12667,-10.8968855,-37.05356577,180,2015-04-16 14:48:54
12668,-10.89688594,-37.05356532,180,2015-04-16 14:48:59
12669,-10.89688587,-37.05356496,180,2015-04-16 14:49:05
12670,-10.896885800000002,-37.05356414,180,2015-04-16 14:49:10
12671,-10.89688622,-37.05356266,180,2015-04-16 14:49:15
12672,-10.89688605,-37.05356186,180,2015-04-16 14:49:20
12673,-10.89688622,-37.05356271,180,2015-04-16 14:49:25
12674,-10.89688657,-37.0535625,180,2015-04-16 14:49:31
12675,-10.89688639,-37.05356322,180,2015-04-16 14:49:36
12676,-10.89688622,-37.053563200000006,180,2015-04-16 14:49:42
12677,-10.89688617,-37.05356305,180,2015-04-16 14:49:47
12704,-10.89686093,-37.05352553,190,2015-04-16 20:06:25
12705,-10.89686856,-37.05353776,190,2015-04-16 20:06:31
12734,-10.89683004,-37.05339294,205,2015-04-21 18:26:44
12735,-10.89675602,-37.05341163,205,2015-04-21 18:26:56
12736,-10.89676197,-37.05341817,205,2015-04-21 18:27:08
12737,-10.89676512,-37.05342446,206,2015-04-21 18:29:44
12738,-10.89677821,-37.05342744,206,2015-04-21 18:29:50
12739,-10.89677869,-37.05344055,206,2015-04-21 18:29:57
12740,-10.89677967,-37.05344198,206,2015-04-21 18:30:09
12741,-10.89677968,-37.0534422,206,2015-04-21 18:30:18
12742,-10.89677969,-37.05344228,206,2015-04-21 18:30:25
12743,-10.89677962,-37.05344255,206,2015-04-21 18:30:31
12744,-10.89677976,-37.05344272,206,2015-04-21 18:30:37
12745,-10.8967802,-37.05344259,207,2015-04-21 18:30:50
12746,-10.89678023,-37.05344272,207,2015-04-21 18:30:57
12747,-10.89678115,-37.05344375,207,2015-04-21 18:31:06
12748,-10.8967815,-37.05344367,207,2015-04-21 18:31:13
12749,-10.89678163,-37.05344366,207,2015-04-21 18:31:21
12750,-10.89678177,-37.05344383,207,2015-04-21 18:31:26
12751,-10.8967819,-37.05344388,207,2015-04-21 18:31:31
12752,-10.89678203,-37.05344409,207,2015-04-21 18:31:36
12753,-10.89678679,-37.05343932,207,2015-04-21 18:32:22
12754,-10.89679942,-37.05344211,207,2015-04-21 18:32:28
12755,-10.89681795,-37.05347294,207,2015-04-21 18:32:36
12756,-10.89682965,-37.05348678,207,2015-04-21 18:32:42
12757,-10.89684135,-37.05350131,207,2015-04-21 18:32:47
12758,-10.89684425,-37.0535029,207,2015-04-21 18:32:52
12759,-10.89684433,-37.05350298,207,2015-04-21 18:32:58
12760,-10.89684432,-37.05350293,207,2015-04-21 18:33:05
12761,-10.89684426,-37.05350221,207,2015-04-21 18:33:16
12762,-10.89684426,-37.05350218,207,2015-04-21 18:33:23
12763,-10.89684434,-37.05350225,207,2015-04-21 18:33:30
12764,-10.89684453,-37.0535023,207,2015-04-21 18:33:39
12765,-10.89684478,-37.05350241,207,2015-04-21 18:33:47
12766,-10.89684488,-37.05350232,207,2015-04-21 18:33:54
12767,-10.89685007,-37.053507,207,2015-04-21 18:34:00
12768,-10.8968608,-37.05350307,207,2015-04-21 18:34:06
12769,-10.89686411,-37.05350519,207,2015-04-21 18:34:12
12770,-10.89686587,-37.05350819,207,2015-04-21 18:34:18
12771,-10.89686653,-37.05350848,207,2015-04-21 18:34:23
12772,-10.89686664,-37.05350843,207,2015-04-21 18:34:29
12773,-10.89686676,-37.05350852,207,2015-04-21 18:34:34
12774,-10.89686681,-37.05350859,207,2015-04-21 18:34:39
12775,-10.89686685,-37.05350885,207,2015-04-21 18:34:45
12776,-10.89686681,-37.053508799999996,207,2015-04-21 18:34:51
12777,-10.89686672,-37.05350871,207,2015-04-21 18:34:56
12778,-10.8968668,-37.05350877,207,2015-04-21 18:35:02
12779,-10.8968673,-37.05350901,207,2015-04-21 18:35:07
12780,-10.89686733,-37.05350894,207,2015-04-21 18:35:13
12781,-10.89686739,-37.05350889,207,2015-04-21 18:35:18
12782,-10.89686745,-37.05350896,207,2015-04-21 18:35:24
12783,-10.89686739,-37.05350897,207,2015-04-21 18:35:30
12784,-10.89686743,-37.05350912,207,2015-04-21 18:35:36
12785,-10.89686731,-37.05350922,207,2015-04-21 18:35:44
12786,-10.89686731,-37.05350938,207,2015-04-21 18:35:59
12787,-10.89686724,-37.05350936,207,2015-04-21 18:36:05
12788,-10.89686719,-37.05350928,207,2015-04-21 18:36:12
12789,-10.89686729,-37.05350931,207,2015-04-21 18:36:19
12790,-10.89686733,-37.05350927,207,2015-04-21 18:36:24
12791,-10.89686734,-37.05350917,207,2015-04-21 18:36:31
12792,-10.89686738,-37.05350908,207,2015-04-21 18:36:36
12793,-10.89686728,-37.053509000000005,207,2015-04-21 18:36:42
12794,-10.89686738,-37.05350916,207,2015-04-21 18:36:48
12795,-10.89686722,-37.05350912,207,2015-04-21 18:36:53
12796,-10.89686682,-37.0535089,207,2015-04-21 18:37:04
12797,-10.89688234,-37.05339968,208,2015-04-24 10:39:06
12798,-10.89689515,-37.05332973,208,2015-04-24 10:39:11
12799,-10.89688042,-37.05333247,208,2015-04-24 10:39:18
12800,-10.89688029,-37.05333484,208,2015-04-24 10:39:23
12801,-10.89688058,-37.05333512,208,2015-04-24 10:39:28
12802,-10.89688073,-37.05333528,208,2015-04-24 10:39:34
12803,-10.8968805,-37.05333564,208,2015-04-24 10:39:48
12804,-10.89688045,-37.053335700000005,208,2015-04-24 10:39:53
12805,-10.89688034,-37.05333584,208,2015-04-24 10:40:01
12806,-10.89688022,-37.05333665,208,2015-04-24 10:40:09
12807,-10.89687998,-37.05333665,208,2015-04-24 10:40:16
12808,-10.8968798,-37.05333672,208,2015-04-24 10:40:21
12809,-10.8968771,-37.05333475,208,2015-04-24 10:40:27
12810,-10.89686571,-37.05335033,208,2015-04-24 10:40:32
12811,-10.89686453,-37.05338245,208,2015-04-24 10:40:38
12812,-10.89690625,-37.053412,208,2015-04-24 10:40:44
12813,-10.89714799,-37.05345149,208,2015-04-24 10:40:53
12814,-10.89731552,-37.05353814,208,2015-04-24 10:41:01
12815,-10.89722363,-37.053726399999995,208,2015-04-24 10:41:06
12816,-10.89712402,-37.05392281,208,2015-04-24 10:41:11
12817,-10.89700272,-37.05391454,208,2015-04-24 10:41:16
12818,-10.89669729,-37.05377559,208,2015-04-24 10:41:23
12819,-10.89637283,-37.05373788,208,2015-04-24 10:41:30
12820,-10.89628634,-37.05376364,208,2015-04-24 10:41:37
12821,-10.89625468,-37.05380163,208,2015-04-24 10:41:44
12822,-10.89626958,-37.05404301,208,2015-04-24 10:41:50
12823,-10.89630975,-37.05439376,208,2015-04-24 10:41:55
12824,-10.8963886,-37.05509832,208,2015-04-24 10:42:04
12825,-10.89644765,-37.05538955,208,2015-04-24 10:42:09
12826,-10.8965611,-37.05575682,208,2015-04-24 10:42:14
12827,-10.89665346,-37.05613108,208,2015-04-24 10:42:19
12828,-10.89677345,-37.05672517,208,2015-04-24 10:42:27
12829,-10.89689319,-37.05728734,208,2015-04-24 10:42:37
12830,-10.89692781,-37.05739169,208,2015-04-24 10:42:44
12831,-10.89695023,-37.05753143,208,2015-04-24 10:42:52
12832,-10.89702285,-37.05769891,208,2015-04-24 10:42:59
12833,-10.8971346,-37.057792,208,2015-04-24 10:43:04
12834,-10.89734674,-37.05797843,208,2015-04-24 10:43:10
12835,-10.89746565,-37.05809327,208,2015-04-24 10:43:23
12836,-10.89745873,-37.05809087,208,2015-04-24 10:43:28
12837,-10.89746601,-37.05809045,208,2015-04-24 10:43:43
12838,-10.89746603,-37.05809043,208,2015-04-24 10:43:52
12839,-10.89746598,-37.0580906,208,2015-04-24 10:43:58
12840,-10.89746595,-37.05809065,208,2015-04-24 10:44:05
12841,-10.89750503,-37.05812029,208,2015-04-24 10:44:14
12842,-10.89776568,-37.05832533,208,2015-04-24 10:44:20
12843,-10.89815091,-37.05824039,208,2015-04-24 10:44:26
12844,-10.89867417,-37.05785587,208,2015-04-24 10:44:34
12845,-10.89905788,-37.05755751,208,2015-04-24 10:44:39
12846,-10.89965258,-37.05710931,208,2015-04-24 10:44:46
12847,-10.90031391,-37.05666742,208,2015-04-24 10:44:53
12848,-10.90072693,-37.05639989,208,2015-04-24 10:44:58
12849,-10.90117312,-37.0560867,208,2015-04-24 10:45:04
12850,-10.90167986,-37.05570044,208,2015-04-24 10:45:10
12851,-10.90223155,-37.05532095,208,2015-04-24 10:45:16
12852,-10.90267435,-37.05501594,208,2015-04-24 10:45:22
12853,-10.90281205,-37.05492839,208,2015-04-24 10:45:27
12854,-10.90281977,-37.05492466,208,2015-04-24 10:45:33
12855,-10.9028111,-37.05493056,208,2015-04-24 10:45:38
12856,-10.90281184,-37.05493098,208,2015-04-24 10:45:44
12857,-10.90281179,-37.05493125,208,2015-04-24 10:45:49
12858,-10.90281184,-37.05493146,208,2015-04-24 10:46:00
12859,-10.902811900000001,-37.05493155,208,2015-04-24 10:46:06
12860,-10.90281195,-37.05493173,208,2015-04-24 10:46:16
12861,-10.902811699999999,-37.05493193,208,2015-04-24 10:46:23
12862,-10.90281944,-37.05492637,208,2015-04-24 10:46:29
12863,-10.90318115,-37.05466438,208,2015-04-24 10:46:35
12864,-10.90361849,-37.05433795,208,2015-04-24 10:46:40
12865,-10.90395364,-37.05420787,208,2015-04-24 10:46:47
12866,-10.90395573,-37.05453654,208,2015-04-24 10:46:53
12867,-10.90394111,-37.05505263,208,2015-04-24 10:46:59
12868,-10.90394185,-37.05587736,208,2015-04-24 10:47:08
12869,-10.90392791,-37.05664783,208,2015-04-24 10:47:17
12870,-10.90389758,-37.05750308,208,2015-04-24 10:47:27
12871,-10.90388737,-37.05786664,208,2015-04-24 10:47:32
12872,-10.90403,-37.05799884,208,2015-04-24 10:47:37
12873,-10.90431907,-37.05799646,208,2015-04-24 10:47:42
12874,-10.90463524,-37.05800058,208,2015-04-24 10:47:48
12875,-10.90492265,-37.0580025,208,2015-04-24 10:47:55
12876,-10.90509223,-37.058014899999996,208,2015-04-24 10:48:01
12877,-10.90513417,-37.05805725,208,2015-04-24 10:48:10
12878,-10.90519558,-37.05826165,208,2015-04-24 10:48:17
12879,-10.90527994,-37.05877507,208,2015-04-24 10:48:23
12880,-10.90535515,-37.05906472,208,2015-04-24 10:48:29
12881,-10.90619649,-37.05905899,208,2015-04-24 10:48:41
12882,-10.90641173,-37.06018562,208,2015-04-24 10:49:01
12883,-10.90644041,-37.06067098,208,2015-04-24 10:49:08
12884,-10.90642897,-37.06086107,208,2015-04-24 10:49:13
12885,-10.90641925,-37.06087587,208,2015-04-24 10:49:18
12886,-10.90642255,-37.06088143,208,2015-04-24 10:49:24
12887,-10.90642329,-37.06088235,208,2015-04-24 10:49:30
12888,-10.90642264,-37.06088388,208,2015-04-24 10:49:40
12889,-10.90642211,-37.06090121,208,2015-04-24 10:49:45
12890,-10.90642028,-37.06112732,208,2015-04-24 10:49:50
12891,-10.90649051,-37.06164138,208,2015-04-24 10:49:57
12892,-10.90728268,-37.06183192,208,2015-04-24 10:50:07
12893,-10.90753491,-37.06201037,208,2015-04-24 10:50:12
12894,-10.90761894,-37.06208487,208,2015-04-24 10:50:17
12895,-10.90763191,-37.06209038,208,2015-04-24 10:50:22
12896,-10.90764293,-37.06208956,208,2015-04-24 10:50:28
12897,-10.90764576,-37.06209575,208,2015-04-24 10:50:34
12898,-10.90764926,-37.06209673,208,2015-04-24 10:50:40
12899,-10.90764498,-37.06210186,208,2015-04-24 10:50:47
12900,-10.90764444,-37.0621018,208,2015-04-24 10:50:52
12901,-10.907644099999999,-37.06210176,208,2015-04-24 10:50:57
12902,-10.90764407,-37.06210173,208,2015-04-24 10:51:02
12903,-10.90791968,-37.06228879,208,2015-04-24 10:51:11
12904,-10.90840258,-37.06261833,208,2015-04-24 10:51:17
12905,-10.90885022,-37.06293506,208,2015-04-24 10:51:22
12906,-10.90941396,-37.06335066,208,2015-04-24 10:51:28
12907,-10.91002845,-37.06379331,208,2015-04-24 10:51:36
12908,-10.91021656,-37.06385412,208,2015-04-24 10:51:44
12909,-10.91021107,-37.06382905,208,2015-04-24 10:51:51
12910,-10.91020892,-37.063826299999995,208,2015-04-24 10:51:59
12911,-10.91020903,-37.06382629,208,2015-04-24 10:52:09
12912,-10.91020921,-37.06382624,208,2015-04-24 10:52:18
12913,-10.91020941,-37.06382628,208,2015-04-24 10:52:25
12914,-10.91020941,-37.06382636,208,2015-04-24 10:52:30
12915,-10.91020942,-37.063826399999996,208,2015-04-24 10:52:35
12916,-10.91020943,-37.06382641,208,2015-04-24 10:52:41
12917,-10.91021067,-37.06382699,208,2015-04-24 10:52:47
12918,-10.91051354,-37.06396407,208,2015-04-24 10:52:55
12919,-10.91086507,-37.06407459,208,2015-04-24 10:53:00
12920,-10.91112765,-37.06418145,208,2015-04-24 10:53:07
12921,-10.91112402,-37.06418525,208,2015-04-24 10:53:12
12922,-10.91112739,-37.064178999999996,208,2015-04-24 10:53:17
12923,-10.91113069,-37.06417743,208,2015-04-24 10:53:26
12924,-10.91113068,-37.06417746,208,2015-04-24 10:53:31
12925,-10.91113069,-37.06417745,208,2015-04-24 10:53:36
12926,-10.91113068,-37.06417741,208,2015-04-24 10:53:41
12927,-10.91113062,-37.06417743,208,2015-04-24 10:53:46
12928,-10.91113027,-37.06417782,208,2015-04-24 10:53:53
12929,-10.91113022,-37.06417796,208,2015-04-24 10:53:58
12930,-10.91113014,-37.06417815,208,2015-04-24 10:54:08
12931,-10.91113018,-37.06417815,208,2015-04-24 10:54:13
12932,-10.9111301,-37.06417819,208,2015-04-24 10:54:19
12933,-10.91113003,-37.06417818,208,2015-04-24 10:54:25
12934,-10.91113018,-37.06417821,208,2015-04-24 10:54:30
12935,-10.91121402,-37.06421624,208,2015-04-24 10:54:35
12936,-10.91152921,-37.06426605,208,2015-04-24 10:54:41
12937,-10.91195342,-37.06430617,208,2015-04-24 10:54:46
12938,-10.91243864,-37.06431631,208,2015-04-24 10:54:51
12939,-10.91301115,-37.06431624,208,2015-04-24 10:54:56
12940,-10.91373203,-37.06430726,208,2015-04-24 10:55:02
12941,-10.9143199,-37.06424356,208,2015-04-24 10:55:07
12942,-10.91526178,-37.06407409,208,2015-04-24 10:55:16
12943,-10.91568718,-37.06396253,208,2015-04-24 10:55:23
12944,-10.91601655,-37.06391468,208,2015-04-24 10:55:30
12945,-10.91614016,-37.06400304,208,2015-04-24 10:55:35
12946,-10.91613907,-37.06426894,208,2015-04-24 10:55:40
12947,-10.91611837,-37.0645705,208,2015-04-24 10:55:45
12948,-10.91620218,-37.06472138,208,2015-04-24 10:55:50
12949,-10.91657107,-37.064828799999994,208,2015-04-24 10:55:57
12950,-10.9170171,-37.06493571,208,2015-04-24 10:56:04
12951,-10.91728016,-37.06502682,208,2015-04-24 10:56:10
12952,-10.91734995,-37.06509569,208,2015-04-24 10:56:15
12953,-10.91735968,-37.06534346,208,2015-04-24 10:56:21
12954,-10.91731253,-37.06557038,208,2015-04-24 10:56:27
12955,-10.91730704,-37.06556575,208,2015-04-24 10:56:33
12956,-10.91730599,-37.06555167,208,2015-04-24 10:56:38
12957,-10.976083099999999,-37.04721543,209,2015-04-24 15:26:40
12958,-10.9758945,-37.04717744,209,2015-04-24 15:26:45
12959,-10.97589705,-37.04715803,209,2015-04-24 15:26:50
12960,-10.97584341,-37.04714258,209,2015-04-24 15:26:58
12961,-10.97585122,-37.04713536,209,2015-04-24 15:27:06
12962,-10.97585185,-37.04713526,209,2015-04-24 15:27:12
12963,-10.97585196,-37.04713503,209,2015-04-24 15:27:21
12964,-10.97585279,-37.04713763,209,2015-04-24 15:27:26
12965,-10.97585229,-37.04714193,209,2015-04-24 15:27:32
12966,-10.9758521,-37.04714205,209,2015-04-24 15:27:37
12967,-10.97585071,-37.0471516,209,2015-04-24 15:27:45
12968,-10.97585021,-37.04715682,209,2015-04-24 15:27:51
12969,-10.97585062,-37.04715756,209,2015-04-24 15:28:00
12970,-10.97585052,-37.04715879,209,2015-04-24 15:28:06
12971,-10.97585057,-37.04715926,209,2015-04-24 15:28:11
12972,-10.97585069,-37.04716022,209,2015-04-24 15:28:18
12973,-10.97585031,-37.0471601,209,2015-04-24 15:28:23
12974,-10.97584826,-37.04715626,209,2015-04-24 15:28:30
12975,-10.97584897,-37.04715664,209,2015-04-24 15:28:36
12976,-10.97584849,-37.04716233,209,2015-04-24 15:29:19
12977,-10.97584467,-37.04716212,209,2015-04-24 15:29:27
12978,-10.97584433,-37.04716249,209,2015-04-24 15:29:39
12979,-10.97584423,-37.04716248,209,2015-04-24 15:29:48
12980,-10.97584389,-37.04716281,209,2015-04-24 15:29:55
12981,-10.97584374,-37.0471631,209,2015-04-24 15:30:01
12982,-10.97584344,-37.04716323,209,2015-04-24 15:30:09
12983,-10.97584324,-37.04716318,209,2015-04-24 15:30:16
12984,-10.97584312,-37.04716344,209,2015-04-24 15:30:22
12985,-10.97584295,-37.04716354,209,2015-04-24 15:30:29
12986,-10.97584255,-37.04716527,209,2015-04-24 15:30:36
12987,-10.97584239,-37.04716699,209,2015-04-24 15:30:43
12988,-10.97584246,-37.04716781,209,2015-04-24 15:30:48
12989,-10.97584224,-37.04716849,209,2015-04-24 15:30:53
12990,-10.97584207,-37.0471689,209,2015-04-24 15:30:58
12991,-10.97584207,-37.04716897,209,2015-04-24 15:31:04
12992,-10.97584215,-37.04716904,209,2015-04-24 15:31:10
12993,-10.97584208,-37.04716915,209,2015-04-24 15:31:16
12994,-10.97584212,-37.04716939,209,2015-04-24 15:31:22
12995,-10.97584213,-37.0471696,209,2015-04-24 15:31:29
12996,-10.97584219,-37.04716985,209,2015-04-24 15:31:35
12997,-10.975842,-37.04717026,209,2015-04-24 15:31:41
12998,-10.97584164,-37.04717056,209,2015-04-24 15:31:50
12999,-10.97584169,-37.04717076,209,2015-04-24 15:31:55
13000,-10.975841800000001,-37.04717092,209,2015-04-24 15:32:01
13001,-10.97584171,-37.04717134,209,2015-04-24 15:32:06
13002,-10.97584166,-37.04717143,209,2015-04-24 15:32:13
13003,-10.97584152,-37.04717194,209,2015-04-24 15:32:18
13004,-10.97584075,-37.0471709,209,2015-04-24 15:32:27
13005,-10.97584049,-37.04717116,209,2015-04-24 15:32:34
13006,-10.97584024,-37.04717120000001,209,2015-04-24 15:32:40
13007,-10.97584015,-37.04717108,209,2015-04-24 15:32:46
13008,-10.9758401,-37.04717103,209,2015-04-24 15:32:51
13009,-10.97583993,-37.04717085,209,2015-04-24 15:32:56
13010,-10.97584008,-37.04717088,209,2015-04-24 15:33:03
13011,-10.97583997,-37.04717079,209,2015-04-24 15:33:11
13012,-10.97583954,-37.04717068,209,2015-04-24 15:33:19
13013,-10.97583886,-37.04717056,209,2015-04-24 15:33:29
13014,-10.97583865,-37.04717082,209,2015-04-24 15:33:38
13015,-10.97583851,-37.04717059,209,2015-04-24 15:35:42
13016,-10.97583868,-37.04717059,209,2015-04-24 15:35:49
13017,-10.97583861,-37.04717069,209,2015-04-24 15:35:54
13018,-10.97583829,-37.04717082,209,2015-04-24 15:36:00
13019,-10.97583831,-37.047170799999996,209,2015-04-24 15:36:05
13020,-10.97583828,-37.04717076,209,2015-04-24 15:36:14
13021,-10.97583828,-37.04717073,209,2015-04-24 15:36:25
13022,-10.97583829,-37.04717067,209,2015-04-24 15:36:31
13023,-10.97583829,-37.04717067,209,2015-04-24 15:36:37
13024,-10.9758383,-37.04717067,209,2015-04-24 15:36:42
13025,-10.97583832,-37.0471706,209,2015-04-24 15:36:48
13026,-10.9758383,-37.04717056,209,2015-04-24 15:36:55
13027,-10.9758383,-37.04717057,209,2015-04-24 15:37:00
13028,-10.9758383,-37.04717055,209,2015-04-24 15:37:07
13029,-10.97583831,-37.04717054,209,2015-04-24 15:37:13
13030,-10.97583832,-37.04717053,209,2015-04-24 15:37:20
13031,-10.97583831,-37.04717057,209,2015-04-24 15:37:28
13032,-10.97583832,-37.04717058,209,2015-04-24 15:37:35
13033,-10.97583831,-37.04717058,209,2015-04-24 15:37:43
13034,-10.97583832,-37.0471706,209,2015-04-24 15:37:49
13035,-10.97583833,-37.0471706,209,2015-04-24 15:37:55
13036,-10.97583835,-37.04717058,209,2015-04-24 15:38:28
13037,-10.97583838,-37.0471706,209,2015-04-24 15:38:34
13038,-10.97583835,-37.04717058,209,2015-04-24 15:38:40
13039,-10.93175304,-37.04802048,210,2015-04-29 10:15:23
13040,-10.93310518,-37.04938558,210,2015-04-29 10:15:40
13041,-10.93361289,-37.04976637,210,2015-04-29 10:15:53
13042,-10.93368419,-37.049855900000004,210,2015-04-29 10:16:05
13043,-10.93443374,-37.05003281,210,2015-04-29 10:16:23
13044,-10.93440267,-37.05011141,210,2015-04-29 10:17:06
13045,-10.93547,-37.05030184,210,2015-04-29 10:17:22
13046,-10.93665663,-37.05052335,210,2015-04-29 10:17:32
13047,-10.93890427,-37.05063215,210,2015-04-29 10:17:48
13048,-10.94038826,-37.05073222,210,2015-04-29 10:18:01
13049,-10.94119006,-37.05074789,210,2015-04-29 10:18:13
13050,-10.94139896,-37.05023793,210,2015-04-29 10:18:26
13051,-10.94189958,-37.0494126,210,2015-04-29 10:18:36
13052,-10.94274647,-37.04828018,210,2015-04-29 10:18:48
13053,-10.94383988,-37.04719935,210,2015-04-29 10:18:59
13054,-10.9447683,-37.04676156,210,2015-04-29 10:19:45
13055,-10.94591269,-37.04599668,210,2015-04-29 10:20:00
13056,-10.94735142,-37.04558769,210,2015-04-29 10:20:12
13057,-10.94903307,-37.04547665,210,2015-04-29 10:20:25
13058,-10.95057952,-37.0454934,210,2015-04-29 10:20:37
13059,-10.95201555,-37.04565656,210,2015-04-29 10:20:47
13060,-10.95442154,-37.04529952,210,2015-04-29 10:21:08
13061,-10.95546811,-37.04577833,210,2015-04-29 10:21:25
13062,-10.95643718,-37.04537881,210,2015-04-29 10:21:37
13063,-10.95643636,-37.04536671,210,2015-04-29 10:21:51
13064,-10.95659382,-37.04527841,210,2015-04-29 10:22:07
13065,-10.95769769,-37.04476383,210,2015-04-29 10:22:20
13066,-10.95899724,-37.04425613,210,2015-04-29 10:22:31
13067,-10.96068917,-37.04340314,210,2015-04-29 10:22:45
13068,-10.96083586,-37.04334494,210,2015-04-29 10:22:56
13069,-10.96117499,-37.04314336,210,2015-04-29 10:23:07
13070,-10.96246588,-37.04266283,210,2015-04-29 10:23:21
13071,-10.96386455,-37.04227116,210,2015-04-29 10:23:32
13072,-10.96552515,-37.04252413,210,2015-04-29 10:23:43
13073,-10.96635858,-37.0425307,210,2015-04-29 10:23:53
13074,-10.96663317,-37.04262503,210,2015-04-29 10:24:04
13075,-10.96766349,-37.04180524,210,2015-04-29 10:24:37
13076,-10.967646400000001,-37.04175465,210,2015-04-29 10:24:49
13077,-10.96769528,-37.04177608,210,2015-04-29 10:25:07
13078,-10.96769502,-37.04177623,210,2015-04-29 10:25:17
13079,-10.96769571,-37.0417775,210,2015-04-29 10:25:30
13080,-10.96771551,-37.04169105,210,2015-04-29 10:25:40
13081,-10.96885595,-37.04165517,210,2015-04-29 10:25:55
13082,-10.97057193,-37.0421256,210,2015-04-29 10:26:09
13083,-10.97102095,-37.04222076,210,2015-04-29 10:26:22
13084,-10.97102369,-37.04222018,210,2015-04-29 10:26:32
13085,-10.97196032,-37.04239885,210,2015-04-29 10:26:43
13086,-10.97293116,-37.04261881,210,2015-04-29 10:26:56
13087,-10.97337501,-37.04271068,210,2015-04-29 10:27:07
13088,-10.97351057,-37.04273679999999,210,2015-04-29 10:27:18
13089,-10.97462055,-37.04308332,210,2015-04-29 10:27:31
13090,-10.97515793,-37.04321851,210,2015-04-29 10:27:42
13091,-10.97559434,-37.04325541,210,2015-04-29 10:27:53
13092,-10.97661887,-37.04343065,210,2015-04-29 10:28:04
13093,-10.97808902,-37.04373066,210,2015-04-29 10:28:15
13094,-10.97927548,-37.04408317,210,2015-04-29 10:28:29
13095,-10.97909414,-37.04461320000001,210,2015-04-29 10:28:41
13096,-10.97900033,-37.04459733,210,2015-04-29 10:28:51
13097,-10.97895496,-37.04497125,210,2015-04-29 10:29:01
13098,-10.97874901,-37.04728007,210,2015-04-29 10:29:41
13099,-10.97894744,-37.04721916,210,2015-04-29 10:29:52
13100,-10.97929989,-37.04452884,248,2015-05-05 05:00:41
13101,-10.97658021,-37.04353936,248,2015-05-05 05:01:15
13102,-10.97519743,-37.04311005,248,2015-05-05 05:01:25
13103,-10.97393691,-37.0428849,248,2015-05-05 05:01:35
13104,-10.97301225,-37.04273272,248,2015-05-05 05:01:47
13105,-10.97258856,-37.04263139,248,2015-05-05 05:01:57
13106,-10.97186865,-37.04246261,248,2015-05-05 05:02:07
13107,-10.97104314,-37.04226149,248,2015-05-05 05:02:18
13108,-10.97066926,-37.04213008,248,2015-05-05 05:02:30
13109,-10.96949083,-37.04187337,248,2015-05-05 05:02:42
13110,-10.96814591,-37.04158198,248,2015-05-05 05:02:55
13111,-10.96813593,-37.04156931,248,2015-05-05 05:03:05
13112,-10.96814302,-37.04156164,248,2015-05-05 05:03:15
13113,-10.96814591,-37.04156389,248,2015-05-05 05:03:27
13114,-10.96814535,-37.04156378,248,2015-05-05 05:03:41
13115,-10.96814511,-37.04156354,248,2015-05-05 05:03:52
13116,-10.96814514,-37.04156362,248,2015-05-05 05:04:03
13117,-10.96722459,-37.04136844,248,2015-05-05 05:04:14
13118,-10.9669229,-37.04128277,248,2015-05-05 05:04:25
13119,-10.96635577,-37.04110489,248,2015-05-05 05:04:36
13120,-10.96498406,-37.04086569,248,2015-05-05 05:04:47
13121,-10.96350041,-37.04098243,248,2015-05-05 05:04:57
13122,-10.96195371,-37.04154961,248,2015-05-05 05:05:08
13123,-10.96057246,-37.04214837,248,2015-05-05 05:05:18
13124,-10.95946614,-37.04260397,248,2015-05-05 05:05:31
13125,-10.95541489,-37.04455238,248,2015-05-05 05:06:29
13126,-10.95533618,-37.04449019,248,2015-05-05 05:06:40
13127,-10.95478425,-37.04467582,248,2015-05-05 05:06:50
13128,-10.95277371,-37.04530172,248,2015-05-05 05:07:07
13129,-10.95150612,-37.04542945,248,2015-05-05 05:07:17
13130,-10.94998794,-37.04520674,248,2015-05-05 05:07:28
13131,-10.94803313,-37.04538986,248,2015-05-05 05:07:42
13132,-10.94622658,-37.04560663,248,2015-05-05 05:07:54
13133,-10.94490924,-37.04611962,248,2015-05-05 05:08:04
13134,-10.94418122,-37.04672,248,2015-05-05 05:08:14
13135,-10.94390183,-37.04696715,248,2015-05-05 05:08:29
13136,-10.94328037,-37.04752048,248,2015-05-05 05:08:40
13137,-10.94275518,-37.04807844,248,2015-05-05 05:08:55
13138,-10.94270949,-37.04816856,248,2015-05-05 05:09:05
13139,-10.9427453,-37.04817439,248,2015-05-05 05:09:15
13140,-10.9427454,-37.04817265,248,2015-05-05 05:09:26
13141,-10.94274567,-37.04817339,248,2015-05-05 05:09:37
13142,-10.94274616,-37.04817203,248,2015-05-05 05:09:49
13143,-10.94272509,-37.04820017,248,2015-05-05 05:10:00
13144,-10.94223504,-37.04881741,248,2015-05-05 05:10:13
13145,-10.94167915,-37.04953655,248,2015-05-05 05:10:23
13146,-10.94093036,-37.05029812,248,2015-05-05 05:10:33
13147,-10.93868299,-37.05031003,248,2015-05-05 05:11:40
13148,-10.9378569,-37.05027946,248,2015-05-05 05:12:17
13149,-10.93761618,-37.05036667,248,2015-05-05 05:12:27
13150,-10.93775963,-37.05057104,248,2015-05-05 05:12:38
13151,-10.93667772,-37.05039033,248,2015-05-05 05:12:49
13152,-10.93563383,-37.05036655,248,2015-05-05 05:13:00
13153,-10.93451153,-37.05008217,248,2015-05-05 05:13:12
13154,-10.93371752,-37.04957375,248,2015-05-05 05:13:24
13155,-10.9333028,-37.04930854,248,2015-05-05 05:13:34
13156,-10.93273956,-37.04878036,248,2015-05-05 05:13:49
13157,-10.93230572,-37.04836483,248,2015-05-05 05:13:59
13158,-10.9321408,-37.04822842,248,2015-05-05 05:14:09
13159,-10.93182065,-37.04788712,248,2015-05-05 05:14:20
13160,-10.93145097,-37.04753149,248,2015-05-05 05:14:30
13161,-10.9307923,-37.04669943,248,2015-05-05 05:14:43
13162,-10.92993044,-37.04565184,248,2015-05-05 05:14:54
13163,-10.928996000000001,-37.04440175,248,2015-05-05 05:15:06
13164,-10.92807512,-37.04331685,248,2015-05-05 05:15:17
13165,-10.92732359,-37.04326621,248,2015-05-05 05:15:27
13166,-10.92492238,-37.04380071,248,2015-05-05 05:16:22
13167,-10.92439036,-37.04378578,248,2015-05-05 05:16:33
13168,-10.92437636,-37.0438499,248,2015-05-05 05:16:45
13169,-10.92409102,-37.04403095,248,2015-05-05 05:16:59
13170,-10.92389206,-37.04413707,248,2015-05-05 05:17:10
13171,-10.92384147,-37.04447989,248,2015-05-05 05:17:28
13172,-10.92374321,-37.04460367,248,2015-05-05 05:17:38
13173,-10.93048868,-37.04647413,32446,2015-05-06 10:04:25
13174,-10.93144973,-37.04737111,32446,2015-05-06 10:04:39
13175,-10.93196902,-37.04799162,32446,2015-05-06 10:04:50
13176,-10.93267976,-37.0487798,32446,2015-05-06 10:05:01
13177,-10.93336673,-37.04945492,32446,2015-05-06 10:05:19
13178,-10.93371325,-37.04981733,32446,2015-05-06 10:05:31
13179,-10.93448641,-37.05005857,32446,2015-05-06 10:05:49
13180,-10.93454073,-37.04997912,32446,2015-05-06 10:05:59
13181,-10.93451588,-37.05003329,32446,2015-05-06 10:06:09
13182,-10.9345423,-37.05006437,32446,2015-05-06 10:06:21
13183,-10.93456506,-37.05003457,32446,2015-05-06 10:06:56
13184,-10.93557429,-37.05030234,32446,2015-05-06 10:07:06
13185,-10.93673335,-37.05045345,32446,2015-05-06 10:07:16
13186,-10.93710494,-37.05060102,32446,2015-05-06 10:07:40
13187,-10.93778175,-37.05060222,32446,2015-05-06 10:07:52
13188,-10.94159201,-37.04993135,32446,2015-05-06 10:09:17
13189,-10.94219156,-37.04922105,32446,2015-05-06 10:09:27
13190,-10.94336689,-37.04775356,32446,2015-05-06 10:09:44
13191,-10.9442632,-37.04683412,32446,2015-05-06 10:09:55
13192,-10.94437398,-37.0467745,32446,2015-05-06 10:10:08
13193,-10.94438829,-37.04681974,32446,2015-05-06 10:10:19
13194,-10.94479478,-37.04656781,32446,2015-05-06 10:10:29
13195,-10.94542849,-37.04617779,32446,2015-05-06 10:10:41
13196,-10.94542285,-37.046205799999996,32446,2015-05-06 10:10:52
13197,-10.94539384,-37.046201399999994,32446,2015-05-06 10:11:03
13198,-10.94598597,-37.04600551,32446,2015-05-06 10:11:17
13199,-10.94744646,-37.045615399999996,32446,2015-05-06 10:11:30
13200,-10.94867895,-37.04547947,32446,2015-05-06 10:11:40
13201,-10.95010183,-37.04547922,32446,2015-05-06 10:11:51
13202,-10.95160577,-37.04579273,32446,2015-05-06 10:12:02
13203,-10.9531899,-37.04540852,32446,2015-05-06 10:12:13
13204,-10.95416834,-37.04518727,32446,2015-05-06 10:12:23
13205,-10.95480956,-37.04601843,32446,2015-05-06 10:12:37
13206,-10.95634955,-37.04537697,32446,2015-05-06 10:12:52
13207,-10.96197916,-37.04282411,32446,2015-05-06 10:14:06
13208,-10.963417100000001,-37.04233547,32446,2015-05-06 10:14:18
13209,-10.96378059,-37.04242909,32446,2015-05-06 10:14:29
13210,-10.96427624,-37.04232782,32446,2015-05-06 10:14:39
13211,-10.96524569,-37.04239771,32446,2015-05-06 10:14:49
13212,-10.96627983,-37.04253124,32446,2015-05-06 10:15:00
13213,-10.96627679,-37.04255835,32446,2015-05-06 10:15:10
13214,-10.96700407,-37.04291424,32446,2015-05-06 10:15:23
13215,-10.96722437,-37.04297287,32446,2015-05-06 10:15:33
13216,-10.96749568,-37.04255989,32446,2015-05-06 10:15:44
13217,-10.96766175,-37.04175878,32446,2015-05-06 10:16:10
13218,-10.96764423,-37.04171509,32446,2015-05-06 10:16:21
13219,-10.96774471,-37.04156872,32446,2015-05-06 10:16:33
13220,-10.96776304,-37.04165778,32446,2015-05-06 10:16:44
13221,-10.96775815,-37.0416645,32446,2015-05-06 10:16:59
13222,-10.96775317,-37.0416636,32446,2015-05-06 10:17:09
13223,-10.9679536,-37.04165368,32446,2015-05-06 10:17:19
13224,-10.96983762,-37.04201057,32446,2015-05-06 10:17:35
13225,-10.97099787,-37.04230589,32446,2015-05-06 10:17:49
13226,-10.97430485,-37.04312975,32446,2015-05-06 10:19:04
13227,-10.9749042,-37.04354865,32446,2015-05-06 10:19:14
13228,-10.97516631,-37.04324123,32446,2015-05-06 10:19:25
13229,-10.97564271,-37.04331479,32446,2015-05-06 10:19:37
13230,-10.97675132,-37.04353913,32446,2015-05-06 10:19:48
13231,-10.97922092,-37.04416391,32446,2015-05-06 10:20:09
13232,-10.97897595,-37.04449564,32446,2015-05-06 10:20:26
13233,-10.97893795,-37.04505435,32446,2015-05-06 10:20:47
13234,-10.97859601,-37.04574962,32446,2015-05-06 10:20:57
13235,-10.97856872,-37.04685233,32446,2015-05-06 10:21:08
13236,-10.97888658,-37.04717829,32446,2015-05-06 10:21:20
13237,-10.97887015,-37.04730602,32446,2015-05-06 10:21:30
13303,-10.92352191,-37.04463536,37945,2015-05-08 09:44:40
13304,-10.92382349,-37.04432185,37945,2015-05-08 09:44:50
13305,-10.92507211,-37.04391205,37945,2015-05-08 09:45:05
13306,-10.92568137,-37.04361548,37945,2015-05-08 09:45:16
13307,-10.92833962,-37.04338047,37945,2015-05-08 09:45:44
13308,-10.92923526,-37.04466711,37945,2015-05-08 09:45:55
13309,-10.93007826,-37.04582255,37945,2015-05-08 09:46:07
13310,-10.930467,-37.04639344,37945,2015-05-08 09:46:17
13311,-10.93099002,-37.04702995,37945,2015-05-08 09:46:29
13312,-10.9318273,-37.04782767,37945,2015-05-08 09:46:45
13313,-10.93199989,-37.04781257,37945,2015-05-08 09:46:57
13314,-10.93280446,-37.04868243,37945,2015-05-08 09:47:13
13315,-10.93331304,-37.04922444,37945,2015-05-08 09:47:25
13316,-10.93348009,-37.04944294,37945,2015-05-08 09:47:36
13317,-10.93366675,-37.04949094,37945,2015-05-08 09:47:47
13318,-10.93367559,-37.04949127,37945,2015-05-08 09:47:57
13319,-10.93363788,-37.04953772,37945,2015-05-08 09:48:11
13320,-10.93363753,-37.04953739,37945,2015-05-08 09:48:21
13321,-10.93365539,-37.04955735,37945,2015-05-08 09:48:31
13322,-10.93475908,-37.05003423,37945,2015-05-08 09:48:43
13323,-10.93579268,-37.05031854,37945,2015-05-08 09:48:54
13324,-10.93667461,-37.05047181,37945,2015-05-08 09:49:04
13325,-10.93995446,-37.05120594,37945,2015-05-08 09:50:31
13326,-10.94410254,-37.0475349,37945,2015-05-08 09:51:43
13327,-10.94427202,-37.04682901,37945,2015-05-08 09:51:53
13328,-10.94427892,-37.04686904,37945,2015-05-08 09:52:03
13329,-10.9443796,-37.04640439,37945,2015-05-08 09:52:25
13330,-10.94523671,-37.046214,37945,2015-05-08 09:52:35
13331,-10.94548031,-37.04613924,37945,2015-05-08 09:52:45
13332,-10.94593643,-37.045917700000004,37945,2015-05-08 09:53:02
13333,-10.95061673,-37.04552774,37945,2015-05-08 09:53:34
13334,-10.95236355,-37.04557375,37945,2015-05-08 09:53:45
13335,-10.95369467,-37.04530944,37945,2015-05-08 09:53:55
13336,-10.95484637,-37.04599949,37945,2015-05-08 09:54:16
13337,-10.95582981,-37.0455476,37945,2015-05-08 09:54:27
13338,-10.95697848,-37.04501656,37945,2015-05-08 09:54:38
13339,-10.95863728,-37.04425935,37945,2015-05-08 09:54:52
13340,-10.96023058,-37.04349676,37945,2015-05-08 09:55:03
13341,-10.96162531,-37.04284376,37945,2015-05-08 09:55:13
13342,-10.96304232,-37.04234843,37945,2015-05-08 09:55:24
13343,-10.96679686,-37.04273722,37945,2015-05-08 09:56:18
13344,-10.96720888,-37.04291744,37945,2015-05-08 09:56:31
13345,-10.96753429,-37.04271317,37945,2015-05-08 09:56:42
13346,-10.96768345,-37.04206738,37945,2015-05-08 09:56:52
13347,-10.96778143,-37.04176726,37945,2015-05-08 09:57:04
13348,-10.96830922,-37.04142838,37945,2015-05-08 09:57:16
13349,-10.96936506,-37.04189721,37945,2015-05-08 09:57:27
13350,-10.97098845,-37.04225239,37945,2015-05-08 09:57:41
13351,-10.97106518,-37.04217152,37945,2015-05-08 09:57:51
13352,-10.97135406,-37.0422308,37945,2015-05-08 09:58:01
13353,-10.97263488,-37.04243557,37945,2015-05-08 09:58:15
13354,-10.97326693,-37.04247606,37945,2015-05-08 09:58:26
13355,-10.97366471,-37.04274451,37945,2015-05-08 09:58:36
13356,-10.97376662,-37.04288442,37945,2015-05-08 09:58:49
13357,-10.97468607,-37.0430797,37945,2015-05-08 09:59:00
13358,-10.97520532,-37.04304308,37945,2015-05-08 09:59:11
13359,-10.97535353,-37.04316108,37945,2015-05-08 09:59:23
13360,-10.976077499999999,-37.04339914,37945,2015-05-08 09:59:33
13361,-10.97810557,-37.04373466,37945,2015-05-08 09:59:48
13362,-10.97907017,-37.04400877,37945,2015-05-08 09:59:58
13363,-10.97908715,-37.04464263,37945,2015-05-08 10:00:09
13364,-10.97881736,-37.0458231,37945,2015-05-08 10:00:20
13365,-10.97850357,-37.04741578,37945,2015-05-08 10:01:39
13366,-10.97855659,-37.04750795,37945,2015-05-08 10:01:49
13367,-10.97846254,-37.04770024,37945,2015-05-08 10:02:04
13368,-10.97828799,-37.04781961,37945,2015-05-08 10:02:17
13369,-10.97820089,-37.04781259,37945,2015-05-08 10:02:27
13370,-10.97807844,-37.04782444,37945,2015-05-08 10:02:38
13371,-10.97795522,-37.04772535,37945,2015-05-08 10:02:49
13372,-10.97783817,-37.0476758,37945,2015-05-08 10:02:59
13373,-10.97773595,-37.04760111,37945,2015-05-08 10:03:09
13374,-10.97761568,-37.04754732,37945,2015-05-08 10:03:19
13375,-10.97744864,-37.0475558,37945,2015-05-08 10:03:29
13376,-10.97730577,-37.04751175,37945,2015-05-08 10:03:40
13377,-10.97714195,-37.04750332,37945,2015-05-08 10:03:53
13378,-10.97692709,-37.04747466,37945,2015-05-08 10:04:11
13379,-10.97681933,-37.04754843,37945,2015-05-08 10:04:22
13380,-10.97673015,-37.04751549,37945,2015-05-08 10:04:32
13381,-10.97662687,-37.04753587,37945,2015-05-08 10:04:43
13382,-10.97649826,-37.04749006,37945,2015-05-08 10:04:54
13383,-10.97635182,-37.04746827,37945,2015-05-08 10:05:04
13384,-10.97625471,-37.04737243,37945,2015-05-08 10:05:14
13385,-10.97610406,-37.04732082,37945,2015-05-08 10:05:28
13387,-10.89694361,-37.05344598,37949,2015-05-09 10:18:09
13388,-10.89685386,-37.05347849,37949,2015-05-09 10:18:19
13389,-10.89688161,-37.05345579,37949,2015-05-09 10:18:32
13390,-10.89687928,-37.05345921,37949,2015-05-09 10:18:45
13391,-10.95870477,-37.04433478,37951,2015-05-12 12:33:05
13393,-10.95930321,-37.04330319,37951,2015-05-12 12:33:15
13395,-10.96075596,-37.04335144,37951,2015-05-12 12:33:29
13397,-10.96225189,-37.04271389,37951,2015-05-12 12:33:55
13399,-10.96422498,-37.042282,37951,2015-05-12 12:34:29
13401,-10.96497731,-37.04229824,37951,2015-05-12 12:34:39
13403,-10.96653623,-37.04270866,37951,2015-05-12 12:34:59
13405,-10.967216,-37.04288773,37951,2015-05-12 12:35:25
13407,-10.96720223,-37.04287,37951,2015-05-12 12:35:38
13409,-10.96733807,-37.04341047,37951,2015-05-12 12:35:50
13411,-10.96722898,-37.04367688,37951,2015-05-12 12:36:01
13413,-10.96731743,-37.04412279,37951,2015-05-12 12:36:19
13415,-10.96719084,-37.04450566,37951,2015-05-12 12:36:29
13417,-10.96755084,-37.04452857,37951,2015-05-12 12:36:42
13419,-10.96837128,-37.04472668,37951,2015-05-12 12:36:52
13421,-10.96936207,-37.04490542,37951,2015-05-12 12:37:07
13423,-10.97002354,-37.045074299999996,37951,2015-05-12 12:37:37
13425,-10.97068034,-37.04516365,37951,2015-05-12 12:37:49
13427,-10.97150798,-37.04543987,37951,2015-05-12 12:38:03
13429,-10.97140646,-37.04540576,37951,2015-05-12 12:38:16
13431,-10.97187755,-37.04554394,37951,2015-05-12 12:38:27
13433,-10.97264981,-37.04572768,37951,2015-05-12 12:38:37
13435,-10.9730192,-37.04583078,37951,2015-05-12 12:38:53
13437,-10.97330364,-37.04590326,37951,2015-05-12 12:39:03
13439,-10.97412779,-37.04602504,37951,2015-05-12 12:39:15
13441,-10.9755136,-37.04635973,37951,2015-05-12 12:39:30
13443,-10.97559252,-37.04640369,37951,2015-05-12 12:39:42
13445,-10.97566788,-37.04656025,37951,2015-05-12 12:39:53
13447,-10.97568943,-37.04667723,37951,2015-05-12 12:40:06
13449,-10.91846879,-37.05232455,37953,2015-05-14 10:08:06
13450,-10.91847489,-37.05362699,37953,2015-05-14 10:08:15
13451,-10.91841049,-37.05484777,37953,2015-05-14 10:08:28
13452,-10.91856923,-37.05474183,37953,2015-05-14 10:08:46
13453,-10.9184778,-37.05492384,37953,2015-05-14 10:08:59
13454,-10.91844337,-37.05482512,37953,2015-05-14 10:09:11
13455,-10.91774549,-37.05613647,37953,2015-05-14 10:10:18
13456,-10.91771509,-37.0563276,37953,2015-05-14 10:10:29
13457,-10.91784786,-37.0564571,37953,2015-05-14 10:10:40
13458,-10.91860308,-37.05804562,37953,2015-05-14 10:11:29
13459,-10.91860876,-37.05892544,37953,2015-05-14 10:11:39
13460,-10.91857469,-37.06030363,37953,2015-05-14 10:11:49
13461,-10.91870303,-37.0618861,37953,2015-05-14 10:12:00
13462,-10.91844615,-37.06308657,37953,2015-05-14 10:12:33
13463,-10.91841951,-37.06312698,37953,2015-05-14 10:12:45
13464,-10.91843412,-37.06312064,37953,2015-05-14 10:12:55
13465,-10.91848329,-37.06309531,37953,2015-05-14 10:13:18
13466,-10.91881825,-37.06694364,37953,2015-05-14 10:13:57
13467,-10.91859651,-37.06858583,37953,2015-05-14 10:14:29
13468,-10.9186513,-37.06856573,37953,2015-05-14 10:14:43
13469,-10.91865908,-37.06853253,37953,2015-05-14 10:14:57
13470,-10.91865671,-37.06852827,37953,2015-05-14 10:15:08
13471,-10.91865639,-37.0685254,37953,2015-05-14 10:15:19
13472,-10.9188271,-37.06912020000001,37953,2015-05-14 10:15:29
13473,-10.91868731,-37.069831,37953,2015-05-14 10:15:39
13474,-10.91851368,-37.07051376,37953,2015-05-14 10:15:50
13475,-10.91842295,-37.07129512,37953,2015-05-14 10:16:03
13476,-10.91847306,-37.07217821,37953,2015-05-14 10:16:14
13477,-10.91840256,-37.07293417,37953,2015-05-14 10:16:25
13478,-10.91834894,-37.07375642,37953,2015-05-14 10:16:35
13479,-10.91834514,-37.07405027,37953,2015-05-14 10:16:46
13480,-10.91830096,-37.07471395,37953,2015-05-14 10:16:58
13481,-10.91839311,-37.07552546,37953,2015-05-14 10:17:10
13482,-10.918424900000002,-37.0768073,37953,2015-05-14 10:17:20
13483,-10.9185914,-37.078714700000006,37953,2015-05-14 10:17:34
13484,-10.91868218,-37.08020652,37953,2015-05-14 10:17:46
13485,-10.918769699999999,-37.08174688,37953,2015-05-14 10:17:57
13486,-10.9189467,-37.08332791,37953,2015-05-14 10:18:07
13487,-10.91919019,-37.08549299,37953,2015-05-14 10:18:19
13488,-10.92004327,-37.087779299999994,37953,2015-05-14 10:18:34
13489,-10.92031567,-37.08853832,37953,2015-05-14 10:18:45
13490,-10.92030271,-37.08936701,37953,2015-05-14 10:18:57
13491,-10.92087448,-37.09006103,37953,2015-05-14 10:19:08
13492,-10.92112818,-37.09053849,37953,2015-05-14 10:19:19
13493,-10.92153224,-37.09157524,37953,2015-05-14 10:19:31
13494,-10.92178544,-37.09238951,37953,2015-05-14 10:19:44
13495,-10.92184905,-37.09280755,37953,2015-05-14 10:19:55
13496,-10.92195874,-37.09315286,37953,2015-05-14 10:20:06
13497,-10.92212109,-37.09352838,37953,2015-05-14 10:20:16
13498,-10.92217995,-37.0936991,37953,2015-05-14 10:20:27
13499,-10.92225074,-37.093898700000004,37953,2015-05-14 10:20:42
13500,-10.92249564,-37.09445858,37953,2015-05-14 10:20:52
13501,-10.92277933,-37.09571492,37953,2015-05-14 10:21:03
13502,-10.92246785,-37.09719653,37953,2015-05-14 10:21:13
13503,-10.92141575,-37.09980888,37953,2015-05-14 10:21:32
13504,-10.9213191,-37.10035286,37953,2015-05-14 10:21:43
13505,-10.92131296,-37.10099163,37953,2015-05-14 10:21:56
13506,-10.92131555,-37.10225592,37953,2015-05-14 10:22:07
13507,-10.92131225,-37.10368989,37953,2015-05-14 10:22:18
13508,-10.92120389,-37.10506536,37953,2015-05-14 10:22:29
13509,-10.92240067,-37.105188899999995,37953,2015-05-14 10:22:39
13510,-10.92371104,-37.10518756,37953,2015-05-14 10:22:49
13511,-10.92378791,-37.10515049,37953,2015-05-14 10:23:00
13512,-10.92378622,-37.10517332,37953,2015-05-14 10:23:12
13513,-10.92378853,-37.10516868,37953,2015-05-14 10:23:23
13514,-10.92397193,-37.10499617,37953,2015-05-14 10:23:34
13515,-10.92458522,-37.10471766,37953,2015-05-14 10:23:46
13516,-10.92467186,-37.10472906,37953,2015-05-14 10:23:58
13517,-10.92491221,-37.10470015,37953,2015-05-14 10:24:13
13518,-10.92504224,-37.104755499999996,37953,2015-05-14 10:24:23
13519,-10.92515003,-37.10489118,37953,2015-05-14 10:24:35
13520,-10.92530781,-37.104779,37953,2015-05-14 10:24:45
13521,-10.92529266,-37.10469528,37953,2015-05-14 10:24:57
13522,-10.92529799,-37.10450457,37953,2015-05-14 10:25:09
13523,-10.9253305,-37.10436856,37953,2015-05-14 10:25:19
13524,-10.92535704,-37.10423291,37953,2015-05-14 10:25:29
13525,-10.92541579,-37.10406073,37953,2015-05-14 10:25:39
13526,-10.92548818,-37.10390397,37953,2015-05-14 10:25:51
13527,-10.92562746,-37.10381622,37953,2015-05-14 10:26:03
13528,-10.92582533,-37.10380848,37953,2015-05-14 10:26:15
13529,-10.92592645,-37.10368716,37953,2015-05-14 10:26:26
13530,-10.92597094,-37.10349511,37953,2015-05-14 10:26:37
13531,-10.92601905,-37.10328312,37953,2015-05-14 10:26:47
13532,-10.926005400000001,-37.10313992,37953,2015-05-14 10:26:57
13533,-10.92612047,-37.10300584,37953,2015-05-14 10:27:08
13534,-10.92618063,-37.10282878,37953,2015-05-14 10:27:19
13535,-10.92616008,-37.10265139,37953,2015-05-14 10:27:33
13536,-10.92614236,-37.10254778,37953,2015-05-14 10:27:43
13537,-10.92623273,-37.10237615,37953,2015-05-14 10:27:55
13538,-10.9263487,-37.10220208,37953,2015-05-14 10:28:05
13539,-10.92646269,-37.10206309,37953,2015-05-14 10:28:18
13540,-10.92653568,-37.10201156,37953,2015-05-14 10:28:28
13541,-10.92651531,-37.10202823,37953,2015-05-14 10:28:38
13542,-10.92651798,-37.10203077,37953,2015-05-14 10:28:48
13543,-10.92651866,-37.10203124,37953,2015-05-14 10:29:33
13544,-10.92652033,-37.10203748,37953,2015-05-14 10:29:43
13545,-10.92651759,-37.10219781,37953,2015-05-14 10:29:53
13546,-10.92651631,-37.10228318,37953,2015-05-14 10:30:03
13547,-10.92656723,-37.10229153,37953,2015-05-14 10:30:14
13548,-10.92661089,-37.10231308,37953,2015-05-14 10:30:24
13549,-10.92662381,-37.10231668,37953,2015-05-14 10:30:34
13550,-10.92662506,-37.1023168,37953,2015-05-14 10:30:47
13551,-10.92662572,-37.10231703,37953,2015-05-14 10:30:57
13552,-10.92662605,-37.10231694,37953,2015-05-14 10:31:11
13553,-10.92662597,-37.10231693,37953,2015-05-14 10:31:21
13554,-10.92661814,-37.10231013,37953,2015-05-14 10:31:56
13555,-10.92661819,-37.10230957,37953,2015-05-14 10:32:07
13663,-10.92275609,-37.08161865,37955,2015-05-14 13:04:39
13664,-10.92315846,-37.08128867,37955,2015-05-14 13:04:50
13665,-10.92344417,-37.08115114,37955,2015-05-14 13:05:08
13666,-10.92445313,-37.08073466,37955,2015-05-14 13:05:20
13667,-10.92490449,-37.08063911,37955,2015-05-14 13:05:38
13668,-10.9249054,-37.08063486,37955,2015-05-14 13:05:50
13669,-10.92497104,-37.08056299,37955,2015-05-14 13:06:03
13670,-10.92503375,-37.08065356,37955,2015-05-14 13:06:14
13671,-10.92546665,-37.08070111,37955,2015-05-14 13:06:29
13672,-10.92550772,-37.0806169,37955,2015-05-14 13:06:40
13673,-10.92574353,-37.08054311,37955,2015-05-14 13:06:52
13674,-10.92679884,-37.08050395,37955,2015-05-14 13:07:05
13675,-10.92756097,-37.08081849,37955,2015-05-14 13:07:15
13676,-10.92766884,-37.08075658,37955,2015-05-14 13:07:26
13677,-10.92834056,-37.08102465,37955,2015-05-14 13:07:41
13678,-10.92891005,-37.08112846,37955,2015-05-14 13:07:51
13679,-10.92979156,-37.08154547,37955,2015-05-14 13:08:02
13680,-10.93084327,-37.08194653,37955,2015-05-14 13:08:15
13681,-10.93212389,-37.08245451,37955,2015-05-14 13:08:25
13682,-10.93347578,-37.08291551,37955,2015-05-14 13:08:37
13683,-10.93434422,-37.08299762,37955,2015-05-14 13:08:47
13684,-10.93454706,-37.08309935,37955,2015-05-14 13:08:58
13685,-10.93482855,-37.08321218,37955,2015-05-14 13:09:13
13686,-10.93591478,-37.08313388,37955,2015-05-14 13:09:28
13687,-10.93687485,-37.08281053,37955,2015-05-14 13:09:40
13688,-10.93697084,-37.08275452,37955,2015-05-14 13:09:52
13689,-10.937323300000001,-37.08262303,37955,2015-05-14 13:10:05
13690,-10.93829167,-37.08227246,37955,2015-05-14 13:10:17
13691,-10.93940025,-37.08105252,37955,2015-05-14 13:10:30
13692,-10.9404871,-37.08013018,37955,2015-05-14 13:10:42
13693,-10.94150324,-37.078944,37955,2015-05-14 13:10:56
13694,-10.94177012,-37.07877429,37955,2015-05-14 13:11:06
13695,-10.941723800000002,-37.07856411,37955,2015-05-14 13:11:16
13696,-10.94208534,-37.07820159,37955,2015-05-14 13:11:26
13697,-10.94298189,-37.07727739,37955,2015-05-14 13:11:40
13698,-10.94356767,-37.0767153,37955,2015-05-14 13:11:50
13699,-10.94447778,-37.07590999,37955,2015-05-14 13:12:00
13700,-10.94536868,-37.07509018,37955,2015-05-14 13:12:11
13701,-10.94629673,-37.07409125,37955,2015-05-14 13:12:22
13702,-10.947413300000001,-37.07374336,37955,2015-05-14 13:12:32
13703,-10.94865446,-37.074099100000005,37955,2015-05-14 13:12:45
13704,-10.94932456,-37.07448863,37955,2015-05-14 13:13:00
13705,-10.94944162,-37.0745058,37955,2015-05-14 13:13:10
13706,-10.94877208,-37.07419329,37955,2015-05-14 13:13:27
13707,-10.94800637,-37.07373612,37955,2015-05-14 13:13:40
13708,-10.94764432,-37.07340288,37955,2015-05-14 13:13:51
13709,-10.94770106,-37.07341057,37955,2015-05-14 13:14:02
13710,-10.94816187,-37.0736537,37955,2015-05-14 13:14:14
13711,-10.94861876,-37.07400924,37955,2015-05-14 13:14:24
13712,-10.94878324,-37.07393433,37955,2015-05-14 13:15:23
13713,-10.94904656,-37.07430165,37955,2015-05-14 13:15:34
13714,-10.94901202,-37.0743953,37955,2015-05-14 13:15:45
13715,-10.94970409,-37.07468477,37955,2015-05-14 13:15:57
13716,-10.95336025,-37.0764328,37955,2015-05-14 13:16:28
13717,-10.95477795,-37.07661843,37955,2015-05-14 13:16:42
13718,-10.95618522,-37.07667284,37955,2015-05-14 13:16:55
13719,-10.95742798,-37.07701048,37955,2015-05-14 13:17:06
13720,-10.95879036,-37.07720475,37955,2015-05-14 13:17:17
13721,-10.95987463,-37.07734754,37955,2015-05-14 13:17:27
13722,-10.96028848,-37.07731279,37955,2015-05-14 13:17:38
13723,-10.96057748,-37.07737675,37955,2015-05-14 13:17:49
13724,-10.96128945,-37.07746343,37955,2015-05-14 13:18:01
13725,-10.96128457,-37.077626200000005,37955,2015-05-14 13:18:12
13726,-10.96232417,-37.07773676,37955,2015-05-14 13:18:30
13727,-10.96363251,-37.07809187,37955,2015-05-14 13:18:43
13728,-10.96849081,-37.08132512,37955,2015-05-14 13:20:25
13729,-10.96951619,-37.08187982,37955,2015-05-14 13:20:57
13730,-10.97017243,-37.08273933,37955,2015-05-14 13:21:09
13731,-10.97166009,-37.08358656,37955,2015-05-14 13:21:22
13732,-10.97222235,-37.0820321,37955,2015-05-14 13:21:33
13733,-10.97222674,-37.08195471,37955,2015-05-14 13:21:43
13734,-10.97242935,-37.08128489,37955,2015-05-14 13:21:55
13735,-10.97280423,-37.08037046,37955,2015-05-14 13:22:05
13736,-10.97394972,-37.07830896,37955,2015-05-14 13:22:22
13737,-10.97452702,-37.07699672,37955,2015-05-14 13:22:32
13738,-10.97519816,-37.07540259,37955,2015-05-14 13:22:46
13739,-10.97535068,-37.07546389,37955,2015-05-14 13:22:56
13740,-10.97541226,-37.07527898,37955,2015-05-14 13:23:06
13741,-10.97559288,-37.07512854,37955,2015-05-14 13:23:21
13742,-10.97550832,-37.07504779,37955,2015-05-14 13:23:33
13743,-10.97582711,-37.07438735,37955,2015-05-14 13:23:45
13744,-10.97641752,-37.07332854,37955,2015-05-14 13:23:58
13745,-10.977067,-37.07213761,37955,2015-05-14 13:24:12
13746,-10.97785785,-37.07079973,37955,2015-05-14 13:24:24
13747,-10.97792441,-37.07040846,37955,2015-05-14 13:24:36
13748,-10.97798478,-37.07008014,37955,2015-05-14 13:24:47
13749,-10.97844706,-37.06925124,37955,2015-05-14 13:24:58
13750,-10.97877549,-37.06819899,37955,2015-05-14 13:25:08
13751,-10.9792311,-37.06684462,37955,2015-05-14 13:25:35
13752,-10.97947187,-37.06668585,37955,2015-05-14 13:25:48
13753,-10.97982934,-37.06599137,37955,2015-05-14 13:25:58
13754,-10.98022949,-37.06498102,37955,2015-05-14 13:26:08
13755,-10.98079815,-37.06385004,37955,2015-05-14 13:26:18
13756,-10.98148383,-37.06278936,37955,2015-05-14 13:26:28
13757,-10.98216117,-37.06150229,37955,2015-05-14 13:26:38
13758,-10.982739,-37.06012105,37955,2015-05-14 13:26:48
13759,-10.98332523,-37.05878463,37955,2015-05-14 13:26:58
13760,-10.98325755,-37.05732842,37955,2015-05-14 13:27:10
13761,-10.98339845,-37.05680032,37955,2015-05-14 13:27:23
13762,-10.98347312,-37.0568706,37955,2015-05-14 13:27:37
13763,-10.98328815,-37.05674019,37955,2015-05-14 13:27:49
13764,-10.9832298,-37.05612801,37955,2015-05-14 13:27:59
13765,-10.98302929,-37.05519844,37955,2015-05-14 13:28:09
13766,-10.98307203,-37.05443457,37955,2015-05-14 13:28:20
13767,-10.98308235,-37.05438955,37955,2015-05-14 13:28:37
13768,-10.98298975,-37.05434701,37955,2015-05-14 13:28:48
13769,-10.98313002,-37.05418904,37955,2015-05-14 13:28:59
13770,-10.98351074,-37.05365192,37955,2015-05-14 13:29:10
13771,-10.98372957,-37.05326019,37955,2015-05-14 13:29:23
13772,-10.98392326,-37.05319702,37955,2015-05-14 13:29:34
13773,-10.98511162,-37.05291615,37955,2015-05-14 13:29:50
13774,-10.98657523,-37.0527374,37955,2015-05-14 13:30:02
13775,-10.98682916,-37.05253646,37955,2015-05-14 13:30:17
13776,-10.986592100000001,-37.05259806,37955,2015-05-14 13:30:34
13777,-10.98700017,-37.05239675,37955,2015-05-14 13:30:45
13778,-10.98770867,-37.05223842,37955,2015-05-14 13:30:57
13779,-10.97108208,-37.05421397,37956,2015-05-16 07:14:08
13780,-10.97079742,-37.05374251,37956,2015-05-16 07:14:20
13781,-10.97067294,-37.05379517,37956,2015-05-16 07:14:32
13782,-10.97060151,-37.05417579,37956,2015-05-16 07:14:37
13783,-10.97060393,-37.05476514,37956,2015-05-16 07:14:43
13784,-10.97021005,-37.05566861,37956,2015-05-16 07:14:55
13785,-10.97049982,-37.05629315,37956,2015-05-16 07:15:02
13786,-10.97048802,-37.05696517,37956,2015-05-16 07:15:08
13787,-10.96999041,-37.0577311,37956,2015-05-16 07:15:14
13788,-10.96959272,-37.05851009,37956,2015-05-16 07:15:23
13789,-10.96965368,-37.05895179,37956,2015-05-16 07:15:29
13790,-10.96968769,-37.05951707,37956,2015-05-16 07:15:34
13791,-10.96941131,-37.05991259,37956,2015-05-16 07:15:44
13792,-10.96941776,-37.06002389,37956,2015-05-16 07:15:49
13793,-10.9693834,-37.05999846,37956,2015-05-16 07:15:54
13794,-10.96921772,-37.060188000000004,37956,2015-05-16 07:15:59
13795,-10.96904395,-37.06039111,37956,2015-05-16 07:16:06
13796,-10.9688809,-37.06045096,37956,2015-05-16 07:16:12
13797,-10.96850246,-37.06022271,37956,2015-05-16 07:16:27
13798,-10.96830724,-37.06053053,37956,2015-05-16 07:16:38
13799,-10.96831417,-37.060538799999996,37956,2015-05-16 07:16:47
13800,-10.96802585,-37.06020043,37956,2015-05-16 07:17:13
13801,-10.96805641,-37.06028306,37956,2015-05-16 07:17:20
13802,-10.96812534,-37.06032513,37956,2015-05-16 07:17:25
13803,-10.96814048,-37.06032921,37956,2015-05-16 07:17:31
13804,-10.96823487,-37.06040406,37956,2015-05-16 07:17:40
13805,-10.96822427,-37.0604641,37956,2015-05-16 07:17:45
13806,-10.96820081,-37.06049998,37956,2015-05-16 07:17:50
13807,-10.96810205,-37.06052221,37956,2015-05-16 07:18:11
13808,-10.96816195,-37.06063117,37956,2015-05-16 07:18:19
13809,-10.96823907,-37.06062955,37956,2015-05-16 07:18:24
13810,-10.96816712,-37.06052359,37956,2015-05-16 07:18:33
13811,-10.9463112,-37.07414554,37957,2015-05-16 07:40:02
13812,-10.94475799,-37.0757282,37957,2015-05-16 07:40:16
13813,-10.94403754,-37.07636366,37957,2015-05-16 07:40:22
13814,-10.94332809,-37.07707562,37957,2015-05-16 07:40:28
13815,-10.94277624,-37.07756697,37957,2015-05-16 07:40:33
13816,-10.94218275,-37.07808025,37957,2015-05-16 07:40:38
13817,-10.94090381,-37.07936775,37957,2015-05-16 07:40:49
13818,-10.94034753,-37.07990652,37957,2015-05-16 07:40:54
13819,-10.93978764,-37.08042736,37957,2015-05-16 07:40:59
13820,-10.939326699999999,-37.08088236,37957,2015-05-16 07:41:04
13821,-10.93863756,-37.08153256,37957,2015-05-16 07:41:12
13822,-10.93798505,-37.08207312,37957,2015-05-16 07:41:19
13823,-10.93726673,-37.082420899999995,37957,2015-05-16 07:41:26
13824,-10.93663395,-37.08274312,37957,2015-05-16 07:41:32
13825,-10.93457416,-37.0830891,37957,2015-05-16 07:41:46
13826,-10.93381548,-37.08291225,37957,2015-05-16 07:41:51
13827,-10.93273844,-37.08263695,37957,2015-05-16 07:41:57
13828,-10.93139616,-37.08202241,37957,2015-05-16 07:42:07
13829,-10.93030949,-37.08155867,37957,2015-05-16 07:42:15
13830,-10.92938951,-37.08117866,37957,2015-05-16 07:42:21
13831,-10.92785622,-37.08059955,37957,2015-05-16 07:42:31
13832,-10.92688579,-37.08031636,37957,2015-05-16 07:42:39
13833,-10.92620254,-37.08044437,37957,2015-05-16 07:42:44
13834,-10.92545671,-37.08043223,37957,2015-05-16 07:42:49
13835,-10.92479603,-37.08051115,37957,2015-05-16 07:42:56
13836,-10.92464066,-37.08051702,37957,2015-05-16 07:43:01
13837,-10.92461669,-37.0805225,37957,2015-05-16 07:43:07
13838,-10.92462265,-37.08052414,37957,2015-05-16 07:43:42
13839,-10.92462695,-37.08052546,37957,2015-05-16 07:43:48
13840,-10.92462727,-37.08052626,37957,2015-05-16 07:43:55
13841,-10.92462733,-37.08052604,37957,2015-05-16 07:44:02
13842,-10.92462731,-37.08052609,37957,2015-05-16 07:44:09
13843,-10.92395432,-37.08083908,37957,2015-05-16 07:44:16
13844,-10.92180688,-37.08212939,37957,2015-05-16 07:44:31
13845,-10.92131397,-37.08263567,37957,2015-05-16 07:44:37
13846,-10.92058876,-37.08329294,37957,2015-05-16 07:44:44
13847,-10.91999339,-37.08398033,37957,2015-05-16 07:44:49
13848,-10.91934526,-37.0844793,37957,2015-05-16 07:44:54
13849,-10.91776225,-37.08608219,37957,2015-05-16 07:45:06
13850,-10.91694001,-37.086731,37957,2015-05-16 07:45:14
13851,-10.91643404,-37.08719535,37957,2015-05-16 07:45:20
13852,-10.916050199999999,-37.08752568,37957,2015-05-16 07:45:25
13853,-10.91584333,-37.08783506,37957,2015-05-16 07:45:31
13854,-10.9153119,-37.08819764,37957,2015-05-16 07:45:38
13855,-10.91482587,-37.0885157,37957,2015-05-16 07:45:44
13856,-10.91442656,-37.08881389,37957,2015-05-16 07:45:50
13857,-10.91438529,-37.08882424,37957,2015-05-16 07:45:56
13858,-10.91437097,-37.08883798,37957,2015-05-16 07:46:01
13859,-10.91439819,-37.08883323,37957,2015-05-16 07:46:07
13860,-10.91440779,-37.08882887,37957,2015-05-16 07:46:15
13861,-10.91049662,-37.09042155,37957,2015-05-16 07:46:55
13862,-10.90492867,-37.08957226,37957,2015-05-16 07:47:57
13863,-10.90420016,-37.08939379,37957,2015-05-16 07:48:04
13864,-10.90345787,-37.08920217,37957,2015-05-16 07:48:10
13865,-10.90330845,-37.08923576,37957,2015-05-16 07:48:16
13866,-10.90338059,-37.08919445,37957,2015-05-16 07:48:23
13867,-10.90338962,-37.08917689,37957,2015-05-16 07:48:29
13868,-10.90342952,-37.08927354,37957,2015-05-16 07:48:37
13869,-10.90329816,-37.08896337,37957,2015-05-16 07:49:25
13870,-10.90336674,-37.08795937,37957,2015-05-16 07:49:30
13871,-10.90347662,-37.0870998,37957,2015-05-16 07:49:36
13872,-10.90360462,-37.08621301,37957,2015-05-16 07:49:41
13873,-10.90353243,-37.08532423,37957,2015-05-16 07:49:46
13874,-10.90336217,-37.08429747,37957,2015-05-16 07:49:51
13875,-10.90336951,-37.08319316,37957,2015-05-16 07:49:57
13876,-10.90346421,-37.08220691,37957,2015-05-16 07:50:03
13877,-10.9035236,-37.08140687,37957,2015-05-16 07:50:08
13878,-10.90356243,-37.08067365,37957,2015-05-16 07:50:13
13879,-10.90363968,-37.07967637,37957,2015-05-16 07:50:20
13880,-10.90373945,-37.07796026,37957,2015-05-16 07:50:34
13881,-10.90369243,-37.07714292,37957,2015-05-16 07:50:41
13882,-10.90361443,-37.07665183,37957,2015-05-16 07:50:49
13883,-10.90361622,-37.07665272,37957,2015-05-16 07:50:54
13884,-10.90361628,-37.07664626,37957,2015-05-16 07:50:59
13885,-10.90361759,-37.07664569,37957,2015-05-16 07:51:05
13886,-10.90361761,-37.07664567,37957,2015-05-16 07:51:11
13887,-10.90361769,-37.07664576,37957,2015-05-16 07:51:16
13888,-10.9036177,-37.07664574,37957,2015-05-16 07:51:22
13889,-10.9036177,-37.07664581,37957,2015-05-16 07:51:28
13890,-10.90361765,-37.07664575,37957,2015-05-16 07:51:36
13891,-10.90361762,-37.07664576,37957,2015-05-16 07:51:42
13892,-10.90361766,-37.076645899999995,37957,2015-05-16 07:51:48
13893,-10.90362317,-37.07665836,37957,2015-05-16 07:51:53
13894,-10.9035218,-37.07650669,37957,2015-05-16 07:52:00
13895,-10.90323952,-37.07652614,37957,2015-05-16 07:52:05
13896,-10.90260969,-37.07640262,37957,2015-05-16 07:52:18
13897,-10.90258281,-37.07605819,37957,2015-05-16 07:52:23
13898,-10.90256228,-37.0758716,37957,2015-05-16 07:52:28
13899,-10.90276372,-37.07571736,37957,2015-05-16 07:52:35
13900,-10.903144900000001,-37.07567312,37957,2015-05-16 07:52:40
13901,-10.90319799,-37.07569215,37957,2015-05-16 07:52:45
13902,-10.90322842,-37.07563133,37957,2015-05-16 07:52:51
13903,-10.90323643,-37.07561365,37957,2015-05-16 07:52:56
13904,-10.90325398,-37.0756056,37957,2015-05-16 07:53:02
13905,-10.90328894,-37.07556917,37957,2015-05-16 07:53:07
13906,-10.90329765,-37.07557105,37957,2015-05-16 07:53:13
13907,-10.90329891,-37.07557002,37957,2015-05-16 07:53:18
13908,-10.90329839,-37.07556855,37957,2015-05-16 07:53:23
13909,-10.90329834,-37.07556816,37957,2015-05-16 07:53:28
13910,-10.90329831,-37.07556769,37957,2015-05-16 07:53:41
13911,-10.90329827,-37.07556765,37957,2015-05-16 07:53:50
13912,-10.90329823,-37.07556762,37957,2015-05-16 07:53:56
13913,-10.90329828,-37.07556745,37957,2015-05-16 07:54:01
13914,-10.903317199999998,-37.07553782,37957,2015-05-16 07:54:10
13915,-10.90332685,-37.07553136,37957,2015-05-16 07:54:16
13916,-10.903364999999999,-37.07566213,37957,2015-05-16 07:54:22
13917,-10.90351692,-37.07636795,37957,2015-05-16 07:54:32
13918,-10.90337431,-37.07654443,37957,2015-05-16 07:54:38
13919,-10.90300959,-37.07659909,37957,2015-05-16 07:54:43
13920,-10.90216893,-37.07670353,37957,2015-05-16 07:54:51
13921,-10.90175748,-37.07674315,37957,2015-05-16 07:54:56
13922,-10.90116784,-37.07683184,37957,2015-05-16 07:55:08
13923,-10.9002954,-37.0769635,37957,2015-05-16 07:55:17
13924,-10.89978993,-37.07745417,37957,2015-05-16 07:55:27
13925,-10.89969865,-37.07756415,37957,2015-05-16 07:55:32
13926,-10.89950944,-37.077852500000006,37957,2015-05-16 07:55:39
13927,-10.89920904,-37.07824388,37957,2015-05-16 07:55:45
13928,-10.89886153,-37.07868925,37957,2015-05-16 07:55:50
13929,-10.89844771,-37.07924945,37957,2015-05-16 07:55:56
13930,-10.89819468,-37.07958259,37957,2015-05-16 07:56:01
13931,-10.89795624,-37.079890899999995,37957,2015-05-16 07:56:09
13932,-10.89783221,-37.08008072,37957,2015-05-16 07:56:15
13933,-10.89770076,-37.08020523,37957,2015-05-16 07:56:20
13934,-10.89736785,-37.08000117,37957,2015-05-16 07:56:26
13935,-10.89698899,-37.07979437,37957,2015-05-16 07:56:33
13936,-10.89662947,-37.0795545,37957,2015-05-16 07:56:41
13937,-10.89643307,-37.07943725,37957,2015-05-16 07:56:46
13938,-10.89634762,-37.07935815,37957,2015-05-16 07:56:52
13939,-10.89636305,-37.07937057,37957,2015-05-16 07:56:58
13940,-10.89635445,-37.07937348,37957,2015-05-16 07:57:03
13941,-10.89630898,-37.07935343,37957,2015-05-16 07:57:08
13942,-10.89632576,-37.07943976,37957,2015-05-16 07:57:13
13943,-10.89640153,-37.079446399999995,37957,2015-05-16 07:57:18
13944,-10.89639892,-37.07944007,37957,2015-05-16 07:57:28
13945,-10.89639912,-37.07943897,37957,2015-05-16 07:57:34
13946,-10.89639919,-37.07943896,37957,2015-05-16 07:57:39
13947,-10.89639876,-37.07943889,37957,2015-05-16 07:57:46
13948,-10.89639872,-37.07943885,37957,2015-05-16 07:57:51
13949,-10.89639874,-37.07943884,37957,2015-05-16 07:57:56
13950,-10.89639874,-37.07943884,37957,2015-05-16 07:58:03
13951,-10.89639875,-37.07943883,37957,2015-05-16 07:58:08
13952,-10.89639871,-37.07943888,37957,2015-05-16 07:58:19
13953,-10.89639867,-37.07943894,37957,2015-05-16 07:58:24
13954,-10.89639863,-37.07943903,37957,2015-05-16 07:58:31
13955,-10.89639862,-37.07943905,37957,2015-05-16 07:58:36
13956,-10.89639861,-37.07943906,37957,2015-05-16 07:58:41
13957,-10.89639861,-37.07943906,37957,2015-05-16 07:58:48
13958,-10.89639861,-37.07943908,37957,2015-05-16 07:59:00
13959,-10.89639862,-37.07943909,37957,2015-05-16 07:59:05
13960,-10.89639862,-37.0794391,37957,2015-05-16 07:59:12
13961,-10.89639862,-37.0794391,37957,2015-05-16 07:59:22
13962,-10.89639862,-37.07943909,37957,2015-05-16 07:59:28
13963,-10.89639862,-37.07943909,37957,2015-05-16 07:59:36
13964,-10.89639862,-37.07943909,37957,2015-05-16 08:00:47
13965,-10.91132123,-37.05274726,37960,2015-05-19 06:08:39
13966,-10.91189483,-37.05271596,37960,2015-05-19 06:08:53
13967,-10.91273426,-37.05270983,37960,2015-05-19 06:09:08
13968,-10.91400256,-37.05271837,37960,2015-05-19 06:09:21
13969,-10.91500357,-37.05280865,37960,2015-05-19 06:09:32
13970,-10.9155867,-37.05277306,37960,2015-05-19 06:09:42
13971,-10.91619014,-37.0528139,37960,2015-05-19 06:09:52
13972,-10.91714978,-37.05279515,37960,2015-05-19 06:10:03
13973,-10.9177515,-37.05285573,37960,2015-05-19 06:10:15
13974,-10.91776275,-37.05282784,37960,2015-05-19 06:10:26
13975,-10.91785169,-37.05284046,37960,2015-05-19 06:10:37
13976,-10.91846138,-37.05312833,37960,2015-05-19 06:10:53
13977,-10.91846241,-37.05360774,37960,2015-05-19 06:11:06
13978,-10.91846269,-37.0539282,37960,2015-05-19 06:11:16
13979,-10.91846907,-37.0544797,37960,2015-05-19 06:11:29
13980,-10.9184865,-37.05554183,37960,2015-05-19 06:11:44
13981,-10.91851243,-37.0575925,37960,2015-05-19 06:11:59
13982,-10.91852832,-37.0585035,37960,2015-05-19 06:12:09
13983,-10.91856563,-37.05945615,37960,2015-05-19 06:12:19
13984,-10.91855862,-37.06069372,37960,2015-05-19 06:12:31
13985,-10.91855323,-37.06169803,37960,2015-05-19 06:12:42
13986,-10.91856082,-37.06185382,37960,2015-05-19 06:12:55
13987,-10.918567,-37.06262267,37960,2015-05-19 06:13:06
13988,-10.91859375,-37.06322899,37960,2015-05-19 06:13:17
13989,-10.91860497,-37.06320392,37960,2015-05-19 06:13:27
13990,-10.91859616,-37.06336457,37960,2015-05-19 06:13:39
13991,-10.91859198,-37.06335497,37960,2015-05-19 06:13:54
13992,-10.91859211,-37.06335474,37960,2015-05-19 06:14:06
13993,-10.91859219,-37.063354700000005,37960,2015-05-19 06:14:17
13994,-10.91859254,-37.06335257,37960,2015-05-19 06:14:30
13995,-10.91859173,-37.06349538,37960,2015-05-19 06:14:42
13996,-10.91862706,-37.06441121,37960,2015-05-19 06:14:57
13997,-10.91865283,-37.06515469,37960,2015-05-19 06:15:09
13998,-10.91867495,-37.06565261,37960,2015-05-19 06:15:20
13999,-10.91864331,-37.06584135,37960,2015-05-19 06:15:30
14000,-10.91865802,-37.06641527,37960,2015-05-19 06:15:44
14001,-10.91868498,-37.06753988,37960,2015-05-19 06:15:55
14002,-10.91869145,-37.06799465,37960,2015-05-19 06:16:09
14003,-10.91868991,-37.06799422,37960,2015-05-19 06:16:24
14004,-10.91868991,-37.06799362,37960,2015-05-19 06:16:38
14005,-10.9186901,-37.06799328,37960,2015-05-19 06:16:48
14006,-10.91869025,-37.06799224,37960,2015-05-19 06:17:08
14007,-10.91869013,-37.06799195,37960,2015-05-19 06:17:22
14008,-10.91868828,-37.06820059,37960,2015-05-19 06:17:32
14009,-10.918722500000001,-37.06914884,37960,2015-05-19 06:17:49
14010,-10.91865861,-37.06990554,37960,2015-05-19 06:18:01
14011,-10.91852528,-37.07103534,37960,2015-05-19 06:18:16
14012,-10.91847679,-37.07162641,37960,2015-05-19 06:18:29
14013,-10.91841926,-37.07206479,37960,2015-05-19 06:18:39
14014,-10.91841354,-37.07206843,37960,2015-05-19 06:18:52
14015,-10.91841364,-37.07206853,37960,2015-05-19 06:19:02
14016,-10.91834622,-37.07250639,37960,2015-05-19 06:19:14
14017,-10.91832496,-37.07323063,37960,2015-05-19 06:19:25
14018,-10.91834476,-37.07429505,37960,2015-05-19 06:19:41
14019,-10.918376199999999,-37.07558659,37960,2015-05-19 06:19:56
14020,-10.91841759,-37.07629647,37960,2015-05-19 06:20:06
14021,-10.91842867,-37.07638248,37960,2015-05-19 06:20:16
14022,-10.91843206,-37.07651093,37960,2015-05-19 06:20:27
14023,-10.91842041,-37.07661722,37960,2015-05-19 06:20:38
14024,-10.91842239,-37.07661387,37960,2015-05-19 06:20:52
14025,-10.918417300000002,-37.076642299999996,37960,2015-05-19 06:21:04
14026,-10.91844528,-37.07691792,37960,2015-05-19 06:21:15
14027,-10.91848173,-37.07721128,37960,2015-05-19 06:21:26
14028,-10.91849522,-37.07739537,37960,2015-05-19 06:21:37
14029,-10.91850841,-37.07780018,37960,2015-05-19 06:21:48
14030,-10.91850831,-37.0782719,37960,2015-05-19 06:21:59
14031,-10.91849797,-37.07864186,37960,2015-05-19 06:22:09
14032,-10.91850049,-37.078727799999996,37960,2015-05-19 06:22:19
14033,-10.91853047,-37.07925121,37960,2015-05-19 06:22:32
14034,-10.91857495,-37.08008377,37960,2015-05-19 06:22:45
14035,-10.91860148,-37.08086384,37960,2015-05-19 06:23:02
14036,-10.91862639,-37.08115753,37960,2015-05-19 06:23:12
14037,-10.91869452,-37.08175884,37960,2015-05-19 06:23:28
14038,-10.91881184,-37.08358124,37960,2015-05-19 06:23:41
14039,-10.91909043,-37.08535778,37960,2015-05-19 06:23:53
14040,-10.91959427,-37.08675401,37960,2015-05-19 06:24:04
14041,-10.91985716,-37.08750762,37960,2015-05-19 06:24:15
14042,-10.9198681,-37.08751976,37960,2015-05-19 06:24:26
14043,-10.91986425,-37.08751723,37960,2015-05-19 06:24:37
14044,-10.91990554,-37.08758071,37960,2015-05-19 06:24:47
14045,-10.91998405,-37.08778694,37960,2015-05-19 06:24:58
14046,-10.92005345,-37.08796862,37960,2015-05-19 06:25:09
14047,-10.92006121,-37.08801325,37960,2015-05-19 06:25:19
14048,-10.92007481,-37.08804254,37960,2015-05-19 06:25:31
14049,-10.92016761,-37.08828368,37960,2015-05-19 06:25:45
14050,-10.92029168,-37.08864192,37960,2015-05-19 06:25:55
14051,-10.92032498,-37.08881378,37960,2015-05-19 06:26:08
14052,-10.92033198,-37.08892954,37960,2015-05-19 06:26:23
14053,-10.92031386,-37.08915088,37960,2015-05-19 06:26:34
14054,-10.92025487,-37.08943599,37960,2015-05-19 06:26:45
14055,-10.92024475,-37.08946831,37960,2015-05-19 06:26:55
14056,-10.92036695,-37.08974507,37960,2015-05-19 06:27:08
14057,-10.92063476,-37.08985362,37960,2015-05-19 06:27:19
14058,-10.92080991,-37.08994821,37960,2015-05-19 06:27:30
14059,-10.92090038,-37.09001232,37960,2015-05-19 06:27:40
14060,-10.92093945,-37.0900604,37960,2015-05-19 06:27:52
14061,-10.92106276,-37.09041644,37960,2015-05-19 06:28:02
14062,-10.92118008,-37.09074753,37960,2015-05-19 06:28:13
14063,-10.92141059,-37.09139999,37960,2015-05-19 06:28:26
14064,-10.92162381,-37.09195487,37960,2015-05-19 06:28:38
14065,-10.92182786,-37.09256396,37960,2015-05-19 06:28:53
14066,-10.92194382,-37.09304186,37960,2015-05-19 06:29:07
14067,-10.92202812,-37.09328008,37960,2015-05-19 06:29:17
14068,-10.92211842,-37.09348863,37960,2015-05-19 06:29:27
14069,-10.92217649,-37.09362287,37960,2015-05-19 06:29:37
14070,-10.92243026,-37.09417592,37960,2015-05-19 06:29:49
14071,-10.92271657,-37.09517433,37960,2015-05-19 06:29:59
14072,-10.92265028,-37.09653958,37960,2015-05-19 06:30:09
14073,-10.92223684,-37.09780738,37960,2015-05-19 06:30:20
14074,-10.92165898,-37.09945809,37960,2015-05-19 06:30:32
14075,-10.92134449,-37.10032554,37960,2015-05-19 06:30:43
14076,-10.92134683,-37.100196999999994,37960,2015-05-19 06:30:54
14077,-10.92136293,-37.10012854,37960,2015-05-19 06:31:04
14078,-10.92136964,-37.10012828,37960,2015-05-19 06:31:15
14079,-10.92148398,-37.100127,37960,2015-05-19 06:31:25
14080,-10.921563699999998,-37.10016232,37960,2015-05-19 06:31:36
14081,-10.92176094,-37.10007633,37960,2015-05-19 06:31:47
14082,-10.92183815,-37.1000631,37960,2015-05-19 06:32:00
14083,-10.921909699999999,-37.10021157,37960,2015-05-19 06:32:13
14084,-10.92199219,-37.10034627,37960,2015-05-19 06:32:24
14085,-10.92213694,-37.10059491,37960,2015-05-19 06:32:42
14086,-10.92216406,-37.10080328,37960,2015-05-19 06:32:55
14087,-10.92217788,-37.10100362,37960,2015-05-19 06:33:08
14088,-10.922182800000002,-37.10121587,37960,2015-05-19 06:33:22
14089,-10.92217093,-37.10139525,37960,2015-05-19 06:33:34
14090,-10.92221049,-37.10151921,37960,2015-05-19 06:33:45
14091,-10.922312400000001,-37.1015294,37960,2015-05-19 06:33:55
14092,-10.92239159,-37.10154234,37960,2015-05-19 06:34:07
14093,-10.92254751,-37.10154958,37960,2015-05-19 06:34:18
14094,-10.92268274,-37.10151879,37960,2015-05-19 06:34:29
14095,-10.922852,-37.10153857,37960,2015-05-19 06:34:42
14096,-10.92306297,-37.10151601,37960,2015-05-19 06:34:55
14097,-10.92317144,-37.10151857,37960,2015-05-19 06:35:05
14098,-10.9233008,-37.10149043,37960,2015-05-19 06:35:15
14099,-10.92342725,-37.10147272,37960,2015-05-19 06:35:25
14100,-10.92368028,-37.10145934,37960,2015-05-19 06:35:39
14101,-10.92381307,-37.10144377,37960,2015-05-19 06:35:50
14102,-10.92388649,-37.1014666,37960,2015-05-19 06:36:06
14103,-10.92389366,-37.10146759,37960,2015-05-19 06:36:17
14104,-10.92389109,-37.10147223,37960,2015-05-19 06:36:30
14111,-11.01115956,-37.08711085,37962,2015-05-19 03:17:56
14112,-11.01110971,-37.08711284,37962,2015-05-19 03:18:01
14113,-11.011056300000002,-37.08714227,37962,2015-05-19 03:18:06
14114,-11.01100766,-37.08716954,37962,2015-05-19 03:18:11
14115,-11.01093993,-37.0872258,37962,2015-05-19 03:18:19
14116,-11.01096283,-37.0872305,37962,2015-05-19 03:18:27
14117,-11.01095687,-37.08724822,37962,2015-05-19 03:18:32
14118,-11.01091651,-37.08731161,37962,2015-05-19 03:18:38
14119,-11.0108843,-37.08736768,37962,2015-05-19 03:18:44
14120,-11.01085328,-37.08741256,37962,2015-05-19 03:18:49
14121,-11.01083185,-37.08747677,37962,2015-05-19 03:18:54
14122,-11.01080877,-37.08752468,37962,2015-05-19 03:18:59
14123,-11.01077141,-37.08756278,37962,2015-05-19 03:19:05
14124,-11.01073585,-37.08761642,37962,2015-05-19 03:19:11
14125,-11.01069452,-37.08768744,37962,2015-05-19 03:19:18
14126,-11.01064368,-37.08774495,37962,2015-05-19 03:19:24
14127,-11.01055596,-37.08786294,37962,2015-05-19 03:19:37
14128,-11.01051798,-37.08791858,37962,2015-05-19 03:19:43
14129,-11.01046374,-37.087963099999996,37962,2015-05-19 03:19:49
14130,-11.01044343,-37.08796869,37962,2015-05-19 03:19:55
14131,-11.01046596,-37.08795534,37962,2015-05-19 03:20:02
14132,-11.01047098,-37.08794683,37962,2015-05-19 03:20:10
14133,-11.01046926,-37.08795807,37962,2015-05-19 03:20:16
14134,-11.01046265,-37.08795241,37962,2015-05-19 03:20:22
14135,-11.01045958,-37.08795851,37962,2015-05-19 03:20:29
14136,-11.01045372,-37.08797221,37962,2015-05-19 03:20:39
14137,-11.01045338,-37.08797285,37962,2015-05-19 03:20:48
14138,-11.01045353,-37.08797347,37962,2015-05-19 03:21:00
14139,-11.010432400000001,-37.08798768,37962,2015-05-19 03:21:07
14140,-11.01042963,-37.08799282,37962,2015-05-19 03:21:14
14141,-11.01041433,-37.08800664,37962,2015-05-19 03:21:30
14142,-11.01041413,-37.08800635,37962,2015-05-19 03:21:35
14143,-11.01041398,-37.08800619,37962,2015-05-19 03:21:40
14144,-11.01041392,-37.08800596,37962,2015-05-19 03:21:47
14145,-11.01041376,-37.08800657,37962,2015-05-19 03:21:52
14146,-11.01042504,-37.08802482,37962,2015-05-19 03:21:59
14147,-11.01052857,-37.08790306,37962,2015-05-19 03:22:04
14148,-11.01067697,-37.087758799999996,37962,2015-05-19 03:22:10
14149,-11.01088781,-37.08750913,37962,2015-05-19 03:22:16
14150,-11.01167079,-37.08594174,37962,2015-05-19 03:22:55
14151,-11.01200806,-37.08538892,37962,2015-05-19 03:23:01
14152,-11.01243145,-37.08474737,37962,2015-05-19 03:23:07
14153,-11.01296068,-37.0840436,37962,2015-05-19 03:23:13
14154,-11.01340486,-37.08344105,37962,2015-05-19 03:23:18
14155,-11.01388444,-37.08281718,37962,2015-05-19 03:23:23
14156,-11.01443183,-37.08204608,37962,2015-05-19 03:23:29
14157,-11.01485874,-37.08146661,37962,2015-05-19 03:23:34
14158,-11.0153042,-37.080943299999994,37962,2015-05-19 03:23:41
14159,-11.01549612,-37.08084337,37962,2015-05-19 03:23:47
14160,-11.01520765,-37.08054898,37962,2015-05-19 03:23:56
14161,-11.01470479,-37.08018077,37962,2015-05-19 03:24:02
14162,-11.01358583,-37.07933297,37962,2015-05-19 03:24:12
14163,-11.01247455,-37.07845845,37962,2015-05-19 03:24:20
14164,-11.01170303,-37.07790446,37962,2015-05-19 03:24:25
14165,-11.01057354,-37.07706575,37962,2015-05-19 03:24:32
14166,-11.00961572,-37.07634743,37962,2015-05-19 03:24:38
14167,-11.00881454,-37.07573812,37962,2015-05-19 03:24:43
14168,-11.00798822,-37.07513062,37962,2015-05-19 03:24:48
14169,-11.00672782,-37.07419022,37962,2015-05-19 03:24:55
14170,-11.00583155,-37.07350891,37962,2015-05-19 03:25:00
14171,-11.00457619,-37.07255217,37962,2015-05-19 03:25:08
14172,-11.00380956,-37.07200144,37962,2015-05-19 03:25:13
14173,-11.00269821,-37.07118624,37962,2015-05-19 03:25:20
14174,-11.00131645,-37.07010558,37962,2015-05-19 03:25:29
14175,-11.0005135,-37.06946181,37962,2015-05-19 03:25:34
14176,-10.99942498,-37.06866021,37962,2015-05-19 03:25:41
14177,-10.99815012,-37.0675477,37962,2015-05-19 03:25:50
14178,-10.99680618,-37.06627231,37962,2015-05-19 03:26:01
14179,-10.99631274,-37.0656683,37962,2015-05-19 03:26:06
14180,-10.99600299,-37.06530553,37962,2015-05-19 03:26:12
14181,-10.99595681,-37.06526075,37962,2015-05-19 03:26:19
14182,-10.99595773,-37.06529581,37962,2015-05-19 03:26:24
14183,-10.99595106,-37.06539811,37962,2015-05-19 03:26:30
14184,-10.99583269,-37.06528416,37962,2015-05-19 03:26:38
14185,-10.99558226,-37.06492565,37962,2015-05-19 03:26:46
14186,-10.99530284,-37.06469989,37962,2015-05-19 03:26:53
14187,-10.99440603,-37.06386789,37962,2015-05-19 03:27:03
14188,-10.99343052,-37.06305488,37962,2015-05-19 03:27:13
14189,-10.99291495,-37.06265176,37962,2015-05-19 03:27:18
14190,-10.988501699999999,-37.06013933,37962,2015-05-19 03:27:57
14191,-10.98786515,-37.0597973,37962,2015-05-19 03:28:03
14192,-10.98719613,-37.05939991,37962,2015-05-19 03:28:09
14193,-10.98677714,-37.05910168,37962,2015-05-19 03:28:15
14194,-10.98681147,-37.05912749,37962,2015-05-19 03:28:24
14195,-10.98681092,-37.05912822,37962,2015-05-19 03:28:29
14196,-10.98679937,-37.05912321,37962,2015-05-19 03:28:34
14197,-10.98680021,-37.05912033,37962,2015-05-19 03:28:39
14198,-10.98680047,-37.05912052,37962,2015-05-19 03:28:48
14199,-10.98674216,-37.05907938,37962,2015-05-19 03:28:56
14200,-10.98644809,-37.05882621,37962,2015-05-19 03:29:01
14201,-10.98589587,-37.05815144,37962,2015-05-19 03:29:09
14202,-10.98492727,-37.05753085,37962,2015-05-19 03:29:18
14203,-10.98375347,-37.05682786,37962,2015-05-19 03:29:29
14204,-10.98358005,-37.05675372,37962,2015-05-19 03:29:36
14205,-10.98358731,-37.05675446,37962,2015-05-19 03:29:42
14206,-10.98358854,-37.05675204,37962,2015-05-19 03:29:50
14207,-10.98358789,-37.05675172,37962,2015-05-19 03:29:56
14208,-10.98357415,-37.05674503,37962,2015-05-19 03:30:02
14209,-10.98338281,-37.05662594,37962,2015-05-19 03:30:08
14210,-10.9830716,-37.05649067,37962,2015-05-19 03:30:13
14211,-10.98295443,-37.05689795,37962,2015-05-19 03:30:20
14212,-10.98318308,-37.05844968,37962,2015-05-19 03:30:33
14213,-10.98299061,-37.05951708,37962,2015-05-19 03:30:42
14214,-10.98263675,-37.06014473,37962,2015-05-19 03:30:47
14215,-10.98197814,-37.06141853,37962,2015-05-19 03:30:56
14216,-10.98160047,-37.06216781,37962,2015-05-19 03:31:01
14217,-10.98120021,-37.06296013,37962,2015-05-19 03:31:07
14218,-10.9809147,-37.06364568,37962,2015-05-19 03:31:12
14219,-10.98048417,-37.06448594,37962,2015-05-19 03:31:18
14220,-10.979965,-37.065530700000004,37962,2015-05-19 03:31:27
14221,-10.97927244,-37.06659023,37962,2015-05-19 03:31:38
14222,-10.97893877,-37.06724256,37962,2015-05-19 03:31:44
14223,-10.9785635,-37.06805835,37962,2015-05-19 03:31:50
14224,-10.97805208,-37.06906819,37962,2015-05-19 03:32:04
14225,-10.97791371,-37.06922628,37962,2015-05-19 03:32:10
14226,-10.9776954,-37.06911511,37962,2015-05-19 03:32:15
14227,-10.97524852,-37.07124829,37962,2015-05-19 03:32:58
14228,-10.97479826,-37.0708916,37962,2015-05-19 03:33:04
14229,-10.97428324,-37.07044114,37962,2015-05-19 03:33:09
14230,-10.97365495,-37.06993647,37962,2015-05-19 03:33:15
14231,-10.972936,-37.06932179,37962,2015-05-19 03:33:23
14232,-10.97265988,-37.06910469,37962,2015-05-19 03:33:31
14233,-10.97224293,-37.06876113,37962,2015-05-19 03:33:37
14234,-10.97175173,-37.06837794,37962,2015-05-19 03:33:42
14235,-10.97092017,-37.06769644,37962,2015-05-19 03:33:50
14236,-10.97034633,-37.06722061,37962,2015-05-19 03:33:57
14237,-10.97000761,-37.06698492,37962,2015-05-19 03:34:04
14238,-10.96947532,-37.06653441,37962,2015-05-19 03:34:11
14239,-10.96856452,-37.06578229,37962,2015-05-19 03:34:21
14240,-10.96808876,-37.06545953,37962,2015-05-19 03:34:27
14241,-10.967426699999999,-37.06507926,37962,2015-05-19 03:34:34
14242,-10.96666525,-37.06493954,37962,2015-05-19 03:34:41
14243,-10.9662245,-37.06575951,37962,2015-05-19 03:34:49
14244,-10.96604947,-37.06643139,37962,2015-05-19 03:34:54
14245,-10.96570652,-37.06746179,37962,2015-05-19 03:35:00
14246,-10.96557183,-37.06813262,37962,2015-05-19 03:35:05
14247,-10.96483448,-37.06887837,37962,2015-05-19 03:35:13
14248,-10.96390776,-37.06891943,37962,2015-05-19 03:35:19
14249,-10.96217136,-37.06898274,37962,2015-05-19 03:35:30
14250,-10.96167975,-37.06901223,37962,2015-05-19 03:35:36
14251,-10.96163892,-37.06901336,37962,2015-05-19 03:35:44
14252,-10.96112153,-37.06900491,37962,2015-05-19 03:35:59
14253,-10.96109686,-37.06898734,37962,2015-05-19 03:36:04
14254,-10.96104374,-37.06900084,37962,2015-05-19 03:36:11
14255,-10.96105902,-37.06900247,37962,2015-05-19 03:36:16
14256,-10.96111525,-37.06902894,37962,2015-05-19 03:36:21
14257,-10.9609989,-37.06906211,37962,2015-05-19 03:36:26
14258,-10.96073115,-37.069092100000006,37962,2015-05-19 03:36:36
14259,-10.960744,-37.06907982,37962,2015-05-19 03:36:42
14260,-10.96075089,-37.06907936,37962,2015-05-19 03:36:49
14261,-10.96055888,-37.069089399999996,37962,2015-05-19 03:36:58
14262,-10.96046693,-37.06911198,37962,2015-05-19 03:37:05
14263,-10.96045739,-37.06911629,37962,2015-05-19 03:37:13
14264,-10.9603211,-37.06912494,37962,2015-05-19 03:37:20
14265,-10.9597984,-37.06915839,37962,2015-05-19 03:38:00
14266,-10.95964338,-37.06915392,37962,2015-05-19 03:38:07
14267,-10.95937351,-37.06919066,37962,2015-05-19 03:38:13
14268,-10.95914627,-37.06923262,37962,2015-05-19 03:38:20
14269,-10.95911981,-37.06925128,37962,2015-05-19 03:38:25
14270,-10.95912669,-37.06926327,37962,2015-05-19 03:38:31
14271,-10.95912358,-37.06925689,37962,2015-05-19 03:38:36
14272,-10.95912936,-37.069256599999996,37962,2015-05-19 03:38:44
14273,-10.95901795,-37.06925727,37962,2015-05-19 03:38:49
14274,-10.95876056,-37.06923836,37962,2015-05-19 03:38:57
14275,-10.95828857,-37.06930408,37962,2015-05-19 03:39:05
14276,-10.9579818,-37.06932209,37962,2015-05-19 03:39:11
14277,-10.95737411,-37.06931879,37962,2015-05-19 03:39:22
14278,-10.95732924,-37.06939635,37962,2015-05-19 03:39:31
14279,-10.9571832,-37.06937266,37962,2015-05-19 03:39:37
14280,-10.95707983,-37.06936824,37962,2015-05-19 03:39:42
14281,-10.95687116,-37.06938584,37962,2015-05-19 03:39:52
14282,-10.95691432,-37.06937934,37962,2015-05-19 03:40:02
14283,-10.95672977,-37.06938764,37962,2015-05-19 03:40:12
14284,-10.95658474,-37.06937965,37962,2015-05-19 03:40:18
14285,-10.95657312,-37.06937921,37962,2015-05-19 03:40:24
14286,-10.95656992,-37.06938015,37962,2015-05-19 03:40:29
14287,-10.95621392,-37.06942517,37962,2015-05-19 03:40:37
14288,-10.9559342,-37.0694305,37962,2015-05-19 03:40:43
14289,-10.95592234,-37.06942325,37962,2015-05-19 03:40:49
14290,-10.95584972,-37.06939675,37962,2015-05-19 03:40:55
14291,-10.95583527,-37.06940177,37962,2015-05-19 03:41:03
14292,-10.95583313,-37.06939812,37962,2015-05-19 03:41:09
14293,-10.9556916,-37.06935754,37962,2015-05-19 03:41:15
14294,-10.95548987,-37.06926479,37962,2015-05-19 03:41:20
14295,-10.95546268,-37.06928996,37962,2015-05-19 03:41:26
14296,-10.95542062,-37.06926881,37962,2015-05-19 03:41:31
14297,-10.9551884,-37.06912824,37962,2015-05-19 03:41:36
14298,-10.95496461,-37.06899153,37962,2015-05-19 03:41:42
14299,-10.95481349,-37.06891465,37962,2015-05-19 03:41:47
14300,-10.95465386,-37.06885923,37962,2015-05-19 03:41:52
14301,-10.95449956,-37.06879012,37962,2015-05-19 03:41:58
14302,-10.95404965,-37.06856331,37962,2015-05-19 03:42:05
14303,-10.95354801,-37.06824975,37962,2015-05-19 03:42:10
14304,-10.95281779,-37.06785823,37962,2015-05-19 03:42:16
14305,-10.95231246,-37.06757173,37962,2015-05-19 03:42:21
14306,-10.95050647,-37.06620743,37962,2015-05-19 03:43:01
14307,-10.9501173,-37.06598108,37962,2015-05-19 03:43:07
14308,-10.95015049,-37.06602271,37962,2015-05-19 03:43:12
14309,-10.95017038,-37.066048200000004,37962,2015-05-19 03:43:20
14310,-10.95015839,-37.06604893,37962,2015-05-19 03:43:32
14311,-10.95015906,-37.06605001,37962,2015-05-19 03:43:40
14312,-10.95015998,-37.06604929,37962,2015-05-19 03:43:47
14313,-10.95027986,-37.06623733,37962,2015-05-19 03:43:58
14314,-10.95068363,-37.06677866,37962,2015-05-19 03:44:05
14315,-10.95092634,-37.06713839,37962,2015-05-19 03:44:10
14316,-10.95071983,-37.06805662,37962,2015-05-19 03:44:17
14317,-10.95046482,-37.06885813,37962,2015-05-19 03:44:24
14318,-10.95015703,-37.06958583,37962,2015-05-19 03:44:29
14319,-10.94979692,-37.07031096,37962,2015-05-19 03:44:34
14320,-10.9491471,-37.07103257,37962,2015-05-19 03:44:41
14321,-10.94872586,-37.07148761,37962,2015-05-19 03:44:47
14322,-10.94812519,-37.07215255,37962,2015-05-19 03:44:58
14323,-10.94760314,-37.07270278,37962,2015-05-19 03:45:10
14324,-10.94713495,-37.07314189,37962,2015-05-19 03:45:19
14325,-10.94701705,-37.0732559,37962,2015-05-19 03:45:25
14326,-10.94702193,-37.073259,37962,2015-05-19 03:45:32
14327,-10.94690124,-37.07335939,37962,2015-05-19 03:45:42
14328,-10.94666629,-37.07359391,37962,2015-05-19 03:45:49
14329,-10.94630906,-37.07396211,37962,2015-05-19 03:45:58
14330,-10.94590055,-37.07438452,37962,2015-05-19 03:46:06
14331,-10.9456524,-37.07464894,37962,2015-05-19 03:46:11
14332,-10.94524633,-37.07501869,37962,2015-05-19 03:46:19
14333,-10.94490237,-37.0753809,37962,2015-05-19 03:46:27
14334,-10.94449893,-37.07575675,37962,2015-05-19 03:46:33
14335,-10.94412725,-37.07614073,37962,2015-05-19 03:46:38
14336,-10.94373604,-37.07648595,37962,2015-05-19 03:46:44
14337,-10.94352984,-37.07666855,37962,2015-05-19 03:46:50
14338,-10.94351254,-37.0767007,37962,2015-05-19 03:46:56
14339,-10.94345185,-37.07678699,37962,2015-05-19 03:47:03
14340,-10.94324088,-37.07697559,37962,2015-05-19 03:47:09
14341,-10.94296541,-37.077260200000005,37962,2015-05-19 03:47:18
14342,-10.94187157,-37.07821052,37962,2015-05-19 03:48:00
14343,-10.94180653,-37.07846376,37962,2015-05-19 03:48:07
14344,-10.94172316,-37.07850976,37962,2015-05-19 03:48:13
14345,-10.94172085,-37.0784966,37962,2015-05-19 03:48:19
14346,-10.94164283,-37.07859179,37962,2015-05-19 03:48:24
14347,-10.940876199999998,-37.07935988,37962,2015-05-19 03:48:40
14348,-10.940538900000002,-37.07966321,37962,2015-05-19 03:48:46
14349,-10.94023988,-37.07997198,37962,2015-05-19 03:48:52
14350,-10.94001569,-37.08017447,37962,2015-05-19 03:48:57
14351,-10.93982604,-37.08030208,37962,2015-05-19 03:49:08
14352,-10.93983317,-37.08031231,37962,2015-05-19 03:49:14
14353,-10.93981803,-37.08032876,37962,2015-05-19 03:49:22
14354,-10.93980726,-37.08034146,37962,2015-05-19 03:49:27
14355,-10.93962271,-37.08053649,37962,2015-05-19 03:49:35
14356,-10.93883057,-37.08130629,37962,2015-05-19 03:49:47
14357,-10.93850775,-37.08164379,37962,2015-05-19 03:49:53
14358,-10.93817605,-37.08192953,37962,2015-05-19 03:49:58
14359,-10.93767035,-37.08227827,37962,2015-05-19 03:50:04
14360,-10.93721583,-37.08255616,37962,2015-05-19 03:50:09
14361,-10.937016,-37.08263129,37962,2015-05-19 03:50:15
14362,-10.93696193,-37.08265568,37962,2015-05-19 03:50:21
14363,-10.93696347,-37.08265120000001,37962,2015-05-19 03:50:26
14364,-10.93697544,-37.08264705,37962,2015-05-19 03:50:34
14365,-10.93697202,-37.08265003,37962,2015-05-19 03:50:41
14366,-10.93690283,-37.08267444,37962,2015-05-19 03:50:47
14367,-10.93656344,-37.08278901,37962,2015-05-19 03:50:52
14368,-10.93611613,-37.08291257,37962,2015-05-19 03:50:57
14369,-10.93542957,-37.08305119,37962,2015-05-19 03:51:02
14370,-10.93441672,-37.08308748,37962,2015-05-19 03:51:09
14371,-10.93370777,-37.08295713,37962,2015-05-19 03:51:14
14372,-10.93303086,-37.08275576,37962,2015-05-19 03:51:20
14373,-10.93262192,-37.08258862,37962,2015-05-19 03:51:27
14374,-10.93257543,-37.08254149,37962,2015-05-19 03:51:34
14375,-10.93231286,-37.08243282,37962,2015-05-19 03:51:40
14376,-10.93174112,-37.08220755,37962,2015-05-19 03:51:48
14377,-10.93131243,-37.082045,37962,2015-05-19 03:51:56
14378,-10.93105969,-37.08192172,37962,2015-05-19 03:52:02
14379,-10.93071439,-37.08180064,37962,2015-05-19 03:52:07
14380,-10.93002057,-37.08159081,37962,2015-05-19 03:52:15
14381,-10.92974279,-37.08147366,37962,2015-05-19 03:52:20
14382,-10.92939608,-37.08131462,37962,2015-05-19 03:53:03
14383,-10.92927412,-37.08129695,37962,2015-05-19 03:53:14
14384,-10.92926933,-37.08126548,37962,2015-05-19 03:53:20
14385,-10.92926744,-37.08125767,37962,2015-05-19 03:53:25
14386,-10.92904149,-37.08116302,37962,2015-05-19 03:53:31
14387,-10.92867696,-37.08102705,37962,2015-05-19 03:53:37
14388,-10.9282515,-37.08087822,37962,2015-05-19 03:53:43
14389,-10.92769931,-37.08067469,37962,2015-05-19 03:53:51
14390,-10.9273147,-37.08053641,37962,2015-05-19 03:53:57
14391,-10.92705544,-37.08042714,37962,2015-05-19 03:54:02
14392,-10.9270925,-37.08049229,37962,2015-05-19 03:54:07
14393,-10.92710053,-37.0804761,37962,2015-05-19 03:54:12
14394,-10.92708931,-37.08047021,37962,2015-05-19 03:54:18
14395,-10.92709666,-37.08048502,37962,2015-05-19 03:54:25
14396,-10.92709502,-37.08048535,37962,2015-05-19 03:54:31
14397,-10.92708833,-37.08048193,37962,2015-05-19 03:54:37
14398,-10.92708578,-37.08048339,37962,2015-05-19 03:54:43
14399,-10.92708297,-37.08047919,37962,2015-05-19 03:54:51
14400,-10.92708262,-37.08047894,37962,2015-05-19 03:54:56
14401,-10.92708231,-37.08047959,37962,2015-05-19 03:55:03
14402,-10.92708241,-37.08047991,37962,2015-05-19 03:55:08
14403,-10.92706029,-37.08047496,37962,2015-05-19 03:55:15
14404,-10.92676353,-37.08042642,37962,2015-05-19 03:55:21
14405,-10.92620825,-37.08038637,37962,2015-05-19 03:55:28
14406,-10.92570863,-37.080439,37962,2015-05-19 03:55:36
14407,-10.92535048,-37.08042683,37962,2015-05-19 03:55:45
14408,-10.92523735,-37.08042296,37962,2015-05-19 03:55:51
14409,-10.92522672,-37.08044833,37962,2015-05-19 03:55:57
14410,-10.92523007,-37.08045833,37962,2015-05-19 03:56:02
14411,-10.92522975,-37.08046152,37962,2015-05-19 03:56:07
14412,-10.92510172,-37.0804671,37962,2015-05-19 03:56:13
14413,-10.92508845,-37.08039617,37962,2015-05-19 03:56:20
14414,-10.92508862,-37.08042491,37962,2015-05-19 03:56:26
14415,-10.92508863,-37.08045791,37962,2015-05-19 03:56:33
14416,-10.92506503,-37.08046509,37962,2015-05-19 03:56:39
14417,-10.92501228,-37.0804927,37962,2015-05-19 03:56:50
14418,-10.92504929,-37.08049537,37962,2015-05-19 03:56:57
14419,-10.92505512,-37.08048923,37962,2015-05-19 03:57:07
14420,-10.92505522,-37.08048905,37962,2015-05-19 03:57:13
14421,-10.92505715,-37.08048755,37962,2015-05-19 03:57:19
14422,-10.9250569,-37.08048763,37962,2015-05-19 03:57:24
14423,-10.92364755,-37.08096409,37962,2015-05-19 03:57:55
14424,-10.92332881,-37.08111588,37962,2015-05-19 03:58:01
14425,-10.92308835,-37.08123434,37962,2015-05-19 03:58:10
14426,-10.9230894,-37.08120311,37962,2015-05-19 03:58:16
14427,-10.92293006,-37.08127984,37962,2015-05-19 03:58:24
14428,-10.92283393,-37.08133467,37962,2015-05-19 03:58:29
14429,-10.92279203,-37.08137108,37962,2015-05-19 03:58:34
14430,-10.92262798,-37.08148423,37962,2015-05-19 03:58:43
14431,-10.92243684,-37.08164583,37962,2015-05-19 03:58:49
14432,-10.92233165,-37.08178852,37962,2015-05-19 03:58:58
14433,-10.92234993,-37.0817727,37962,2015-05-19 03:59:05
14434,-10.92235264,-37.08176375,37962,2015-05-19 03:59:10
14435,-10.92236188,-37.08171471,37962,2015-05-19 03:59:16
14436,-10.92233748,-37.08169395,37962,2015-05-19 03:59:21
14437,-10.92219308,-37.08180329,37962,2015-05-19 03:59:26
14438,-10.92202429,-37.08201639,37962,2015-05-19 03:59:33
14439,-10.92184783,-37.08220302,37962,2015-05-19 03:59:41
14440,-10.92175814,-37.08227846,37962,2015-05-19 03:59:46
14441,-10.92166326,-37.08233426,37962,2015-05-19 03:59:54
14442,-10.92164821,-37.08232483,37962,2015-05-19 04:00:03
14443,-10.92165073,-37.08232628,37962,2015-05-19 04:00:10
14444,-10.92165026,-37.08232698,37962,2015-05-19 04:00:15
14445,-10.92164583,-37.08233036,37962,2015-05-19 04:00:23
14446,-10.92147429,-37.08250699,37962,2015-05-19 04:00:33
14447,-10.92141339,-37.08260827,37962,2015-05-19 04:00:40
14448,-10.92122334,-37.08282812,37962,2015-05-19 04:00:49
14449,-10.9210214,-37.08300968,37962,2015-05-19 04:00:57
14450,-10.92080914,-37.0831566,37962,2015-05-19 04:01:04
14451,-10.92067986,-37.08323815,37962,2015-05-19 04:01:10
14452,-10.9204064,-37.08348187,37962,2015-05-19 04:01:17
14453,-10.92025587,-37.08364367,37962,2015-05-19 04:01:23
14454,-10.91999724,-37.08385843,37962,2015-05-19 04:01:31
14455,-10.91992931,-37.08392278,37962,2015-05-19 04:01:36
14456,-10.91994331,-37.08395975,37962,2015-05-19 04:01:42
14457,-10.91995803,-37.08396081,37962,2015-05-19 04:01:53
14458,-10.919959500000001,-37.08395795,37962,2015-05-19 04:02:00
14459,-10.91995902,-37.08395612,37962,2015-05-19 04:02:08
14460,-10.91995972,-37.08395658,37962,2015-05-19 04:02:13
14461,-10.91995937,-37.08395575,37962,2015-05-19 04:02:18
14462,-10.91982849,-37.08408253,37962,2015-05-19 04:02:24
14463,-10.9181755,-37.08563427,37962,2015-05-19 04:03:09
14464,-10.91799889,-37.08565038,37962,2015-05-19 04:03:14
14465,-10.91791589,-37.08570834,37962,2015-05-19 04:03:22
14466,-10.91793502,-37.08571926,37962,2015-05-19 04:03:27
14467,-10.91801034,-37.08566795,37962,2015-05-19 04:03:32
14468,-10.91802887,-37.08565953,37962,2015-05-19 04:03:37
14469,-10.91804637,-37.08565008,37962,2015-05-19 04:03:43
14470,-10.91797939,-37.085709,37962,2015-05-19 04:03:49
14471,-10.91774297,-37.08590344,37962,2015-05-19 04:03:59
14472,-10.91773361,-37.08590527,37962,2015-05-19 04:04:05
14473,-10.91767354,-37.08594756,37962,2015-05-19 04:04:10
14474,-10.91725468,-37.08634712,37962,2015-05-19 04:04:18
14475,-10.91667314,-37.08688967,37962,2015-05-19 04:04:25
14476,-10.91625819,-37.08725747,37962,2015-05-19 04:04:31
14477,-10.91612883,-37.08740028,37962,2015-05-19 04:04:38
14478,-10.91594764,-37.08754725,37962,2015-05-19 04:04:44
14479,-10.91580871,-37.08764266,37962,2015-05-19 04:04:49
14480,-10.91564459,-37.08782872,37962,2015-05-19 04:04:57
14481,-10.91551597,-37.08796465,37962,2015-05-19 04:05:03
14482,-10.9154873,-37.08795818,37962,2015-05-19 04:05:08
14483,-10.91545377,-37.08797816,37962,2015-05-19 04:05:16
14484,-10.91526594,-37.08815595,37962,2015-05-19 04:05:23
14485,-10.91495917,-37.08838158,37962,2015-05-19 04:05:28
14486,-10.91402417,-37.08901069,37962,2015-05-19 04:05:39
14487,-10.9129252,-37.08961925,37962,2015-05-19 04:05:49
14488,-10.91199823,-37.09001581,37962,2015-05-19 04:05:55
14489,-10.91111982,-37.09029781,37962,2015-05-19 04:06:00
14490,-10.90983105,-37.09069954,37962,2015-05-19 04:06:07
14491,-10.90856213,-37.09108167,37962,2015-05-19 04:06:14
14492,-10.90710816,-37.09093927,37962,2015-05-19 04:06:23
14493,-10.90688609,-37.09021701,37962,2015-05-19 04:06:31
14494,-10.907519800000001,-37.09073606,37962,2015-05-19 04:06:39
14495,-10.90751928,-37.09119471,37962,2015-05-19 04:06:45
14496,-10.90684484,-37.09187913,37962,2015-05-19 04:07:00
14497,-10.90731261,-37.0912851,37962,2015-05-19 04:07:08
14498,-10.90815905,-37.09131723,37962,2015-05-19 04:07:18
14499,-10.90878575,-37.091137100000005,37962,2015-05-19 04:07:25
14500,-10.9116496,-37.09032545,37962,2015-05-19 04:07:58
14501,-10.91192245,-37.09024545,37962,2015-05-19 04:08:03
14502,-10.91255552,-37.09119072,37962,2015-05-19 04:08:15
14503,-10.9121597,-37.09196586,37962,2015-05-19 04:08:21
14504,-10.91081994,-37.09299409,37962,2015-05-19 04:08:35
14505,-10.91004925,-37.09258661,37962,2015-05-19 04:08:42
14506,-10.90952554,-37.09217267,37962,2015-05-19 04:08:48
14507,-10.90928783,-37.09200665,37962,2015-05-19 04:08:54
14508,-10.90943199,-37.09184998,37962,2015-05-19 04:09:00
14509,-10.90960941,-37.09194035,37962,2015-05-19 04:09:05
14510,-10.90988028,-37.09218293,37962,2015-05-19 04:09:11
14511,-10.91002133,-37.092276700000006,37962,2015-05-19 04:09:16
14512,-10.91005582,-37.0923171,37962,2015-05-19 04:09:23
14513,-10.91004024,-37.09231578,37962,2015-05-19 04:09:28
14514,-10.91004996,-37.09230711,37962,2015-05-19 04:09:34
14515,-10.91004008,-37.09233551,37962,2015-05-19 04:09:49
14516,-10.91009209,-37.09227174,37962,2015-05-19 04:09:59
14517,-10.91006179,-37.09219616,37962,2015-05-19 04:10:05
14518,-10.9100414,-37.09215809,37962,2015-05-19 04:10:10
14519,-10.91002533,-37.09214198,37962,2015-05-19 04:10:16
14520,-10.91000528,-37.09212749,37962,2015-05-19 04:10:21
14521,-10.97354334,-37.04268089,37964,2015-05-20 06:21:29
14522,-10.97292737,-37.04254496,37964,2015-05-20 06:21:41
14523,-10.97182069,-37.04232181,37964,2015-05-20 06:21:55
14524,-10.9708242,-37.04213012,37964,2015-05-20 06:22:07
14525,-10.97085249,-37.04205564,37964,2015-05-20 06:22:20
14526,-10.97014571,-37.04190663,37964,2015-05-20 06:22:31
14527,-10.96876009,-37.04168129999999,37964,2015-05-20 06:22:43
14528,-10.96845142,-37.04154056,37964,2015-05-20 06:22:53
14529,-10.96825221,-37.041535499999995,37964,2015-05-20 06:23:03
14530,-10.96839826,-37.04157728,37964,2015-05-20 06:23:13
14531,-10.96837865,-37.04156751,37964,2015-05-20 06:23:25
14532,-10.96812582,-37.04149794,37964,2015-05-20 06:23:35
14533,-10.9669641,-37.04122491,37964,2015-05-20 06:23:46
14534,-10.96683672,-37.04124461,37964,2015-05-20 06:24:02
14535,-10.96547681,-37.04098811,37964,2015-05-20 06:24:14
14536,-10.96407753,-37.04093148,37964,2015-05-20 06:24:24
14537,-10.96275535,-37.04113716,37964,2015-05-20 06:24:35
14538,-10.96159237,-37.04176897,37964,2015-05-20 06:24:46
14539,-10.96025611,-37.04241862,37964,2015-05-20 06:24:58
14540,-10.95927394,-37.04268343,37964,2015-05-20 06:25:13
14541,-10.95847771,-37.04312537,37964,2015-05-20 06:25:28
14542,-10.95740356,-37.04352702,37964,2015-05-20 06:25:39
14543,-10.95662641,-37.04394262,37964,2015-05-20 06:25:49
14544,-10.9555606,-37.04445653,37964,2015-05-20 06:25:59
14545,-10.953906300000002,-37.04496553,37964,2015-05-20 06:26:11
14546,-10.948681599999999,-37.04526198,37964,2015-05-20 06:26:47
14547,-10.9469873,-37.04552848,37964,2015-05-20 06:27:16
14548,-10.94520408,-37.04599889,37964,2015-05-20 06:27:28
14549,-10.944428599999998,-37.04648139,37964,2015-05-20 06:27:39
14550,-10.94436364,-37.04669365,37964,2015-05-20 06:27:49
14551,-10.94404076,-37.04705478,37964,2015-05-20 06:28:05
14552,-10.94310246,-37.04783311,37964,2015-05-20 06:28:19
14553,-10.94186384,-37.04936649,37964,2015-05-20 06:28:34
14554,-10.94140997,-37.0499341,37964,2015-05-20 06:28:47
14555,-10.94144644,-37.04995415,37964,2015-05-20 06:28:57
14556,-10.94143084,-37.04997159,37964,2015-05-20 06:29:07
14557,-10.9405383,-37.05045068,37964,2015-05-20 06:29:21
14558,-10.93895533,-37.05057113,37964,2015-05-20 06:29:32
14559,-10.93796348,-37.05045114,37964,2015-05-20 06:29:42
14560,-10.93776534,-37.05039199,37964,2015-05-20 06:29:52
14561,-10.93740924,-37.05053656,37964,2015-05-20 06:30:02
14562,-10.9367316,-37.05039469,37964,2015-05-20 06:30:13
14563,-10.93430846,-37.04985786,37964,2015-05-20 06:30:29
14564,-10.93283561,-37.04872378,37964,2015-05-20 06:30:42
14565,-10.93173348,-37.04777021,37964,2015-05-20 06:30:54
14566,-10.93057736,-37.04637421,37964,2015-05-20 06:31:07
14567,-10.92744124,-37.04319396,37964,2015-05-20 06:31:37
14568,-10.92583126,-37.04375537,37964,2015-05-20 06:31:49
14569,-10.92433253,-37.04395741,37964,2015-05-20 06:32:03
14570,-10.92425796,-37.04387439,37964,2015-05-20 06:32:13
14571,-10.91865737,-37.05568165,37965,2015-05-20 09:53:22
14572,-10.918550199999999,-37.05723077,37965,2015-05-20 09:53:37
14573,-10.91851587,-37.05858912,37965,2015-05-20 09:53:53
14574,-10.91857332,-37.05862563,37965,2015-05-20 09:54:04
14575,-10.91862066,-37.05980919,37965,2015-05-20 09:55:14
14576,-10.9186927,-37.06168257,37965,2015-05-20 09:55:25
14577,-10.91858435,-37.06389044,37965,2015-05-20 09:56:12
14578,-10.91854811,-37.06503889,37965,2015-05-20 09:56:28
14579,-10.9187581,-37.06608072,37965,2015-05-20 09:56:39
14580,-10.91832247,-37.07385013,37965,2015-05-20 09:58:47
14581,-10.91835268,-37.07392802,37965,2015-05-20 09:59:03
14582,-10.91829732,-37.07383643,37965,2015-05-20 09:59:13
14583,-10.91829897,-37.07382303,37965,2015-05-20 09:59:23
14584,-10.91830167,-37.073820899999994,37965,2015-05-20 09:59:33
14585,-10.91830544,-37.07387401,37965,2015-05-20 09:59:44
14586,-10.91834827,-37.07462031,37965,2015-05-20 09:59:54
14587,-10.91835366,-37.07752670000001,37965,2015-05-20 10:00:22
14588,-10.91845706,-37.07848951,37965,2015-05-20 10:00:33
14589,-10.91866589,-37.07875419,37965,2015-05-20 10:00:45
14590,-10.91870422,-37.08408787,37965,2015-05-20 10:01:33
14591,-10.92011691,-37.08803032,37965,2015-05-20 10:03:18
14592,-10.92012354,-37.08802506,37965,2015-05-20 10:03:30
14593,-10.92255693,-37.09467613,37965,2015-05-20 10:08:25
14594,-10.92272987,-37.09588111,37965,2015-05-20 10:08:35
14595,-10.9218534,-37.09897793,37965,2015-05-20 10:08:58
14596,-10.92110707,-37.10121373,37965,2015-05-20 10:09:28
14597,-10.89684726,-37.0535463,37967,2015-05-20 18:41:30
14598,-10.89684523,-37.05354152,37967,2015-05-20 18:41:40
14599,-10.89684692,-37.05354145,37967,2015-05-20 18:41:51
14600,-10.89684604,-37.05354092,37967,2015-05-20 18:42:01
14601,-10.89684981,-37.0535407,37967,2015-05-20 18:42:11
14602,-10.89685326,-37.05354043,37967,2015-05-20 18:42:23
14603,-10.89685029,-37.053557299999994,37967,2015-05-20 18:42:33
14604,-10.89685041,-37.05355729,37967,2015-05-20 18:42:44
14605,-10.89685774,-37.05355203,37967,2015-05-20 18:42:55
14606,-10.89685739,-37.05355219,37967,2015-05-20 18:43:08
14607,-10.896857199999998,-37.05355245,37967,2015-05-20 18:43:20
14608,-10.89685646,-37.05355432,37967,2015-05-20 18:43:30
14609,-10.89685623,-37.05355466,37967,2015-05-20 18:43:42
14610,-10.89685611,-37.05355479999999,37967,2015-05-20 18:43:53
14611,-10.89685613,-37.05355471,37967,2015-05-20 18:44:03
14612,-10.89685641,-37.05355441,37967,2015-05-20 18:44:13
14613,-10.89685747,-37.0535532,37967,2015-05-20 18:44:38
14614,-10.89685772,-37.05355311,37967,2015-05-20 18:44:48
14615,-10.89685767,-37.05355316,37967,2015-05-20 18:44:59
14616,-10.89685716,-37.05355301,37967,2015-05-20 18:45:17
14617,-10.89685753,-37.05355322,37967,2015-05-20 18:45:28
14618,-10.89685835,-37.05355276,37967,2015-05-20 18:45:40
14619,-10.89685828,-37.05355262,37967,2015-05-20 18:45:50
14620,-10.89685795,-37.05355246,37967,2015-05-20 18:46:00
14621,-10.89685776,-37.05355258,37967,2015-05-20 18:46:16
14622,-10.89685752,-37.05355264,37967,2015-05-20 18:46:27
14623,-10.896858199999999,-37.05355203,37967,2015-05-20 18:46:39
14624,-10.89685787,-37.05355234,37967,2015-05-20 18:46:51
14625,-10.89685778,-37.05355246,37967,2015-05-20 18:47:02
14626,-10.89685751,-37.05355245,37967,2015-05-20 18:47:17
14627,-10.89685731,-37.05355244,37967,2015-05-20 18:47:30
14628,-10.89685759,-37.05355179,37967,2015-05-20 18:47:42
14629,-10.89685761,-37.0535516,37967,2015-05-20 18:47:52
14630,-10.89685772,-37.05355162,37967,2015-05-20 18:48:02
14631,-10.89685789,-37.05355159,37967,2015-05-20 18:48:14
14632,-10.89685783,-37.05355152,37967,2015-05-20 18:48:24
14633,-10.89685807,-37.05355149,37967,2015-05-20 18:48:34
14634,-10.89685889,-37.05355082,37967,2015-05-20 18:48:45
14635,-10.896859,-37.05355063,37967,2015-05-20 18:48:56
14636,-10.89685896,-37.05355037,37967,2015-05-20 18:49:06
14637,-10.89685901,-37.05354999,37967,2015-05-20 18:49:17
14638,-10.89685898,-37.05354951,37967,2015-05-20 18:49:35
14639,-10.89685905,-37.05354935,37967,2015-05-20 18:49:45
14640,-10.89685898,-37.053549,37967,2015-05-20 18:49:55
14641,-10.89685896,-37.053548799999994,37967,2015-05-20 18:50:05
14642,-10.89685891,-37.05354854,37967,2015-05-20 18:50:16
14643,-10.89685906,-37.05354831,37967,2015-05-20 18:50:26
14644,-10.89685883,-37.05354842,37967,2015-05-20 18:50:36
14645,-10.89685918,-37.05354791,37967,2015-05-20 18:50:47
14646,-10.89685927,-37.05354766,37967,2015-05-20 18:50:57
14647,-10.89685891,-37.05354744,37967,2015-05-20 18:51:13
14648,-10.89685859,-37.05354741,37967,2015-05-20 18:51:23
14649,-10.89685858,-37.05354724,37967,2015-05-20 18:51:34
14650,-10.89685902,-37.05354679,37967,2015-05-20 18:51:44
14651,-10.89685909,-37.05354668,37967,2015-05-20 18:51:55
14652,-10.89685907,-37.05354672,37967,2015-05-20 18:52:07
14653,-10.89685881,-37.053547200000004,37967,2015-05-20 18:52:17
14654,-10.89685888,-37.05354714,37967,2015-05-20 18:52:28
14655,-10.89685879,-37.05354746,37967,2015-05-20 18:52:38
14656,-10.8968595,-37.05354733,37967,2015-05-20 18:52:50
14657,-10.89685938,-37.05354726,37967,2015-05-20 18:53:00
14658,-10.89685931,-37.05354734,37967,2015-05-20 18:53:11
14659,-10.89685944,-37.05354724,37967,2015-05-20 18:53:24
14660,-10.89685923,-37.0535474,37967,2015-05-20 18:53:36
14661,-10.89685992,-37.05354689,37967,2015-05-20 18:53:50
14662,-10.89686004,-37.05354682,37967,2015-05-20 18:54:00
14663,-10.89686007,-37.05354664,37967,2015-05-20 18:54:13
14664,-10.89686014,-37.05354639,37967,2015-05-20 18:54:24
14665,-10.89686019,-37.05354613,37967,2015-05-20 18:54:36
14666,-10.89686056,-37.05354603,37967,2015-05-20 18:54:48
14667,-10.89686062,-37.05354604,37967,2015-05-20 18:55:01
14668,-10.89686065,-37.05354601,37967,2015-05-20 18:55:13
14669,-10.8968608,-37.05354597,37967,2015-05-20 18:55:23
14670,-10.89686098,-37.05354594,37967,2015-05-20 18:55:34
14671,-10.89686144,-37.05354546,37967,2015-05-20 18:55:46
14672,-10.89686158,-37.05354553,37967,2015-05-20 18:55:57
14673,-10.89686175,-37.05354549,37967,2015-05-20 18:56:09
14674,-10.89686195,-37.05354537,37967,2015-05-20 18:56:20
14675,-10.89686185,-37.05354554,37967,2015-05-20 18:56:31
14676,-10.89686188,-37.05354563,37967,2015-05-20 18:56:43
14677,-10.89686247,-37.05354518,37967,2015-05-20 18:56:53
14678,-10.89686241,-37.05354525,37967,2015-05-20 18:57:03
14679,-10.89686241,-37.0535452,37967,2015-05-20 18:57:16
14680,-10.89686258,-37.0535451,37967,2015-05-20 18:57:26
14681,-10.896862599999999,-37.05354493,37967,2015-05-20 18:57:36
14682,-10.89686254,-37.05354501,37967,2015-05-20 18:57:47
14683,-10.89686293,-37.0535448,37967,2015-05-20 18:57:58
14684,-10.89686297,-37.05354471,37967,2015-05-20 18:58:10
14685,-10.89686294,-37.05354465,37967,2015-05-20 18:58:20
14686,-10.8968629,-37.0535447,37967,2015-05-20 18:58:30
14687,-10.89686278,-37.05354458,37967,2015-05-20 18:58:40
14688,-10.89686264,-37.0535445,37967,2015-05-20 18:58:54
14689,-10.896862599999999,-37.05354446,37967,2015-05-20 18:59:04
14690,-10.896862599999999,-37.0535445,37967,2015-05-20 18:59:15
14691,-10.89686253,-37.05354439999999,37967,2015-05-20 18:59:29
14692,-10.89686287,-37.05354426,37967,2015-05-20 18:59:41
14699,-10.91878273,-37.07014091,37969,2015-05-21 15:32:03
14700,-10.91876769,-37.07006912,37969,2015-05-21 15:32:16
14701,-10.9188018,-37.06954122,37969,2015-05-21 15:32:27
14702,-10.91879663,-37.06841096,37969,2015-05-21 15:32:40
14703,-10.91876981,-37.06698573,37969,2015-05-21 15:32:54
14704,-10.91875062,-37.06596115,37969,2015-05-21 15:33:06
14705,-10.91873761,-37.0658325,37969,2015-05-21 15:33:19
14706,-10.91873278,-37.06582096,37969,2015-05-21 15:33:31
14707,-10.91873722,-37.06533043,37969,2015-05-21 15:33:45
14708,-10.91874026,-37.06487786,37969,2015-05-21 15:33:55
14709,-10.91871987,-37.06409125,37969,2015-05-21 15:34:05
14710,-10.91868498,-37.0630619,37969,2015-05-21 15:34:16
14711,-10.91866123,-37.06220804,37969,2015-05-21 15:34:28
14712,-10.91867962,-37.06142144,37969,2015-05-21 15:34:46
14713,-10.91866269,-37.06108124,37969,2015-05-21 15:34:57
14714,-10.91865504,-37.06003358,37969,2015-05-21 15:35:10
14715,-10.91865298,-37.0588381,37969,2015-05-21 15:35:25
14716,-10.91861719,-37.05800347,37969,2015-05-21 15:35:36
14717,-10.91857598,-37.05670634,37969,2015-05-21 15:35:50
14718,-10.91858688,-37.05671056,37969,2015-05-21 15:36:01
14719,-10.91859561,-37.05610576,37969,2015-05-21 15:36:15
14720,-10.91859988,-37.05559154,37969,2015-05-21 15:36:25
14721,-10.91858161,-37.0555854,37969,2015-05-21 15:36:35
14722,-10.91857526,-37.05548727,37969,2015-05-21 15:36:51
14723,-10.91855097,-37.0546007,37969,2015-05-21 15:37:07
14724,-10.91855914,-37.05441807,37969,2015-05-21 15:37:17
14725,-10.91853274,-37.05393946,37969,2015-05-21 15:37:27
14726,-10.91853137,-37.05288933,37969,2015-05-21 15:37:38
14727,-10.91853508,-37.05239478,37969,2015-05-21 15:37:50
14728,-10.91853491,-37.05217497,37969,2015-05-21 15:38:00
14729,-10.91852359,-37.05192501,37969,2015-05-21 15:38:10
14730,-10.91851285,-37.05192078,37969,2015-05-21 15:38:21
14731,-10.91850587,-37.05192808,37969,2015-05-21 15:38:33
14732,-10.91850848,-37.05193513,37969,2015-05-21 15:38:43
14733,-10.91852408,-37.05159982,37969,2015-05-21 15:38:55
14734,-10.91850194,-37.050356799999996,37969,2015-05-21 15:39:10
14735,-10.91845462,-37.04965812,37969,2015-05-21 15:39:20
14736,-10.91844862,-37.0496471,37969,2015-05-21 15:39:32
14737,-10.91844806,-37.04964682,37969,2015-05-21 15:39:46
14738,-10.91848507,-37.0491667,37969,2015-05-21 15:39:57
14739,-10.91847174,-37.04871382,37969,2015-05-21 15:40:08
14740,-10.91848624,-37.04871629,37969,2015-05-21 15:40:20
14741,-10.91847288,-37.04823569,37969,2015-05-21 15:40:31
14742,-10.91844777,-37.04762284,37969,2015-05-21 15:40:44
14743,-10.91845131,-37.04761147,37969,2015-05-21 15:41:00
14744,-10.91845237,-37.04715909,37969,2015-05-21 15:41:17
14745,-10.91792151,-37.04687475,37969,2015-05-21 15:41:29
14746,-10.91660793,-37.04736322,37969,2015-05-21 15:41:43
14747,-10.91640723,-37.04739222,37969,2015-05-21 15:41:53
14748,-10.91606557,-37.04751145,37969,2015-05-21 15:42:03
14749,-10.91516684,-37.04771258,37969,2015-05-21 15:42:14
14750,-10.914036300000001,-37.04776839,37969,2015-05-21 15:42:24
14751,-10.91332537,-37.04778316,37969,2015-05-21 15:42:35
14752,-10.91239774,-37.04776905,37969,2015-05-21 15:42:53
14753,-10.9117063,-37.04788959,37969,2015-05-21 15:43:04
14754,-10.91163047,-37.04790033,37969,2015-05-21 15:43:26
14757,-10.89686356,-37.05353223,37971,2015-05-22 06:55:25
14758,-10.89692061,-37.05335712,37971,2015-05-22 06:55:35
14761,-10.89686765,-37.05354487,37973,2015-05-22 07:19:50
14762,-10.89687128,-37.05354486,37973,2015-05-22 07:19:57
14763,-10.89685665,-37.0535124,37973,2015-05-22 07:20:02
14764,-10.89686963,-37.05348595,37973,2015-05-22 07:20:07
14765,-10.89687947,-37.05350309,37973,2015-05-22 07:20:15
14766,-10.89687829,-37.05350304,37973,2015-05-22 07:20:21
14767,-10.89687893,-37.05350192,37973,2015-05-22 07:20:26
14768,-10.89688026,-37.05349847,37973,2015-05-22 07:20:32
14769,-10.89688038,-37.05349918,37973,2015-05-22 07:20:42
14770,-10.89688021,-37.053499,37973,2015-05-22 07:20:47
14783,-10.896918099999999,-37.05351215,37979,2015-05-22 09:18:49
14784,-10.89688801,-37.0535813,37979,2015-05-22 09:19:00
14785,-10.89685841,-37.05363029,37979,2015-05-22 09:19:10
14786,-10.89686751,-37.05362283,37979,2015-05-22 09:19:21
14787,-10.89687513,-37.05360775,37979,2015-05-22 09:19:32
14788,-10.89687602,-37.05360659,37979,2015-05-22 09:19:42
14789,-10.89687789,-37.05360346,37979,2015-05-22 09:19:56
14790,-10.89687885,-37.05360071,37979,2015-05-22 09:20:11
14791,-10.89687925,-37.05360121,37979,2015-05-22 09:20:21
14792,-10.8968781,-37.05359933,37979,2015-05-22 09:20:31
14793,-10.89687788,-37.05359866,37979,2015-05-22 09:20:42
14794,-10.89687777,-37.05359873,37979,2015-05-22 09:20:53
14795,-10.89684201,-37.05356829,37979,2015-05-22 09:21:05
14796,-10.89684622,-37.05353433,37979,2015-05-22 09:21:20
14797,-10.89685301,-37.05354094,37979,2015-05-22 09:21:30
14801,-10.89683459,-37.05351843,37983,2015-05-22 09:26:35
14802,-10.89688835,-37.05353131,37983,2015-05-22 09:26:45
14808,-10.92849684,-37.04396363,37989,2015-05-22 09:50:28
14809,-10.93008108,-37.04596374,37989,2015-05-22 09:52:04
14810,-10.93108258,-37.04727087,37989,2015-05-22 09:53:05
14811,-10.93141217,-37.0478528,37989,2015-05-22 09:53:16
14812,-10.93369444,-37.04958115,37989,2015-05-22 09:53:53
14813,-10.941251699999999,-37.05038685,37989,2015-05-22 09:55:56
14814,-10.94255771,-37.04888344,37989,2015-05-22 09:56:18
14815,-10.9444944,-37.04688583,37989,2015-05-22 09:56:59
14816,-10.94473626,-37.04668541,37989,2015-05-22 09:57:12
14817,-10.94536517,-37.04636283,37989,2015-05-22 09:57:24
14818,-10.94639158,-37.04588896,37989,2015-05-22 09:57:39
14819,-10.94751721,-37.04572981,37989,2015-05-22 09:57:52
14820,-10.94835298,-37.04562065,37989,2015-05-22 09:58:04
14821,-10.94852754,-37.045618100000006,37989,2015-05-22 09:58:16
14822,-10.94937215,-37.04554779,37989,2015-05-22 09:58:31
14823,-10.95024938,-37.04540578,37989,2015-05-22 09:58:43
14824,-10.94953479,-37.04517239,37989,2015-05-22 09:58:54
14825,-10.94846469,-37.04524159,37989,2015-05-22 09:59:04
14826,-10.94427056,-37.0464956,37989,2015-05-22 09:59:39
14827,-10.94393897,-37.04708914,37989,2015-05-22 09:59:52
14828,-10.94353467,-37.04733392,37989,2015-05-22 10:00:02
14829,-10.94268212,-37.04832269,37989,2015-05-22 10:00:15
14830,-10.94197967,-37.04918909,37989,2015-05-22 10:00:26
14831,-10.9414788,-37.04979783,37989,2015-05-22 10:00:36
14832,-10.9417874,-37.05119608,37989,2015-05-22 10:01:38
14833,-10.94263975,-37.05135176,37989,2015-05-22 10:01:48
14834,-10.94321826,-37.05134295,37989,2015-05-22 10:02:00
14835,-10.94470807,-37.05140719,37989,2015-05-22 10:02:45
14836,-10.94578708,-37.05129744,37989,2015-05-22 10:02:55
14837,-10.94731062,-37.05120071,37989,2015-05-22 10:03:07
14838,-10.94866599,-37.05135358,37989,2015-05-22 10:03:17
14839,-10.94994641,-37.05165368,37989,2015-05-22 10:03:27
14840,-10.95227159,-37.05187847,37989,2015-05-22 10:03:47
14841,-10.95386161,-37.0523973,37989,2015-05-22 10:04:04
14842,-10.95921092,-37.0544203,37989,2015-05-22 10:06:12
14843,-10.961145599999998,-37.05479331,37989,2015-05-22 10:06:26
14844,-10.96238233,-37.054686100000005,37989,2015-05-22 10:06:36
14845,-10.96382248,-37.05371354,37989,2015-05-22 10:06:50
14846,-10.96517428,-37.05351474,37989,2015-05-22 10:07:01
14847,-10.96634235,-37.05341081,37989,2015-05-22 10:07:12
14848,-10.967358099999998,-37.05349209,37989,2015-05-22 10:07:22
14849,-10.96849713,-37.053689299999995,37989,2015-05-22 10:07:32
14850,-10.96953661,-37.05373304,37989,2015-05-22 10:07:45
14851,-10.97007314,-37.05735492,37989,2015-05-22 10:09:00
14852,-10.96982292,-37.05784207,37989,2015-05-22 10:09:11
14853,-10.96955321,-37.05852709,37989,2015-05-22 10:09:21
14854,-10.96956616,-37.05916267,37989,2015-05-22 10:09:31
14855,-10.96961521,-37.05899413,37989,2015-05-22 10:09:49
14856,-10.96958421,-37.05874291,37989,2015-05-22 10:09:59
14857,-10.96939764,-37.05866998,37989,2015-05-22 10:10:11
14858,-10.96933511,-37.05860129,37989,2015-05-22 10:10:25
14859,-10.96925697,-37.05869445,37989,2015-05-22 10:10:37
14860,-10.96919312,-37.05879621,37989,2015-05-22 10:10:48
14861,-10.969104699999999,-37.05888446,37989,2015-05-22 10:10:59
14864,-10.97713939,-37.04681348,37992,2015-05-24 14:25:35
14865,-10.96783826,-37.04132146,37992,2015-05-24 14:28:54
14866,-10.96795053,-37.04149641,37992,2015-05-24 14:29:00
14867,-10.96802615,-37.04150246,37992,2015-05-24 14:29:10
14868,-10.96804731,-37.04149291,37992,2015-05-24 14:29:26
14869,-10.96804676,-37.04149289,37992,2015-05-24 14:29:31
14870,-10.96804708,-37.04149347,37992,2015-05-24 14:29:38
14871,-10.96758778,-37.04142223,37992,2015-05-24 14:29:45
14872,-10.96705501,-37.04133587,37992,2015-05-24 14:29:50
14873,-10.96619282,-37.04113142,37992,2015-05-24 14:29:56
14874,-10.96526506,-37.040921600000004,37992,2015-05-24 14:30:02
14875,-10.96435815,-37.04088176,37992,2015-05-24 14:30:07
14876,-10.96333294,-37.04102004,37992,2015-05-24 14:30:13
14877,-10.96210724,-37.04151305,37992,2015-05-24 14:30:21
14878,-10.96139037,-37.041856700000004,37992,2015-05-24 14:30:26
14879,-10.960710800000001,-37.04224853,37992,2015-05-24 14:30:31
14880,-10.95959306,-37.04272975,37992,2015-05-24 14:30:38
14881,-10.95820732,-37.04317627,37992,2015-05-24 14:30:46
14882,-10.95653523,-37.04395336,37992,2015-05-24 14:30:56
14883,-10.95517553,-37.04467256,37992,2015-05-24 14:31:04
14884,-10.95390085,-37.04499209,37992,2015-05-24 14:31:11
14885,-10.95272871,-37.04529722,37992,2015-05-24 14:31:17
14886,-10.95164007,-37.04539457,37992,2015-05-24 14:31:23
14887,-10.95049933,-37.04529243,37992,2015-05-24 14:31:30
14888,-10.94974166,-37.045221600000005,37992,2015-05-24 14:31:35
14889,-10.94897494,-37.04517044,37992,2015-05-24 14:31:40
14890,-10.94831113,-37.04523389,37992,2015-05-24 14:31:46
14891,-10.94725249,-37.04537463,37992,2015-05-24 14:31:54
14892,-10.946297,-37.04556052,37992,2015-05-24 14:32:00
14893,-10.94536267,-37.04587979,37992,2015-05-24 14:32:07
14894,-10.94490692,-37.04614048,37992,2015-05-24 14:32:12
14895,-10.94448504,-37.04643909,37992,2015-05-24 14:32:17
14896,-10.94401581,-37.04681171,37992,2015-05-24 14:32:23
14897,-10.94318205,-37.04755834,37992,2015-05-24 14:32:31
14898,-10.94276991,-37.04807738,37992,2015-05-24 14:32:36
14899,-10.94241055,-37.04858234,37992,2015-05-24 14:32:41
14900,-10.9421196,-37.04895809,37992,2015-05-24 14:32:46
14901,-10.94163581,-37.04969715,37992,2015-05-24 14:32:55
14902,-10.94124758,-37.05018853,37992,2015-05-24 14:33:03
14903,-10.9412158,-37.05021641,37992,2015-05-24 14:33:08
14904,-10.94121201,-37.05023019,37992,2015-05-24 14:33:14
14905,-10.9412196,-37.05022763,37992,2015-05-24 14:33:22
14906,-10.94121902,-37.0502274,37992,2015-05-24 14:33:29
14907,-10.94122047,-37.05022653,37992,2015-05-24 14:33:35
14908,-10.94122025,-37.05022672,37992,2015-05-24 14:33:42
14909,-10.94122022,-37.05022641,37992,2015-05-24 14:33:48
14910,-10.94121984,-37.05022707,37992,2015-05-24 14:33:54
14911,-10.94121968,-37.05022748,37992,2015-05-24 14:34:02
14912,-10.94121955,-37.05022783,37992,2015-05-24 14:34:09
14913,-10.94121643,-37.05023042,37992,2015-05-24 14:34:15
14914,-10.94107728,-37.05033019,37992,2015-05-24 14:34:20
14915,-10.94068915,-37.05050245,37992,2015-05-24 14:34:26
14916,-10.94038353,-37.05079062,37992,2015-05-24 14:34:32
14917,-10.94051743,-37.05085693,37992,2015-05-24 14:34:40
14918,-10.94052965,-37.05089126,37992,2015-05-24 14:34:45
14919,-10.94053311,-37.05089044,37992,2015-05-24 14:34:53
14920,-10.94053352,-37.05088929,37992,2015-05-24 14:35:01
14921,-10.94053736,-37.05088423,37992,2015-05-24 14:35:07
14922,-10.94053755,-37.05088403,37992,2015-05-24 14:35:12
14923,-10.94053737,-37.05088422,37992,2015-05-24 14:35:17
14924,-10.94053745,-37.05088346,37992,2015-05-24 14:35:29
14925,-10.94053719,-37.05088397,37992,2015-05-24 14:35:35
14926,-10.94053616,-37.05088487,37992,2015-05-24 14:35:47
14927,-10.94053606,-37.05088494,37992,2015-05-24 14:35:52
14928,-10.94053566,-37.050883500000005,37992,2015-05-24 14:36:01
14929,-10.94054136,-37.05089206,37992,2015-05-24 14:36:06
14930,-10.9408261,-37.05103576,37992,2015-05-24 14:36:13
14931,-10.94178844,-37.05107589,37992,2015-05-24 14:36:22
14932,-10.94402672,-37.05107301,37992,2015-05-24 14:36:45
14933,-10.94398121,-37.051975899999995,37992,2015-05-24 14:36:52
14934,-10.94383303,-37.05256976,37992,2015-05-24 14:36:58
14935,-10.94359874,-37.05334047,37992,2015-05-24 14:37:08
14936,-10.94326766,-37.05426594,37992,2015-05-24 14:37:18
14937,-10.94311243,-37.05495317,37992,2015-05-24 14:37:24
14938,-10.94295533,-37.05551205,37992,2015-05-24 14:37:29
14939,-10.94292548,-37.05595106,37992,2015-05-24 14:37:36
14940,-10.94285798,-37.05582714,37992,2015-05-24 14:37:41
14941,-10.94274049,-37.05612689,37992,2015-05-24 14:37:48
14942,-10.94250272,-37.05647967,37992,2015-05-24 14:37:55
14943,-10.94244894,-37.05646154,37992,2015-05-24 14:38:00
14944,-10.94244644,-37.05647215,37992,2015-05-24 14:38:05
14945,-10.94244327,-37.05649238,37992,2015-05-24 14:38:11
14946,-10.94244874,-37.05649729,37992,2015-05-24 14:38:16
14947,-10.94244875,-37.0564973,37992,2015-05-24 14:38:22
14948,-10.94244883,-37.05649725,37992,2015-05-24 14:38:27
14949,-10.9424489,-37.05649732,37992,2015-05-24 14:38:33
14950,-10.94244891,-37.05649734,37992,2015-05-24 14:38:39
14951,-10.94244891,-37.05649733,37992,2015-05-24 14:38:46
14952,-10.94240112,-37.05657863,37992,2015-05-24 14:39:19
14953,-10.942717300000002,-37.05676739,37992,2015-05-24 14:39:25
14954,-10.9431564,-37.05729676,37992,2015-05-24 14:39:32
14955,-10.94326771,-37.05778541,37992,2015-05-24 14:39:37
14956,-10.94330542,-37.05797682,37992,2015-05-24 14:39:43
14957,-10.94332847,-37.05809028,37992,2015-05-24 14:39:53
14958,-10.94332556,-37.05809249,37992,2015-05-24 14:39:58
14959,-10.94333058,-37.05814395,37992,2015-05-24 14:40:07
14960,-10.94332896,-37.05815084,37992,2015-05-24 14:40:12
14961,-10.94356558,-37.05843129,37992,2015-05-24 14:40:20
14962,-10.94379762,-37.05884767,37992,2015-05-24 14:40:28
14963,-10.9440179,-37.05912806,37992,2015-05-24 14:40:33
14964,-10.94422898,-37.05939988,37992,2015-05-24 14:40:38
14965,-10.94447914,-37.05973952,37992,2015-05-24 14:40:44
14966,-10.94449181,-37.06013945,37992,2015-05-24 14:40:51
14967,-10.94444478,-37.0602369,37992,2015-05-24 14:40:56
14968,-10.9443825,-37.06038041,37992,2015-05-24 14:41:01
14969,-10.94436031,-37.06061879999999,37992,2015-05-24 14:41:08
14970,-10.94430888,-37.06094887,37992,2015-05-24 14:41:17
14971,-10.94401097,-37.0610024,37992,2015-05-24 14:41:23
14972,-10.94373328,-37.06097177,37992,2015-05-24 14:41:28
14973,-10.94341991,-37.06094168,37992,2015-05-24 14:41:33
14974,-10.94335658,-37.06077713,37992,2015-05-24 14:41:40
14975,-10.94325673,-37.06076113,37992,2015-05-24 14:41:46
14976,-10.94318853,-37.06075651,37992,2015-05-24 14:41:51
14977,-10.94311841,-37.06093679999999,37992,2015-05-24 14:42:01
14978,-10.94309479,-37.06104718,37992,2015-05-24 14:42:06
14979,-10.94312311,-37.06110737,37992,2015-05-24 14:42:11
14980,-10.94320573,-37.06115915,37992,2015-05-24 14:42:16
14981,-10.94336674,-37.06112815,37992,2015-05-24 14:42:25
14982,-10.94338843,-37.06091866,37992,2015-05-24 14:42:31
14983,-10.94335882,-37.06071992,37992,2015-05-24 14:42:39
14984,-10.94328408,-37.06072169,37992,2015-05-24 14:42:44
14985,-10.94327028,-37.06072769,37992,2015-05-24 14:42:50
14986,-10.94316096,-37.06072218,37992,2015-05-24 14:42:56
14987,-10.94303683,-37.06076657,37992,2015-05-24 14:43:02
14988,-10.94294919,-37.06076681,37992,2015-05-24 14:43:10
14989,-10.94295959,-37.06090925,37992,2015-05-24 14:43:17
14990,-10.94311753,-37.06113406,37992,2015-05-24 14:43:26
14991,-10.94324656,-37.06120925,37992,2015-05-24 14:43:32
14992,-10.94331862,-37.0611903,37992,2015-05-24 14:43:39
14993,-10.94337234,-37.061142100000005,37992,2015-05-24 14:43:44
14994,-10.9433622,-37.06080684,37992,2015-05-24 14:43:51
14995,-10.94322385,-37.0607814,37992,2015-05-24 14:43:56
14996,-10.94313872,-37.06077641,37992,2015-05-24 14:44:03
14997,-10.94297925,-37.06080148,37992,2015-05-24 14:44:13
14998,-10.94286104,-37.06068311,37992,2015-05-24 14:44:19
14999,-10.94263544,-37.06039938,37992,2015-05-24 14:44:25
15000,-10.94245585,-37.06022993,37992,2015-05-24 14:44:30
15001,-10.94232233,-37.06009988,37992,2015-05-24 14:44:36
15002,-10.94228775,-37.06002645,37992,2015-05-24 14:44:44
15003,-10.94231834,-37.06008175,37992,2015-05-24 14:44:50
15004,-10.94231749,-37.06008074,37992,2015-05-24 14:44:58
15005,-10.942314199999998,-37.06007976,37992,2015-05-24 14:45:05
15006,-10.94231272,-37.0600798,37992,2015-05-24 14:45:11
15007,-10.94230165,-37.06006279,37992,2015-05-24 14:45:20
15008,-10.94205529,-37.05974739,37992,2015-05-24 14:45:26
15009,-10.941742199999998,-37.05954357,37992,2015-05-24 14:45:33
15010,-10.94158026,-37.05954248,37992,2015-05-24 14:45:38
15011,-10.94165913,-37.05968363,37992,2015-05-24 14:45:45
15012,-10.94190589,-37.05974151,37992,2015-05-24 14:45:51
15013,-10.94214831,-37.06003056,37992,2015-05-24 14:45:57
15014,-10.94241822,-37.06027598,37992,2015-05-24 14:46:02
15015,-10.94281958,-37.06079007,37992,2015-05-24 14:46:11
15016,-10.9429651,-37.06095159,37992,2015-05-24 14:46:16
15017,-10.94308492,-37.0610799,37992,2015-05-24 14:46:25
15018,-10.9433076,-37.06120357,37992,2015-05-24 14:46:41
15019,-10.94329015,-37.06119183,37992,2015-05-24 14:46:49
15020,-10.94330499,-37.06120876,37992,2015-05-24 14:47:03
15021,-10.94330514,-37.06121027,37992,2015-05-24 14:47:09
15022,-10.94330297,-37.06120921,37992,2015-05-24 14:47:17
15023,-10.94330554,-37.06120931,37992,2015-05-24 14:47:22
15024,-10.94330857,-37.06121447,37992,2015-05-24 14:47:27
15025,-10.94330884,-37.06121431,37992,2015-05-24 14:47:32
15026,-10.94330905,-37.06120931,37992,2015-05-24 14:47:39
15027,-10.94331533,-37.06120612,37992,2015-05-24 14:47:46
15028,-10.94331863,-37.06120529,37992,2015-05-24 14:47:53
15029,-10.94331886,-37.06120523,37992,2015-05-24 14:48:02
15030,-10.94331925,-37.06120279,37992,2015-05-24 14:48:08
15031,-10.94331894,-37.06120347,37992,2015-05-24 14:48:19
15032,-10.94331896,-37.06120348,37992,2015-05-24 14:48:24
15033,-10.94329249,-37.06119832,37992,2015-05-24 14:48:30
15034,-10.94329138,-37.06120112,37992,2015-05-24 14:48:35
15035,-10.94328563,-37.06119829,37992,2015-05-24 14:48:42
15036,-10.94332123,-37.06118981,37992,2015-05-24 14:48:56
15037,-10.94336772,-37.0611606,37992,2015-05-24 14:49:01
15038,-10.94339108,-37.06114982,37992,2015-05-24 14:49:08
15039,-10.94339214,-37.06114889,37992,2015-05-24 14:49:13
15040,-10.94339406,-37.06114082,37992,2015-05-24 14:49:20
15041,-10.94340282,-37.06113653,37992,2015-05-24 14:49:25
15042,-10.94338895,-37.06112276,37992,2015-05-24 14:49:36
15043,-10.94338908,-37.06112528,37992,2015-05-24 14:49:44
15044,-10.94338883,-37.06112517,37992,2015-05-24 14:49:50
15045,-10.94338845,-37.06112483,37992,2015-05-24 14:49:58
15046,-10.94347956,-37.06087789,37992,2015-05-24 14:50:15
15047,-10.94348596,-37.06085595,37992,2015-05-24 14:50:22
15048,-10.94348339,-37.06085023,37992,2015-05-24 14:50:31
15049,-10.94346193,-37.06083807,37992,2015-05-24 14:50:36
15050,-10.94344904,-37.06081876,37992,2015-05-24 14:50:46
15051,-10.94344873,-37.06081762,37992,2015-05-24 14:50:53
15052,-10.94344837,-37.06081706,37992,2015-05-24 14:50:59
15054,-10.92278446,-37.04750481,37995,2015-05-28 06:09:23
15055,-10.92296431,-37.04738941,37995,2015-05-28 06:09:58
15056,-10.922851,-37.04736648,37995,2015-05-28 06:10:11
15057,-10.92285036,-37.04736603,37995,2015-05-28 06:10:21
15058,-10.92284874,-37.0473652,37995,2015-05-28 06:10:31
15059,-10.92284796,-37.04736524,37995,2015-05-28 06:10:42
15060,-10.92284765,-37.04736483,37995,2015-05-28 06:10:54
15061,-10.92284674,-37.04736499,37995,2015-05-28 06:11:05
15062,-10.92284577,-37.04736529,37995,2015-05-28 06:11:17
15063,-10.9228452,-37.0473654,37995,2015-05-28 06:11:28
15064,-10.92284474,-37.04736607,37995,2015-05-28 06:11:40
15065,-10.92284302,-37.0473658,37995,2015-05-28 06:11:51
15066,-10.92284255,-37.04736501,37995,2015-05-28 06:12:03
15067,-10.9228425,-37.04736491,37995,2015-05-28 06:12:13
15068,-10.92284193,-37.04736374,37995,2015-05-28 06:12:27
15069,-10.92284177,-37.04736401,37995,2015-05-28 06:12:39
15070,-10.92284173,-37.04736421,37995,2015-05-28 06:12:51
15071,-10.92284193,-37.04736392,37995,2015-05-28 06:13:02
15072,-10.92284055,-37.04736272,37995,2015-05-28 06:13:14
15073,-10.92283883,-37.0473615,37995,2015-05-28 06:13:24
15074,-10.922838699999998,-37.04736126,37995,2015-05-28 06:13:38
15075,-10.92283908,-37.04736185,37995,2015-05-28 06:13:48
15076,-10.92283888,-37.0473622,37995,2015-05-28 06:13:58
15077,-10.92283855,-37.04736264,37995,2015-05-28 06:14:09
15078,-10.92283888,-37.04736279,37995,2015-05-28 06:14:19
15079,-10.92283925,-37.04736417,37995,2015-05-28 06:15:01
15080,-10.92282957,-37.04737202,37995,2015-05-28 06:15:13
15081,-10.92282854,-37.04737254,37995,2015-05-28 06:15:26
15082,-10.92282791,-37.04737207,37995,2015-05-28 06:15:38
15083,-10.92282797,-37.04737214,37995,2015-05-28 06:15:49
15084,-10.9228281,-37.04737236,37995,2015-05-28 06:16:02
15085,-10.9228317,-37.04737781,37995,2015-05-28 06:16:15
15086,-10.92283089,-37.04738327,37995,2015-05-28 06:16:28
15087,-10.92284448,-37.04740193,37995,2015-05-28 06:16:38
15088,-10.92284449,-37.0474019,37995,2015-05-28 06:16:50
15089,-10.92284402,-37.0474012,37995,2015-05-28 06:17:06
15090,-10.92284397,-37.04740131,37995,2015-05-28 06:17:17
15091,-10.92284391,-37.04740153,37995,2015-05-28 06:17:27
15092,-10.92284386,-37.04740164,37995,2015-05-28 06:17:39
15093,-10.9228439,-37.04740159,37995,2015-05-28 06:17:49
15094,-10.92284411,-37.04740157,37995,2015-05-28 06:18:00
15095,-10.92284376,-37.047400700000004,37995,2015-05-28 06:18:14
15096,-10.92284294,-37.04739996,37995,2015-05-28 06:18:25
15097,-10.92284272,-37.04739864,37995,2015-05-28 06:18:36
15098,-10.92284256,-37.04739823,37995,2015-05-28 06:18:47
15099,-10.92284216,-37.04739705,37995,2015-05-28 06:18:57
15100,-10.92284207,-37.04739615,37995,2015-05-28 06:19:11
15101,-10.92284144,-37.04739522,37995,2015-05-28 06:19:22
15102,-10.87581976,-37.05118505,37996,2015-05-28 16:10:06
15103,-10.87453051,-37.05163924,37996,2015-05-28 16:10:15
15104,-10.87484912,-37.05183428,37996,2015-05-28 16:10:22
15105,-10.87454087,-37.05206487,37996,2015-05-28 16:10:28
15106,-10.87435733,-37.05211815,37996,2015-05-28 16:10:35
15107,-10.87413334,-37.05222455,37996,2015-05-28 16:10:40
15108,-10.87371167,-37.05242381,37996,2015-05-28 16:10:46
15109,-10.87299158,-37.05286103,37996,2015-05-28 16:10:55
15110,-10.87264884,-37.05309948,37996,2015-05-28 16:11:00
15111,-10.87215922,-37.05330255,37996,2015-05-28 16:11:07
15112,-10.87170578,-37.05352375,37996,2015-05-28 16:11:18
15113,-10.87140646,-37.05374723,37996,2015-05-28 16:11:23
15114,-10.87074194,-37.05390834,37996,2015-05-28 16:11:28
15115,-10.87050273,-37.05403327,37996,2015-05-28 16:11:33
15116,-10.87022048,-37.05421454,37996,2015-05-28 16:11:38
15117,-10.86978761,-37.05444384,37996,2015-05-28 16:11:43
15118,-10.86923042,-37.05490642,37996,2015-05-28 16:12:09
15119,-10.86836579,-37.0554206,37996,2015-05-28 16:12:17
15120,-10.86642681,-37.05635753,37996,2015-05-28 16:12:35
15121,-10.86592094,-37.05653519,37996,2015-05-28 16:12:41
15122,-10.86493811,-37.05703117,37996,2015-05-28 16:12:48
15123,-10.86381956,-37.05755791,37996,2015-05-28 16:12:57
15124,-10.86289826,-37.05795705,37996,2015-05-28 16:13:04
15125,-10.8619304,-37.05828642,37996,2015-05-28 16:13:11
15126,-10.8609662,-37.05847734,37996,2015-05-28 16:13:17
15127,-10.86030389,-37.05838993,37996,2015-05-28 16:13:22
15128,-10.85955731,-37.058387200000006,37996,2015-05-28 16:13:28
15129,-10.85899198,-37.05842026,37996,2015-05-28 16:13:33
15130,-10.85862805,-37.05840407,37996,2015-05-28 16:13:41
15131,-10.85812398,-37.05838812,37996,2015-05-28 16:13:48
15132,-10.85779257,-37.05841083,37996,2015-05-28 16:13:55
15133,-10.85730093,-37.05823304,37996,2015-05-28 16:14:03
15134,-10.85635126,-37.05825013,37996,2015-05-28 16:14:12
15135,-10.85572693,-37.05820219,37996,2015-05-28 16:14:18
15136,-10.85511086,-37.05800236,37996,2015-05-28 16:14:25
15137,-10.85491767,-37.05866312,37996,2015-05-28 16:14:34
15138,-10.85522604,-37.05920255,37996,2015-05-28 16:14:40
15139,-10.85513033,-37.05971273,37996,2015-05-28 16:14:47
15140,-10.85495778,-37.060036700000005,37996,2015-05-28 16:14:54
15141,-10.85484063,-37.06035206,37996,2015-05-28 16:15:01
15142,-10.85466314,-37.06087582,37996,2015-05-28 16:15:09
15143,-10.85459401,-37.06108323,37996,2015-05-28 16:15:15
15144,-10.854549699999998,-37.06128421,37996,2015-05-28 16:15:20
15145,-10.85434759,-37.06179421,37996,2015-05-28 16:15:27
15146,-10.85418739,-37.06216361,37996,2015-05-28 16:15:33
15147,-10.85382491,-37.06302776,37996,2015-05-28 16:15:44
15148,-10.85362986,-37.06355692,37996,2015-05-28 16:15:50
15149,-10.853433,-37.06409037,37996,2015-05-28 16:15:56
15150,-10.8531851,-37.06465226,37996,2015-05-28 16:16:02
15151,-10.85305363,-37.06509742,37996,2015-05-28 16:16:09
15152,-10.852892599999999,-37.06545834,37996,2015-05-28 16:16:15
15153,-10.85265931,-37.06606041,37996,2015-05-28 16:16:23
15154,-10.852471699999999,-37.06656992,37996,2015-05-28 16:16:29
15155,-10.85230239,-37.06709727,37996,2015-05-28 16:16:38
15156,-10.85221282,-37.06738171,37996,2015-05-28 16:16:44
15157,-10.85205023,-37.06783411,37996,2015-05-28 16:16:51
15158,-10.85192143,-37.06817142,37996,2015-05-28 16:16:56
15159,-10.85165495,-37.06877736,37996,2015-05-28 16:17:08
15160,-10.85151742,-37.06948983,37996,2015-05-28 16:17:17
15161,-10.85117857,-37.06974273,37996,2015-05-28 16:17:22
15162,-10.85075617,-37.06980101,37996,2015-05-28 16:17:28
15163,-10.85043599,-37.06954193,37996,2015-05-28 16:17:33
15164,-10.85024047,-37.06923348,37996,2015-05-28 16:17:38
15165,-10.85032501,-37.06911442,37996,2015-05-28 16:17:43
15166,-10.8505219,-37.06903823,37996,2015-05-28 16:17:49
15167,-10.8506211,-37.06899144,37996,2015-05-28 16:17:54
15168,-10.85071039,-37.06909958,37996,2015-05-28 16:18:00
15169,-10.85098336,-37.06920391,37996,2015-05-28 16:18:11
15170,-10.85099039,-37.06920309,37996,2015-05-28 16:18:16
15171,-10.85162052,-37.06752066,37996,2015-05-28 16:19:08
15172,-10.85184677,-37.06729141,37996,2015-05-28 16:19:16
15173,-10.85205121,-37.067420899999995,37996,2015-05-28 16:19:22
15174,-10.85210115,-37.06743451,37996,2015-05-28 16:19:30
15175,-10.85208992,-37.06742612,37996,2015-05-28 16:19:35
15176,-10.85225915,-37.06721893,37996,2015-05-28 16:19:45
15177,-10.85244717,-37.0667688,37996,2015-05-28 16:19:52
15178,-10.85263195,-37.06627519,37996,2015-05-28 16:19:59
15179,-10.85280076,-37.06581433,37996,2015-05-28 16:20:05
15180,-10.85308786,-37.06507428,37996,2015-05-28 16:20:14
15181,-10.85326711,-37.06460453,37996,2015-05-28 16:20:21
15182,-10.85371971,-37.06341477,37996,2015-05-28 16:20:35
15183,-10.85391409,-37.06291073,37996,2015-05-28 16:20:41
15184,-10.8541711,-37.06221646,37996,2015-05-28 16:20:50
15185,-10.85429749,-37.06188033,37996,2015-05-28 16:20:56
15186,-10.85439397,-37.06160111,37996,2015-05-28 16:21:03
15187,-10.85456442,-37.06111055,37996,2015-05-28 16:21:11
15188,-10.85475283,-37.0606047,37996,2015-05-28 16:21:23
15189,-10.8549344,-37.06009447,37996,2015-05-28 16:21:31
15190,-10.85500615,-37.05990729,37996,2015-05-28 16:21:37
15191,-10.85514868,-37.05952944,37996,2015-05-28 16:21:43
15192,-10.85527474,-37.0590361,37996,2015-05-28 16:21:49
15193,-10.85562082,-37.05857148,37996,2015-05-28 16:21:55
15194,-10.85641939,-37.05840469,37996,2015-05-28 16:22:03
15195,-10.85710369,-37.05839153,37996,2015-05-28 16:22:10
15196,-10.85755453,-37.05841086,37996,2015-05-28 16:22:15
15197,-10.85794109,-37.05843323,37996,2015-05-28 16:22:22
15198,-10.85820466,-37.05841753,37996,2015-05-28 16:22:28
15199,-10.858719500000001,-37.05839993,37996,2015-05-28 16:22:36
15200,-10.85888904,-37.05840744,37996,2015-05-28 16:22:41
15201,-10.85999793,-37.05836467,37996,2015-05-28 16:22:55
15202,-10.860695199999999,-37.05837854,37996,2015-05-28 16:23:01
15203,-10.86130147,-37.05835954,37996,2015-05-28 16:23:06
15204,-10.86209416,-37.05828529,37996,2015-05-28 16:23:12
15205,-10.86274035,-37.05807141,37996,2015-05-28 16:23:17
15206,-10.86333202,-37.05781039,37996,2015-05-28 16:23:22
15207,-10.86429193,-37.057354700000005,37996,2015-05-28 16:23:30
15208,-10.86744139,-37.05590699,37996,2015-05-28 16:23:39
15209,-10.86821094,-37.05556598,37996,2015-05-28 16:23:45
15210,-10.86891088,-37.05519404,37996,2015-05-28 16:23:51
15211,-10.86950334,-37.05485952,37996,2015-05-28 16:23:58
15212,-10.86986947,-37.05466651,37996,2015-05-28 16:24:07
15213,-10.87003962,-37.05454586,37996,2015-05-28 16:24:12
15214,-10.87050029,-37.05428303,37996,2015-05-28 16:24:20
15215,-10.8707478,-37.05413894,37996,2015-05-28 16:24:27
15216,-10.87107594,-37.05395281,37996,2015-05-28 16:24:32
15217,-10.87168963,-37.05360926,37996,2015-05-28 16:24:40
15218,-10.8719617,-37.05345757,37996,2015-05-28 16:24:46
15219,-10.87219559,-37.05333049,37996,2015-05-28 16:24:52
15220,-10.87276232,-37.05302992,37996,2015-05-28 16:25:00
15221,-10.87323566,-37.05278025,37996,2015-05-28 16:25:06
15222,-10.87387119,-37.05241737,37996,2015-05-28 16:25:14
15223,-10.87430012,-37.05216766,37996,2015-05-28 16:25:20
15224,-10.874451800000001,-37.05209007,37996,2015-05-28 16:25:26
15225,-10.87484251,-37.05187015,37996,2015-05-28 16:25:36
15226,-10.87503029,-37.051750299999995,37996,2015-05-28 16:25:42
15227,-10.87540877,-37.05153526,37996,2015-05-28 16:25:48
15228,-10.87586925,-37.05129312,37996,2015-05-28 16:25:54
15229,-10.8765224,-37.05094835,37996,2015-05-28 16:26:02
15230,-10.87707945,-37.05065257,37996,2015-05-28 16:26:09
15231,-10.877348,-37.05050427,37996,2015-05-28 16:26:14
15232,-10.87765918,-37.05033261,37996,2015-05-28 16:26:22
15233,-10.87788023,-37.05023099,37996,2015-05-28 16:26:29
15234,-10.8781759,-37.05005748,37996,2015-05-28 16:26:35
15235,-10.87874937,-37.04974724,37996,2015-05-28 16:26:42
15236,-10.87972134,-37.04921335,37996,2015-05-28 16:26:51
15237,-10.88020191,-37.04897765,37996,2015-05-28 16:26:57
15238,-10.88035351,-37.04889108,37996,2015-05-28 16:27:03
15239,-10.88068033,-37.04873704,37996,2015-05-28 16:27:08
15240,-10.88146532,-37.0483475,37996,2015-05-28 16:27:16
15241,-10.88256649,-37.04847289,37996,2015-05-28 16:27:25
15242,-10.88310407,-37.04876117,37996,2015-05-28 16:27:30
15243,-10.88372867,-37.04912272,37996,2015-05-28 16:27:36
15244,-10.88468166,-37.04964093,37996,2015-05-28 16:27:45
15245,-10.88563696,-37.05014944,37996,2015-05-28 16:27:53
15246,-10.88623266,-37.05045592,37996,2015-05-28 16:27:59
15247,-10.88652173,-37.05061094,37996,2015-05-28 16:28:05
15248,-10.88743425,-37.05110213,37996,2015-05-28 16:28:16
15249,-10.88814013,-37.0514423,37996,2015-05-28 16:28:23
15250,-10.88917612,-37.05169957,37996,2015-05-28 16:28:31
15251,-10.88991261,-37.0519141,37996,2015-05-28 16:28:36
15252,-10.89072243,-37.05195586,37996,2015-05-28 16:28:42
15253,-10.89182849,-37.05177508,37996,2015-05-28 16:28:52
15254,-10.892080199999999,-37.051734,37996,2015-05-28 16:28:57
15255,-10.89224941,-37.0516857,37996,2015-05-28 16:29:02
15256,-10.89277714,-37.05175584,37996,2015-05-28 16:29:09
15257,-10.89325504,-37.05197892,37996,2015-05-28 16:29:18
15258,-10.89390513,-37.05232769,37996,2015-05-28 16:29:28
15259,-10.89423422,-37.05252755,37996,2015-05-28 16:29:33
15260,-10.89473144,-37.05280759,37996,2015-05-28 16:29:42
15261,-10.894994500000001,-37.0529761,37996,2015-05-28 16:29:50
15262,-10.89509405,-37.05304059,37996,2015-05-28 16:29:55
15263,-10.89571053,-37.05341818,37996,2015-05-28 16:30:09
15264,-10.89612276,-37.05365705,37996,2015-05-28 16:30:17
15265,-10.89624455,-37.05379419,37996,2015-05-28 16:30:23
15266,-10.89632183,-37.05416762,37996,2015-05-28 16:30:29
15267,-10.89638755,-37.05457606,37996,2015-05-28 16:30:34
15268,-10.89640815,-37.05515454,37996,2015-05-28 16:30:41
15269,-10.89655023,-37.05570032,37996,2015-05-28 16:30:47
15270,-10.89665069,-37.05621798,37996,2015-05-28 16:30:53
15271,-10.896810499999999,-37.05696023,37996,2015-05-28 16:31:02
15272,-10.89691066,-37.0573614,37996,2015-05-28 16:31:10
15273,-10.89692429,-37.05746087,37996,2015-05-28 16:31:15
15274,-10.89708462,-37.05775368,37996,2015-05-28 16:31:25
15275,-10.89735271,-37.05797875,37996,2015-05-28 16:31:36
15276,-10.89750072,-37.05810433,37996,2015-05-28 16:31:41
15277,-10.89757658,-37.05817478,37996,2015-05-28 16:31:47
15278,-10.89758987,-37.05818304,37996,2015-05-28 16:31:52
15279,-10.89759365,-37.0581903,37996,2015-05-28 16:32:00
15280,-10.89759584,-37.05818973,37996,2015-05-28 16:32:07
15281,-10.8976983,-37.05827405,37996,2015-05-28 16:32:15
15282,-10.89815164,-37.05878367,37996,2015-05-28 16:32:25
15283,-10.89840442,-37.05937712,37996,2015-05-28 16:32:34
15284,-10.89849953,-37.05966928,37996,2015-05-28 16:32:40
15285,-10.898610099999999,-37.06021566,37996,2015-05-28 16:32:48
15286,-10.89875114,-37.06090388,37996,2015-05-28 16:32:56
15287,-10.89852549,-37.06146293,37996,2015-05-28 16:33:03
15288,-10.89842297,-37.0617008,37996,2015-05-28 16:33:08
15289,-10.89842509,-37.06179016,37996,2015-05-28 16:33:25
15290,-10.89847214,-37.06177699,37996,2015-05-28 16:33:33
15291,-10.89861247,-37.0614932,37996,2015-05-28 16:33:38
15292,-10.89885443,-37.06102897,37996,2015-05-28 16:33:44
15293,-10.89908435,-37.06061471,37996,2015-05-28 16:33:49
15294,-10.89967141,-37.06015967,37996,2015-05-28 16:33:57
15295,-10.90061773,-37.0601808,37996,2015-05-28 16:34:06
15296,-10.901416099999999,-37.05997289,37996,2015-05-28 16:34:13
15297,-10.90179069,-37.05959413,37996,2015-05-28 16:34:19
15298,-10.90233019,-37.05966144,37996,2015-05-28 16:34:25
15299,-10.902766499999998,-37.05983061,37996,2015-05-28 16:34:34
15300,-10.90307389,-37.05989765,37996,2015-05-28 16:34:40
15301,-10.90356587,-37.06007023,37996,2015-05-28 16:34:46
15302,-10.90408211,-37.06029786,37996,2015-05-28 16:34:52
15303,-10.90455679,-37.06046585,37996,2015-05-28 16:34:58
15304,-10.90457332,-37.06065061,37996,2015-05-28 16:35:03
15305,-10.90460026,-37.060844200000005,37996,2015-05-28 16:35:08
15306,-10.90499838,-37.060871899999995,37996,2015-05-28 16:35:17
15307,-10.90521721,-37.06094619,37996,2015-05-28 16:35:24
15308,-10.905182400000001,-37.06122266,37996,2015-05-28 16:35:29
15309,-10.90510452,-37.06173517,37996,2015-05-28 16:35:35
15310,-10.90502869,-37.06230197,37996,2015-05-28 16:35:40
15311,-10.90496716,-37.06282476,37996,2015-05-28 16:35:46
15312,-10.90486466,-37.06363717,37996,2015-05-28 16:35:53
15313,-10.90470558,-37.06461377,37996,2015-05-28 16:36:01
15314,-10.90462177,-37.06517308,37996,2015-05-28 16:36:06
15315,-10.90456608,-37.06572586,37996,2015-05-28 16:36:11
15316,-10.90441711,-37.06676185,37996,2015-05-28 16:36:20
15317,-10.90428157,-37.06775636,37996,2015-05-28 16:36:28
15318,-10.90417165,-37.06879989,37996,2015-05-28 16:36:37
15319,-10.90406895,-37.06941851,37996,2015-05-28 16:36:43
15320,-10.90396466,-37.07009591,37996,2015-05-28 16:36:51
15321,-10.90389797,-37.07067045,37996,2015-05-28 16:36:58
15322,-10.90388319,-37.07091106,37996,2015-05-28 16:37:05
15323,-10.90380384,-37.07131901,37996,2015-05-28 16:37:17
15324,-10.90392305,-37.07145401,37996,2015-05-28 16:37:23
15325,-10.90421982,-37.07147736,37996,2015-05-28 16:37:29
15326,-10.90460872,-37.07155057,37996,2015-05-28 16:37:35
15327,-10.90497651,-37.07158889,37996,2015-05-28 16:37:41
15328,-10.90502456,-37.07162164,37996,2015-05-28 16:37:49
15329,-10.90510953,-37.07163901,37996,2015-05-28 16:37:55
15330,-10.90530094,-37.07167407,37996,2015-05-28 16:38:02
15331,-10.90547283,-37.07169425,37996,2015-05-28 16:38:08
15332,-10.90572543,-37.07171273,37996,2015-05-28 16:38:13
15333,-10.90618217,-37.07180751,37996,2015-05-28 16:38:22
15334,-10.90639076,-37.07182767,37996,2015-05-28 16:38:29
15335,-10.90683208,-37.07188292,37996,2015-05-28 16:38:37
15336,-10.90716512,-37.07191354,37996,2015-05-28 16:38:43
15337,-10.90730569,-37.07191859,37996,2015-05-28 16:38:48
15338,-10.90740973,-37.0719309,37996,2015-05-28 16:38:53
15339,-10.90760566,-37.07195547,37996,2015-05-28 16:38:58
15340,-10.9077705,-37.07197902,37996,2015-05-28 16:39:05
15341,-10.907995800000002,-37.07200852,37996,2015-05-28 16:39:10
15342,-10.9083868,-37.07206491,37996,2015-05-28 16:39:17
15343,-10.90849628,-37.07225811,37996,2015-05-28 16:39:24
15344,-10.90846171,-37.07262764,37996,2015-05-28 16:39:32
15345,-10.90842434,-37.07286825,37996,2015-05-28 16:39:37
15346,-10.90839784,-37.07303309,37996,2015-05-28 16:39:42
15347,-10.90829431,-37.07309861,37996,2015-05-28 16:39:47
15348,-10.9080399,-37.07304486,37996,2015-05-28 16:39:53
15349,-10.90787054,-37.07300473,37996,2015-05-28 16:39:58
15350,-10.90774151,-37.0730044,37996,2015-05-28 16:40:03
15351,-10.90773787,-37.07303247,37996,2015-05-28 16:40:12
15352,-10.90773666,-37.07303434,37996,2015-05-28 16:40:18
15353,-10.90773661,-37.07303392,37996,2015-05-28 16:40:24
15354,-10.90773661,-37.07303381,37996,2015-05-28 16:40:31
15355,-10.90773658,-37.07303381,37996,2015-05-28 16:40:39
15356,-10.90773656,-37.0730338,37996,2015-05-28 16:40:44
15357,-10.90773658,-37.07303379,37996,2015-05-28 16:40:51
15358,-10.90773654,-37.07303372,37996,2015-05-28 16:40:56
15359,-10.90773605,-37.07303505,37996,2015-05-28 16:41:01
15360,-10.90772568,-37.07306795,37996,2015-05-28 16:41:06
15361,-10.90773102,-37.07314386,37996,2015-05-28 16:41:13
15362,-10.90769078,-37.07315911,37996,2015-05-28 16:41:18
15363,-10.90770312,-37.07316938,37996,2015-05-28 16:41:28
15364,-10.90770521,-37.07317042,37996,2015-05-28 16:41:37
15365,-10.90770697,-37.07316834,37996,2015-05-28 16:41:55
15631,-10.90891762,-37.05220667,38000,2015-05-29 05:48:00
15632,-10.90890817,-37.05228596,38000,2015-05-29 05:48:11
15633,-10.908911900000001,-37.05228875,38000,2015-05-29 05:48:21
15634,-10.90890109,-37.0523667,38000,2015-05-29 05:48:32
15635,-10.90890851,-37.05254141,38000,2015-05-29 05:48:43
15636,-10.90922025,-37.05265529,38000,2015-05-29 05:48:53
15637,-10.90977842,-37.05263214,38000,2015-05-29 05:49:04
15638,-10.91016177,-37.05264323,38000,2015-05-29 05:49:18
15639,-10.91017381,-37.05264632,38000,2015-05-29 05:49:34
15640,-10.91066968,-37.05267205,38000,2015-05-29 05:49:44
15641,-10.91173095,-37.05271168,38000,2015-05-29 05:49:55
15642,-10.91293077,-37.05275695,38000,2015-05-29 05:50:08
15643,-10.91307983,-37.0527869,38000,2015-05-29 05:50:20
15644,-10.91359133,-37.05279052,38000,2015-05-29 05:50:30
15645,-10.91374574,-37.05280651,38000,2015-05-29 05:50:41
15646,-10.91374011,-37.05280517,38000,2015-05-29 05:50:53
15647,-10.91374016,-37.05280526,38000,2015-05-29 05:51:05
15648,-10.91374211,-37.05280524,38000,2015-05-29 05:51:15
15649,-10.91419102,-37.05280909,38000,2015-05-29 05:51:25
15650,-10.91475781,-37.05279475,38000,2015-05-29 05:51:35
15651,-10.91503688,-37.05228848,38000,2015-05-29 05:51:47
15652,-10.91498324,-37.05189444,38000,2015-05-29 05:52:00
15653,-10.915000099999999,-37.05110302,38000,2015-05-29 05:52:16
15654,-10.91499117,-37.05084897,38000,2015-05-29 05:52:26
15655,-10.91500307,-37.05003583,38000,2015-05-29 05:52:37
15656,-10.91501012,-37.04936282,38000,2015-05-29 05:52:47
15657,-10.91499536,-37.04861514,38000,2015-05-29 05:53:00
15658,-10.91498861,-37.04788198,38000,2015-05-29 05:53:10
15659,-10.91531371,-37.04774622,38000,2015-05-29 05:53:23
15660,-10.91567995,-37.04768917,38000,2015-05-29 05:53:33
15661,-10.91570515,-37.04769759,38000,2015-05-29 05:53:43
15662,-10.91627328,-37.04757595,38000,2015-05-29 05:53:54
15663,-10.9173432,-37.04727006,38000,2015-05-29 05:54:10
15664,-10.917483099999998,-37.04720295,38000,2015-05-29 05:54:21
15665,-10.91835091,-37.04694798,38000,2015-05-29 05:54:40
15666,-10.91837447,-37.04756210000001,38000,2015-05-29 05:54:50
15667,-10.91837584,-37.04881893,38000,2015-05-29 05:55:01
15668,-10.91840483,-37.05039843,38000,2015-05-29 05:55:13
15669,-10.91846675,-37.05148351,38000,2015-05-29 05:55:26
15670,-10.91844567,-37.05232632,38000,2015-05-29 05:55:36
15671,-10.91845177,-37.05337604,38000,2015-05-29 05:55:47
15672,-10.91845773,-37.05361996,38000,2015-05-29 05:56:03
15673,-10.91845704,-37.05361953,38000,2015-05-29 05:56:13
15674,-10.91845714,-37.05361961,38000,2015-05-29 05:56:23
15675,-10.91845513,-37.05373119,38000,2015-05-29 05:56:38
15676,-10.91846071,-37.054309100000005,38000,2015-05-29 05:56:49
15677,-10.91846338,-37.05432825,38000,2015-05-29 05:57:01
15678,-10.918468199999998,-37.05439832,38000,2015-05-29 05:57:13
15679,-10.91847358,-37.05442325,38000,2015-05-29 05:57:23
15680,-10.91849104,-37.05468958,38000,2015-05-29 05:57:34
15681,-10.91850973,-37.05572727,38000,2015-05-29 05:57:46
15682,-10.91850286,-37.05636927,38000,2015-05-29 05:57:56
15683,-10.91848814,-37.05640613,38000,2015-05-29 05:58:06
15684,-10.91848445,-37.05640736,38000,2015-05-29 05:58:21
15685,-10.91846461,-37.05646755,38000,2015-05-29 05:58:31
15686,-10.91846615,-37.05650048,38000,2015-05-29 05:58:41
15687,-10.91850239,-37.05703389,38000,2015-05-29 05:58:53
15688,-10.91853615,-37.05799486,38000,2015-05-29 05:59:05
15689,-10.91855118,-37.05871452,38000,2015-05-29 05:59:16
15690,-10.91852911,-37.05880446,38000,2015-05-29 05:59:28
15691,-10.91851042,-37.05936488,38000,2015-05-29 05:59:38
15692,-10.91853814,-37.06029519,38000,2015-05-29 05:59:49
15693,-10.91855916,-37.06199239,38000,2015-05-29 06:00:05
15694,-10.91856662,-37.06260704,38000,2015-05-29 06:00:23
15695,-10.91856548,-37.06310871,38000,2015-05-29 06:00:35
15696,-10.91859795,-37.06399994,38000,2015-05-29 06:00:49
15697,-10.91857258,-37.06425109,38000,2015-05-29 06:00:59
15698,-10.91857476,-37.06424664,38000,2015-05-29 06:01:13
15699,-10.91857485,-37.06424685,38000,2015-05-29 06:01:23
15700,-10.91857507,-37.06424753,38000,2015-05-29 06:01:35
15701,-10.91857541,-37.06424825,38000,2015-05-29 06:01:47
15702,-10.91857562,-37.06424872,38000,2015-05-29 06:02:00
15703,-10.91858815,-37.0642654,38000,2015-05-29 06:02:12
15704,-10.91859342,-37.0642696,38000,2015-05-29 06:02:22
15705,-10.91859176,-37.06429115,38000,2015-05-29 06:02:32
15706,-10.91859286,-37.06484923,38000,2015-05-29 06:02:43
15707,-10.91864082,-37.06642599,38000,2015-05-29 06:02:57
15708,-10.91868602,-37.0676111,38000,2015-05-29 06:03:08
15709,-10.9186858,-37.06827163,38000,2015-05-29 06:03:18
15710,-10.91868011,-37.06831425,38000,2015-05-29 06:03:29
15711,-10.91870983,-37.06852748,38000,2015-05-29 06:03:40
15712,-10.91870132,-37.06882733,38000,2015-05-29 06:03:54
15713,-10.91871178,-37.0688318,38000,2015-05-29 06:04:05
15714,-10.91874584,-37.06883835,38000,2015-05-29 06:04:18
15715,-10.91874719,-37.06883911,38000,2015-05-29 06:04:29
15716,-10.9187487,-37.06883937,38000,2015-05-29 06:04:44
15717,-10.91877196,-37.06883318,38000,2015-05-29 06:04:54
15718,-10.91878019,-37.06890181,38000,2015-05-29 06:05:05
15719,-10.9187254,-37.06960573,38000,2015-05-29 06:05:16
15720,-10.91857289,-37.07061071,38000,2015-05-29 06:05:28
15721,-10.91845663,-37.07166243,38000,2015-05-29 06:05:42
15722,-10.91838518,-37.07237104,38000,2015-05-29 06:05:55
15723,-10.91837399,-37.07243495,38000,2015-05-29 06:06:05
15724,-10.91833026,-37.07304883,38000,2015-05-29 06:06:21
15725,-10.91831913,-37.07345769,38000,2015-05-29 06:06:34
15726,-10.91831883,-37.07361828,38000,2015-05-29 06:06:45
15727,-10.91834158,-37.07404217,38000,2015-05-29 06:06:55
15728,-10.91834271,-37.07417135,38000,2015-05-29 06:07:05
15729,-10.91835633,-37.07493553,38000,2015-05-29 06:07:16
15730,-10.91840117,-37.07623012,38000,2015-05-29 06:07:27
15731,-10.91844244,-37.07767908,38000,2015-05-29 06:07:37
15732,-10.91846858,-37.07857699,38000,2015-05-29 06:07:47
15733,-10.91849399,-37.07860962,38000,2015-05-29 06:07:58
15734,-10.91856603,-37.07916448,38000,2015-05-29 06:08:11
15735,-10.91857807,-37.07999854,38000,2015-05-29 06:08:21
15736,-10.91862598,-37.08107972,38000,2015-05-29 06:08:31
15737,-10.91862158,-37.08177403,38000,2015-05-29 06:08:44
15738,-10.91862053,-37.08186186,38000,2015-05-29 06:08:54
15739,-10.91869854,-37.08275077,38000,2015-05-29 06:09:04
15740,-10.91887379,-37.08460318,38000,2015-05-29 06:09:16
15741,-10.91938662,-37.0862093,38000,2015-05-29 06:09:26
15742,-10.91993755,-37.08768629,38000,2015-05-29 06:09:37
15743,-10.92018856,-37.08841942,38000,2015-05-29 06:09:48
15744,-10.92030994,-37.089032,38000,2015-05-29 06:09:58
15745,-10.92041115,-37.08979351,38000,2015-05-29 06:10:08
15746,-10.92086873,-37.09000808,38000,2015-05-29 06:10:21
15747,-10.92104311,-37.0904178,38000,2015-05-29 06:10:31
15748,-10.92118769,-37.09078109,38000,2015-05-29 06:10:42
15749,-10.92117456,-37.09077016,38000,2015-05-29 06:10:53
15750,-10.92119042,-37.09080846,38000,2015-05-29 06:11:03
15751,-10.92139231,-37.09132025,38000,2015-05-29 06:11:15
15752,-10.92163065,-37.09198554,38000,2015-05-29 06:11:28
15753,-10.92171169,-37.09216455,38000,2015-05-29 06:11:41
15754,-10.92177024,-37.09232446,38000,2015-05-29 06:11:52
15755,-10.92190718,-37.09269663,38000,2015-05-29 06:12:10
15756,-10.92197887,-37.09289241,38000,2015-05-29 06:12:20
15757,-10.92211989,-37.09329938,38000,2015-05-29 06:12:35
15758,-10.92220777,-37.09355055,38000,2015-05-29 06:12:46
15759,-10.92225371,-37.09370769,38000,2015-05-29 06:12:56
15760,-10.92233377,-37.09392824,38000,2015-05-29 06:13:11
15761,-10.92240248,-37.09406149,38000,2015-05-29 06:13:23
15762,-10.92244529,-37.09415645,38000,2015-05-29 06:13:33
15763,-10.92246515,-37.09453524,38000,2015-05-29 06:13:46
15764,-10.9227319,-37.09578153,38000,2015-05-29 06:13:59
15765,-10.92222661,-37.09787558,38000,2015-05-29 06:14:13
15766,-10.92162094,-37.09956902,38000,2015-05-29 06:14:26
15767,-10.92137856,-37.10016071,38000,2015-05-29 06:14:37
15768,-10.92452472,-37.04448527,38001,2015-05-29 10:07:33
15769,-10.92609167,-37.04375582,38001,2015-05-29 10:08:13
15770,-10.92655929,-37.04368944,38001,2015-05-29 10:08:24
15771,-10.92670075,-37.04367262,38001,2015-05-29 10:08:34
15772,-10.92671348,-37.04362063,38001,2015-05-29 10:08:44
15773,-10.92693584,-37.04344248,38001,2015-05-29 10:09:03
15774,-10.92697183,-37.04343813,38001,2015-05-29 10:09:15
15775,-10.92696536,-37.04347495,38001,2015-05-29 10:09:25
15776,-10.92750669,-37.0433542,38001,2015-05-29 10:09:35
15777,-10.92794981,-37.04349696,38001,2015-05-29 10:09:47
15778,-10.92800315,-37.04349134,38001,2015-05-29 10:09:57
15779,-10.92842318,-37.04365766,38001,2015-05-29 10:10:09
15780,-10.92850483,-37.04377516,38001,2015-05-29 10:10:19
15781,-10.9284685,-37.04387978,38001,2015-05-29 10:10:40
15782,-10.928465,-37.04389669,38001,2015-05-29 10:10:51
15783,-10.92847974,-37.04393394,38001,2015-05-29 10:11:01
15784,-10.92902647,-37.04465309,38001,2015-05-29 10:11:14
15785,-10.92925951,-37.04498441,38001,2015-05-29 10:11:24
15786,-10.92956276,-37.04524457,38001,2015-05-29 10:11:41
15787,-10.92954536,-37.04532901,38001,2015-05-29 10:11:51
15788,-10.93051976,-37.04684833,38001,2015-05-29 10:12:54
15789,-10.93065397,-37.04653977,38001,2015-05-29 10:13:05
15790,-10.93064968,-37.04653105,38001,2015-05-29 10:13:21
15791,-10.93093976,-37.04718688,38001,2015-05-29 10:13:34
15792,-10.93122463,-37.04768032,38001,2015-05-29 10:13:45
15793,-10.93135463,-37.04766579,38001,2015-05-29 10:14:00
15794,-10.93173989,-37.04808283,38001,2015-05-29 10:14:11
15795,-10.93221814,-37.04850691,38001,2015-05-29 10:14:21
15796,-10.93275761,-37.04895711,38001,2015-05-29 10:14:33
15797,-10.93300755,-37.04913311,38001,2015-05-29 10:14:49
15798,-10.93307456,-37.04926026,38001,2015-05-29 10:14:59
15799,-10.93305404,-37.04932283,38001,2015-05-29 10:15:10
15800,-10.93302488,-37.04946165,38001,2015-05-29 10:15:25
15801,-10.93302651,-37.04956954,38001,2015-05-29 10:15:56
15802,-10.93357811,-37.04978467,38001,2015-05-29 10:16:10
15803,-10.93388683,-37.04988969,38001,2015-05-29 10:16:20
15804,-10.93477526,-37.05027723,38001,2015-05-29 10:16:40
15805,-10.9350522,-37.05037265,38001,2015-05-29 10:17:31
15806,-10.93513191,-37.05024812,38001,2015-05-29 10:18:08
15807,-10.93606881,-37.05041445,38001,2015-05-29 10:18:21
15808,-10.93696569,-37.05063354,38001,2015-05-29 10:18:34
15809,-10.93709931,-37.05062238,38001,2015-05-29 10:18:50
15810,-10.93770048,-37.05063372,38001,2015-05-29 10:19:01
15811,-10.93923182,-37.05097483,38001,2015-05-29 10:19:14
15812,-10.94074656,-37.05105763,38001,2015-05-29 10:19:25
15813,-10.94117948,-37.05104728,38001,2015-05-29 10:19:36
15814,-10.94134019,-37.05104387,38001,2015-05-29 10:19:47
15815,-10.94165874,-37.05111654,38001,2015-05-29 10:19:57
15816,-10.941732,-37.05108556,38001,2015-05-29 10:20:07
15817,-10.94190161,-37.05109871,38001,2015-05-29 10:20:20
15818,-10.94186827,-37.051114399999996,38001,2015-05-29 10:20:34
15819,-10.94188362,-37.0511644,38001,2015-05-29 10:20:44
15820,-10.94202588,-37.05113213,38001,2015-05-29 10:20:54
15821,-10.94205399,-37.05115645,38001,2015-05-29 10:21:06
15822,-10.94204787,-37.05114671,38001,2015-05-29 10:21:18
15823,-10.94267705,-37.05134238,38001,2015-05-29 10:21:32
15824,-10.94359184,-37.0511922,38001,2015-05-29 10:21:44
15825,-10.94349827,-37.05118096,38001,2015-05-29 10:21:56
15826,-10.94353657,-37.05117166,38001,2015-05-29 10:22:08
15827,-10.94354688,-37.05117067,38001,2015-05-29 10:22:20
15828,-10.94354702,-37.05117437,38001,2015-05-29 10:22:32
15829,-10.943597,-37.05117407,38001,2015-05-29 10:23:05
15830,-10.94553475,-37.05120917,38001,2015-05-29 10:23:19
15831,-10.94792389,-37.05120571,38001,2015-05-29 10:23:33
15832,-10.94944495,-37.05154452,38001,2015-05-29 10:23:43
15833,-10.95174041,-37.05198954,38001,2015-05-29 10:23:57
15834,-10.95327231,-37.0523316,38001,2015-05-29 10:24:07
15835,-10.95434927,-37.05283898,38001,2015-05-29 10:24:18
15836,-10.95432459,-37.05291732,38001,2015-05-29 10:24:30
15837,-10.95431263,-37.05289296,38001,2015-05-29 10:24:40
15838,-10.95431124,-37.05288618,38001,2015-05-29 10:24:51
15839,-10.95431126,-37.05288531,38001,2015-05-29 10:25:01
15840,-10.95431141,-37.05288595,38001,2015-05-29 10:25:11
15841,-10.95431153,-37.05288464,38001,2015-05-29 10:25:22
15842,-10.95431128,-37.0528837,38001,2015-05-29 10:25:34
15843,-10.95431124,-37.05288456,38001,2015-05-29 10:25:44
15844,-10.95431127,-37.05288452,38001,2015-05-29 10:25:58
15845,-10.9552701,-37.05337564,38001,2015-05-29 10:26:14
15846,-10.957040300000001,-37.05380369,38001,2015-05-29 10:26:27
15847,-10.95862487,-37.05422086,38001,2015-05-29 10:26:37
15848,-10.96018245,-37.05487339,38001,2015-05-29 10:26:47
15849,-10.96203528,-37.05480109,38001,2015-05-29 10:26:58
15850,-10.96361559,-37.05398697,38001,2015-05-29 10:27:10
15851,-10.96620008,-37.05321736,38001,2015-05-29 10:27:28
15852,-10.96942599,-37.05349451,38001,2015-05-29 10:28:12
15853,-10.9698245,-37.05363016,38001,2015-05-29 10:28:24
15854,-10.97021637,-37.05389187,38001,2015-05-29 10:28:38
15855,-10.97134328,-37.05398559,38001,2015-05-29 10:28:49
15856,-10.97315117,-37.05396127,38001,2015-05-29 10:29:01
15857,-10.97385371,-37.05388209,38001,2015-05-29 10:29:13
15858,-10.97420094,-37.05381773,38001,2015-05-29 10:29:23
15859,-10.97548302,-37.05373248,38001,2015-05-29 10:29:35
15860,-10.97687018,-37.05367967,38001,2015-05-29 10:29:45
15861,-10.97840446,-37.05362946,38001,2015-05-29 10:29:56
15862,-10.97917656,-37.05358038,38001,2015-05-29 10:30:08
15863,-10.98093944,-37.05305145,38001,2015-05-29 10:30:24
15864,-10.98211847,-37.053116499999994,38001,2015-05-29 10:30:35
15865,-10.98241253,-37.05310754,38001,2015-05-29 10:30:53
15866,-10.98241671,-37.05310912,38001,2015-05-29 10:31:04
15867,-10.98312902,-37.05314488,38001,2015-05-29 10:31:17
15868,-10.98410896,-37.05300016,38001,2015-05-29 10:31:32
15869,-10.98516764,-37.05276463,38001,2015-05-29 10:31:42
15870,-10.98619037,-37.05260997,38001,2015-05-29 10:31:52
15871,-10.98632301,-37.05261035,38001,2015-05-29 10:32:02
15872,-10.98643039,-37.05253716,38001,2015-05-29 10:32:17
15873,-10.98723288,-37.05227051,38001,2015-05-29 10:32:28
15874,-10.98738041,-37.05251663,38001,2015-05-29 10:33:09
15875,-10.98735706,-37.05259756,38001,2015-05-29 10:33:20
15876,-10.98729808,-37.05271164,38001,2015-05-29 10:33:32
15877,-10.9873718,-37.05282016,38001,2015-05-29 10:33:45
15878,-10.98739808,-37.05301583,38001,2015-05-29 10:33:55
15879,-10.98745513,-37.05318216,38001,2015-05-29 10:34:05
15880,-10.98750699,-37.05330096,38001,2015-05-29 10:34:16
15881,-10.98754645,-37.0534752,38001,2015-05-29 10:34:27
15882,-10.98766203,-37.053563700000005,38001,2015-05-29 10:34:38
15883,-10.98763771,-37.05368624,38001,2015-05-29 10:34:49
15884,-10.98757856,-37.0538136,38001,2015-05-29 10:35:00
15885,-10.98751109,-37.05393804,38001,2015-05-29 10:35:14
15886,-10.98746947,-37.05413247,38001,2015-05-29 10:35:25
15887,-10.98739007,-37.05432073,38001,2015-05-29 10:35:37
15888,-10.98727519,-37.05439366,38001,2015-05-29 10:35:48
15889,-10.98725684,-37.05452688,38001,2015-05-29 10:35:58
15890,-10.98710427,-37.05467696,38001,2015-05-29 10:36:13
15891,-10.98700711,-37.05484508,38001,2015-05-29 10:36:26
15892,-10.98697119,-37.05501862,38001,2015-05-29 10:36:36
15893,-10.98713615,-37.05515929,38001,2015-05-29 10:36:47
15894,-10.98723432,-37.0552537,38001,2015-05-29 10:36:57
15895,-10.9873539,-37.05538388,38001,2015-05-29 10:37:10
15896,-10.98741517,-37.05546804,38001,2015-05-29 10:37:23
15897,-10.98783457,-37.05569797,38001,2015-05-29 10:38:09
15898,-10.98781855,-37.05583197,38001,2015-05-29 10:38:21
15899,-10.98804156,-37.05590045,38001,2015-05-29 10:38:31
15900,-10.98795753,-37.05616016,38001,2015-05-29 10:38:53
15901,-10.98785375,-37.05628288,38001,2015-05-29 10:39:03
15902,-10.98778483,-37.05640770000001,38001,2015-05-29 10:39:14
15903,-10.98779563,-37.05647696,38001,2015-05-29 10:39:25
15904,-10.98791877,-37.05659371,38001,2015-05-29 10:39:35
15905,-10.98802518,-37.05664028,38001,2015-05-29 10:39:45
15906,-10.98800336,-37.05681374,38001,2015-05-29 10:39:55
15907,-10.9880703,-37.05700436,38001,2015-05-29 10:40:05
15908,-10.98796702,-37.05710324,38001,2015-05-29 10:40:18
15909,-10.88097871,-36.99810018,38002,2015-05-29 11:30:21
15910,-10.88089356,-36.99821142,38002,2015-05-29 11:30:45
15911,-10.88089191,-36.99821327,38002,2015-05-29 11:30:50
15912,-10.88085541,-36.99824434,38002,2015-05-29 11:30:56
15913,-10.88085476,-36.99823493,38002,2015-05-29 11:31:06
15914,-10.88085372,-36.99823548,38002,2015-05-29 11:31:15
15915,-10.88085325,-36.99823574,38002,2015-05-29 11:31:20
15916,-10.88085529,-36.99823643,38002,2015-05-29 11:31:26
15917,-10.88085783,-36.99823692,38002,2015-05-29 11:31:31
15918,-10.88085951,-36.99823756,38002,2015-05-29 11:31:37
15919,-10.88085971,-36.99823765,38002,2015-05-29 11:31:42
15920,-10.88085959,-36.99823728,38002,2015-05-29 11:31:50
15921,-10.88085994,-36.99823771,38002,2015-05-29 11:31:56
15922,-10.88086029,-36.99823846,38002,2015-05-29 11:32:02
15923,-10.88085991,-36.99823884,38002,2015-05-29 11:32:09
15924,-10.88085976,-36.99823959,38002,2015-05-29 11:32:16
15925,-10.88085971,-36.99824077,38002,2015-05-29 11:32:21
15926,-10.88085948,-36.99824145,38002,2015-05-29 11:32:27
15927,-10.88085886,-36.9982416,38002,2015-05-29 11:32:36
15928,-10.880857800000001,-36.99824369,38002,2015-05-29 11:32:44
15929,-10.88085744,-36.99824385,38002,2015-05-29 11:32:49
15930,-10.88099474,-36.99871018,38002,2015-05-29 11:32:57
15931,-10.88165702,-36.99949315,38002,2015-05-29 11:33:05
15932,-10.88226168,-37.00019148,38002,2015-05-29 11:33:12
15933,-10.88259779,-37.00061229,38002,2015-05-29 11:33:17
15934,-10.88299474,-37.0010899,38002,2015-05-29 11:33:26
15935,-10.88356452,-37.00161141,38002,2015-05-29 11:33:32
15936,-10.88462805,-37.00241595,38002,2015-05-29 11:33:40
15937,-10.88580702,-37.00322838,38002,2015-05-29 11:33:47
15938,-10.88736627,-37.00428391,38002,2015-05-29 11:33:57
15939,-10.88821263,-37.00490758,38002,2015-05-29 11:34:03
15940,-10.88908444,-37.00568984,38002,2015-05-29 11:34:11
15941,-10.88950273,-37.0060514,38002,2015-05-29 11:34:16
15942,-10.88976725,-37.0062817,38002,2015-05-29 11:34:22
15943,-10.89017186,-37.00671079,38002,2015-05-29 11:34:28
15944,-10.89083705,-37.00757073,38002,2015-05-29 11:34:36
15945,-10.89153966,-37.00870172,38002,2015-05-29 11:34:44
15946,-10.89204113,-37.00942862,38002,2015-05-29 11:34:49
15947,-10.89269349,-37.01026651,38002,2015-05-29 11:34:55
15948,-10.89355761,-37.01142358,38002,2015-05-29 11:35:03
15949,-10.90097858,-37.0145152,38002,2015-05-29 11:35:47
15950,-10.90177816,-37.01519538,38002,2015-05-29 11:35:53
15951,-10.90262006,-37.01601857,38002,2015-05-29 11:35:59
15952,-10.90329371,-37.01665795,38002,2015-05-29 11:36:04
15953,-10.9039339,-37.01727738,38002,2015-05-29 11:36:09
15954,-10.90510291,-37.01838838,38002,2015-05-29 11:36:18
15955,-10.90611913,-37.01942464,38002,2015-05-29 11:36:26
15956,-10.90675912,-37.02003322,38002,2015-05-29 11:36:31
15957,-10.90757025,-37.02111661,38002,2015-05-29 11:36:39
15958,-10.90796338,-37.02214458,38002,2015-05-29 11:36:45
15959,-10.90814252,-37.02334844,38002,2015-05-29 11:36:53
15960,-10.90808715,-37.02400558,38002,2015-05-29 11:37:00
15961,-10.90807909,-37.024108899999995,38002,2015-05-29 11:37:05
15962,-10.90807034,-37.02428768,38002,2015-05-29 11:37:12
15963,-10.90799391,-37.02469525,38002,2015-05-29 11:37:19
15964,-10.90789128,-37.02532065,38002,2015-05-29 11:37:26
15965,-10.90758259,-37.02589842,38002,2015-05-29 11:37:31
15966,-10.90719664,-37.02635616,38002,2015-05-29 11:37:36
15967,-10.90644965,-37.02671403,38002,2015-05-29 11:37:42
15968,-10.90556135,-37.02683587,38002,2015-05-29 11:37:48
15969,-10.90426792,-37.02737748,38002,2015-05-29 11:37:57
15970,-10.90354029,-37.02797662,38002,2015-05-29 11:38:06
15971,-10.90329966,-37.02821014,38002,2015-05-29 11:38:11
15972,-10.90283707,-37.02879913,38002,2015-05-29 11:38:18
15973,-10.90215379,-37.02966235,38002,2015-05-29 11:38:26
15974,-10.90165596,-37.03025032,38002,2015-05-29 11:38:31
15975,-10.90130876,-37.03068351,38002,2015-05-29 11:38:38
15976,-10.900618099999999,-37.0314635,38002,2015-05-29 11:38:49
15977,-10.8999662,-37.03215726,38002,2015-05-29 11:38:56
15978,-10.8994887,-37.03261473,38002,2015-05-29 11:39:01
15979,-10.89928899,-37.03281035,38002,2015-05-29 11:39:06
15980,-10.89901846,-37.03307085,38002,2015-05-29 11:39:11
15981,-10.89826196,-37.03373937,38002,2015-05-29 11:39:19
15982,-10.89753128,-37.0343415,38002,2015-05-29 11:39:25
15983,-10.89671404,-37.03556356,38002,2015-05-29 11:39:33
15984,-10.89631793,-37.03650747,38002,2015-05-29 11:39:38
15985,-10.89601393,-37.03801205,38002,2015-05-29 11:39:46
15986,-10.89558738,-37.03936157,38002,2015-05-29 11:39:53
15987,-10.89549302,-37.04027143,38002,2015-05-29 11:39:58
15988,-10.89529905,-37.04134778,38002,2015-05-29 11:40:04
15989,-10.89520412,-37.04244252,38002,2015-05-29 11:40:10
15990,-10.89480872,-37.04852999,38002,2015-05-29 11:40:45
15991,-10.89488964,-37.04942552,38002,2015-05-29 11:40:51
15992,-10.89502544,-37.05044997,38002,2015-05-29 11:40:57
15993,-10.89506013,-37.05127482,38002,2015-05-29 11:41:02
15994,-10.89502309,-37.05201062,38002,2015-05-29 11:41:08
15995,-10.89425546,-37.05208121,38002,2015-05-29 11:41:17
15996,-10.89408162,-37.05163408,38002,2015-05-29 11:41:23
15997,-10.89426667,-37.05134967,38002,2015-05-29 11:41:29
15998,-10.89460539,-37.05134831,38002,2015-05-29 11:41:35
15999,-10.89467963,-37.05134842,38002,2015-05-29 11:41:40
16000,-10.89469874,-37.05132838,38002,2015-05-29 11:41:45
16001,-10.89496478,-37.05129533,38002,2015-05-29 11:41:52
16002,-10.89543427,-37.05118664,38002,2015-05-29 11:41:59
16003,-10.89638948,-37.05105862,38002,2015-05-29 11:42:12
16004,-10.896727499999999,-37.05097871,38002,2015-05-29 11:42:17
16005,-10.89729124,-37.050928799999994,38002,2015-05-29 11:42:22
16006,-10.89800187,-37.05081083,38002,2015-05-29 11:42:31
16007,-10.89831772,-37.050765399999996,38002,2015-05-29 11:42:37
16008,-10.89881137,-37.05065766,38002,2015-05-29 11:42:43
16009,-10.89920505,-37.05060606,38002,2015-05-29 11:42:48
16010,-10.89957384,-37.05057323,38002,2015-05-29 11:42:56
16011,-10.90039127,-37.05045884,38002,2015-05-29 11:43:05
16012,-10.90123486,-37.05030523,38002,2015-05-29 11:43:15
16013,-10.90158047,-37.05028269,38002,2015-05-29 11:43:20
16014,-10.90179193,-37.05027346,38002,2015-05-29 11:43:30
16015,-10.90179697,-37.050273100000005,38002,2015-05-29 11:43:36
16016,-10.90180102,-37.05027159,38002,2015-05-29 11:43:42
16017,-10.90180102,-37.05027153,38002,2015-05-29 11:43:47
16018,-10.901800699999999,-37.05027169,38002,2015-05-29 11:43:53
16019,-10.90180077,-37.05027328,38002,2015-05-29 11:43:59
16020,-10.90185897,-37.05028063,38002,2015-05-29 11:44:04
16021,-10.90205767,-37.050296200000005,38002,2015-05-29 11:44:10
16022,-10.90231748,-37.05029076,38002,2015-05-29 11:44:16
16023,-10.90269361,-37.05036143,38002,2015-05-29 11:44:22
16024,-10.90304028,-37.05039452,38002,2015-05-29 11:44:28
16025,-10.90335697,-37.05039589,38002,2015-05-29 11:44:33
16026,-10.90350641,-37.05039433,38002,2015-05-29 11:44:38
16027,-10.903509800000002,-37.05037894,38002,2015-05-29 11:44:43
16028,-10.9036034,-37.05038205,38002,2015-05-29 11:44:49
16029,-10.90365478,-37.05033614,38002,2015-05-29 11:44:56
16030,-10.90364174,-37.05035266,38002,2015-05-29 11:45:01
16031,-10.90370709,-37.05034803,38002,2015-05-29 11:45:07
16032,-10.90425796,-37.04978531,38002,2015-05-29 11:45:41
16033,-10.90426436,-37.0497848,38002,2015-05-29 11:45:48
16034,-10.90426796,-37.04968963,38002,2015-05-29 11:45:58
16035,-10.90424474,-37.0493386,38002,2015-05-29 11:46:04
16036,-10.90422562,-37.04896948,38002,2015-05-29 11:46:09
16037,-10.90421352,-37.04864796,38002,2015-05-29 11:46:15
16038,-10.90422137,-37.04841184,38002,2015-05-29 11:46:20
16039,-10.90426567,-37.0481115,38002,2015-05-29 11:46:27
16040,-10.90427461,-37.04804767,38002,2015-05-29 11:46:32
16041,-10.90425114,-37.04815612,38002,2015-05-29 11:46:39
16042,-10.90434618,-37.04817795,38002,2015-05-29 11:46:45
16043,-10.90449885,-37.04817175,38002,2015-05-29 11:46:51
16044,-10.90465227,-37.04814226,38002,2015-05-29 11:46:57
16045,-10.90475754,-37.04816809,38002,2015-05-29 11:47:02
16046,-10.90500195,-37.04817697,38002,2015-05-29 11:47:07
16047,-10.90537887,-37.04820521,38002,2015-05-29 11:47:13
16048,-10.90583789,-37.04819494,38002,2015-05-29 11:47:22
16049,-10.90596743,-37.04820132,38002,2015-05-29 11:47:31
16050,-10.90597071,-37.04819105,38002,2015-05-29 11:47:38
16051,-10.90597505,-37.04819023,38002,2015-05-29 11:47:43
16052,-10.90597729,-37.04819134,38002,2015-05-29 11:47:49
16053,-10.90597837,-37.04819144,38002,2015-05-29 11:47:56
16054,-10.90604517,-37.04820057,38002,2015-05-29 11:48:01
16055,-10.90623483,-37.0481754,38002,2015-05-29 11:48:07
16056,-10.906228500000001,-37.04814281,38002,2015-05-29 11:48:15
16057,-10.9061906,-37.04815188,38002,2015-05-29 11:48:20
16058,-10.90616776,-37.04816052,38002,2015-05-29 11:48:26
16059,-10.90616441,-37.04816313,38002,2015-05-29 11:48:32
16060,-10.90616448,-37.04816347,38002,2015-05-29 11:48:37
16061,-10.90616219,-37.04816408,38002,2015-05-29 11:48:46
16062,-10.90617498,-37.04816362,38002,2015-05-29 11:48:52
16063,-10.90645449,-37.04816832,38002,2015-05-29 11:48:58
16064,-10.906918300000001,-37.04819312,38002,2015-05-29 11:49:04
16065,-10.9072272,-37.04820791,38002,2015-05-29 11:49:09
16066,-10.90740999,-37.04815668,38002,2015-05-29 11:49:15
16067,-10.90767147,-37.04807837,38002,2015-05-29 11:49:22
16068,-10.90783923,-37.04807406,38002,2015-05-29 11:49:28
16069,-10.90780708,-37.048072999999995,38002,2015-05-29 11:49:36
16070,-10.9078023,-37.04807648,38002,2015-05-29 11:49:41
16071,-10.90780146,-37.04807737,38002,2015-05-29 11:49:46
16072,-10.90780282,-37.04807866,38002,2015-05-29 11:49:51
16073,-10.90780242,-37.04807884,38002,2015-05-29 11:49:58
16074,-10.9078023,-37.04807864,38002,2015-05-29 11:50:06
16075,-10.90848777,-37.04810635,38002,2015-05-29 11:50:43
16076,-10.9087031,-37.04807884,38002,2015-05-29 11:50:48
16077,-10.90894142,-37.04801375,38002,2015-05-29 11:50:53
16078,-10.90945896,-37.04799559,38002,2015-05-29 11:51:01
16079,-10.90980016,-37.0480177,38002,2015-05-29 11:51:06
16080,-10.91057026,-37.04800618,38002,2015-05-29 11:51:20
16081,-10.91077864,-37.04791619,38002,2015-05-29 11:51:25
16082,-10.91099353,-37.04782077,38002,2015-05-29 11:51:31
16083,-10.91116882,-37.04779298,38002,2015-05-29 11:51:37
16084,-10.91119721,-37.04776068,38002,2015-05-29 11:51:43
16085,-10.91126483,-37.04794526,38002,2015-05-29 11:51:51
16086,-10.9112936,-37.04793153,38002,2015-05-29 11:51:57
16087,-10.91131419,-37.0479591,38002,2015-05-29 11:52:03
16088,-10.91127086,-37.04800143,38002,2015-05-29 11:52:10
16089,-10.91126546,-37.04800541,38002,2015-05-29 11:52:19
16090,-10.91139748,-37.04801449,38002,2015-05-29 11:52:24
16091,-10.91279437,-37.04792364,38002,2015-05-29 11:52:36
16092,-10.91319293,-37.04778023,38002,2015-05-29 11:52:41
16093,-10.91386894,-37.04779895,38002,2015-05-29 11:52:48
16094,-10.91454187,-37.04778209,38002,2015-05-29 11:52:55
16095,-10.91511348,-37.04775417,38002,2015-05-29 11:53:00
16096,-10.91596986,-37.04757863,38002,2015-05-29 11:53:07
16097,-10.91676181,-37.04737768,38002,2015-05-29 11:53:13
16098,-10.91760602,-37.0471317,38002,2015-05-29 11:53:20
16099,-10.9179004,-37.04695673,38002,2015-05-29 11:53:26
16100,-10.91788349,-37.046993,38002,2015-05-29 11:53:32
16101,-10.91789011,-37.04699436,38002,2015-05-29 11:53:38
16102,-10.91789022,-37.04699399,38002,2015-05-29 11:53:48
16103,-10.91788797,-37.04699532,38002,2015-05-29 11:53:57
16104,-10.9178886,-37.04699407,38002,2015-05-29 11:54:02
16105,-10.91788851,-37.04699427,38002,2015-05-29 11:54:08
16106,-10.91811019,-37.04690022,38002,2015-05-29 11:54:13
16107,-10.918641000000001,-37.04668598,38002,2015-05-29 11:54:19
16108,-10.919627,-37.04630093,38002,2015-05-29 11:54:28
16109,-10.92013208,-37.04610588,38002,2015-05-29 11:54:33
16110,-10.92093293,-37.04575601,38002,2015-05-29 11:54:41
16111,-10.92170701,-37.04540969,38002,2015-05-29 11:54:47
16112,-10.92252436,-37.045035299999995,38002,2015-05-29 11:54:53
16113,-10.92334359,-37.04472797,38002,2015-05-29 11:54:59
16114,-10.92404894,-37.04450543,38002,2015-05-29 11:55:05
16115,-10.92423381,-37.04444202,38002,2015-05-29 11:55:12
16116,-10.92688066,-37.04342535,38002,2015-05-29 11:55:43
16117,-10.92751412,-37.04326742,38002,2015-05-29 11:55:48
16118,-10.9281678,-37.04341199,38002,2015-05-29 11:55:53
16119,-10.92874464,-37.04403163,38002,2015-05-29 11:55:59
16120,-10.92936055,-37.04481867,38002,2015-05-29 11:56:06
16121,-10.92995768,-37.045611799999996,38002,2015-05-29 11:56:14
16122,-10.93040407,-37.0461947,38002,2015-05-29 11:56:21
16123,-10.93067341,-37.04653199,38002,2015-05-29 11:56:26
16124,-10.93085111,-37.04676264,38002,2015-05-29 11:56:32
16125,-10.93085246,-37.04673993,38002,2015-05-29 11:56:37
16126,-10.93083802,-37.04673657,38002,2015-05-29 11:56:43
16127,-10.93083609,-37.04673789,38002,2015-05-29 11:56:49
16128,-10.93083651,-37.04673836,38002,2015-05-29 11:56:54
16129,-10.93083639,-37.04673843,38002,2015-05-29 11:57:00
16130,-10.93092682,-37.04686951,38002,2015-05-29 11:57:06
16131,-10.93134868,-37.04738268,38002,2015-05-29 11:57:14
16132,-10.93188371,-37.04793168,38002,2015-05-29 11:57:21
16133,-10.93237896,-37.04843654,38002,2015-05-29 11:57:27
16134,-10.93290315,-37.04895581,38002,2015-05-29 11:57:33
16135,-10.93346649,-37.04941216,38002,2015-05-29 11:57:38
16136,-10.93396864,-37.04979905,38002,2015-05-29 11:57:43
16137,-10.93495781,-37.05024912,38002,2015-05-29 11:57:56
16138,-10.93501701,-37.0502201,38002,2015-05-29 11:58:02
16139,-10.93512532,-37.0502274,38002,2015-05-29 11:58:08
16140,-10.93516202,-37.0501946,38002,2015-05-29 11:58:18
16141,-10.93517504,-37.05016719,38002,2015-05-29 11:58:26
16142,-10.93520273,-37.05017512,38002,2015-05-29 11:58:32
16143,-10.93522026,-37.05016337,38002,2015-05-29 11:58:38
16144,-10.93508789,-37.05018399,38002,2015-05-29 11:58:45
16145,-10.93499496,-37.05021467,38002,2015-05-29 11:58:54
16146,-10.93499562,-37.05021498,38002,2015-05-29 11:58:59
16147,-10.93528065,-37.05033228,38002,2015-05-29 11:59:05
16148,-10.93595074,-37.05038992,38002,2015-05-29 11:59:11
16149,-10.93662235,-37.05050069,38002,2015-05-29 11:59:18
16150,-10.93720451,-37.05054457,38002,2015-05-29 11:59:23
16151,-10.93788599,-37.05064614,38002,2015-05-29 11:59:29
16152,-10.93843867,-37.05073983,38002,2015-05-29 11:59:34
16153,-10.93912084,-37.05083787,38002,2015-05-29 11:59:43
16154,-10.93917648,-37.05087637,38002,2015-05-29 11:59:48
16155,-10.93926181,-37.05102685,38002,2015-05-29 11:59:56
16156,-10.94006342,-37.05093116,38002,2015-05-29 12:00:02
16157,-10.94080585,-37.05095661,38002,2015-05-29 12:00:08
16158,-10.94277716,-37.05105201,38002,2015-05-29 12:00:44
16159,-10.94304343,-37.05104293,38002,2015-05-29 12:00:50
16160,-10.94341562,-37.05105538,38002,2015-05-29 12:00:55
16161,-10.94402329,-37.05105096,38002,2015-05-29 12:01:01
16162,-10.94453216,-37.05105285,38002,2015-05-29 12:01:06
16163,-10.94513059,-37.05105596,38002,2015-05-29 12:01:11
16164,-10.94616209,-37.05109159,38002,2015-05-29 12:01:18
16165,-10.94715581,-37.05111101,38002,2015-05-29 12:01:24
16166,-10.94860079,-37.05126687,38002,2015-05-29 12:01:33
16167,-10.9495999,-37.05148295,38002,2015-05-29 12:01:40
16168,-10.95028841,-37.05162889,38002,2015-05-29 12:01:45
16169,-10.95094633,-37.05177717,38002,2015-05-29 12:01:50
16170,-10.95175708,-37.0519527,38002,2015-05-29 12:01:56
16171,-10.95246132,-37.05209768,38002,2015-05-29 12:02:01
16172,-10.95338021,-37.0523167,38002,2015-05-29 12:02:08
16173,-10.95397749,-37.0525656,38002,2015-05-29 12:02:13
16174,-10.95442874,-37.05267909,38002,2015-05-29 12:02:19
16175,-10.95452996,-37.05277892,38002,2015-05-29 12:02:25
16176,-10.95452222,-37.05278969,38002,2015-05-29 12:02:37
16177,-10.95465883,-37.05276745,38002,2015-05-29 12:03:12
16178,-10.95455757,-37.052767200000005,38002,2015-05-29 12:03:20
16179,-10.95447931,-37.052782799999996,38002,2015-05-29 12:03:27
16180,-10.95433299,-37.05281195,38002,2015-05-29 12:03:37
16181,-10.95431768,-37.0528166,38002,2015-05-29 12:03:46
16182,-10.95431596,-37.05281699,38002,2015-05-29 12:03:54
16183,-10.95431772,-37.05281687,38002,2015-05-29 12:04:01
16184,-10.95431923,-37.05281645,38002,2015-05-29 12:04:06
16185,-10.95444998,-37.05301423,38002,2015-05-29 12:04:11
16186,-10.95552846,-37.05330582,38002,2015-05-29 12:04:20
16187,-10.95616593,-37.05352142,38002,2015-05-29 12:04:25
16188,-10.95823677,-37.05419946,38002,2015-05-29 12:04:39
16189,-10.95904611,-37.05446562,38002,2015-05-29 12:04:45
16190,-10.95970873,-37.05466807,38002,2015-05-29 12:04:50
16191,-10.96053916,-37.05484854,38002,2015-05-29 12:04:56
16192,-10.96135675,-37.05479571,38002,2015-05-29 12:05:03
16193,-10.96198391,-37.05459975,38002,2015-05-29 12:05:09
16194,-10.96759282,-37.05351377,38002,2015-05-29 12:05:47
16195,-10.96854892,-37.05359292,38002,2015-05-29 12:05:53
16196,-10.96962824,-37.053743100000005,38002,2015-05-29 12:06:01
16197,-10.97016106,-37.05378885,38002,2015-05-29 12:06:07
16198,-10.97019479,-37.05380016,38002,2015-05-29 12:06:16
16199,-10.97020004,-37.05379203,38002,2015-05-29 12:06:36
16200,-10.97020135,-37.05379154,38002,2015-05-29 12:06:41
16201,-10.97020117,-37.05379027,38002,2015-05-29 12:06:46
16202,-10.97020195,-37.05379104,38002,2015-05-29 12:06:51
16203,-10.97020265,-37.05379275,38002,2015-05-29 12:06:57
16204,-10.97023271,-37.05379708,38002,2015-05-29 12:07:03
16205,-10.97055754,-37.05384824,38002,2015-05-29 12:07:09
16206,-10.97103471,-37.05388754,38002,2015-05-29 12:07:14
16207,-10.97187799,-37.05400118,38002,2015-05-29 12:07:21
16208,-10.97271529,-37.05395187,38002,2015-05-29 12:07:27
16209,-10.97355171,-37.05387496,38002,2015-05-29 12:07:33
16210,-10.97463902,-37.05384884,38002,2015-05-29 12:07:40
16211,-10.97688807,-37.05370315,38002,2015-05-29 12:07:55
16212,-10.97758244,-37.0536703,38002,2015-05-29 12:08:00
16213,-10.97859511,-37.05361745,38002,2015-05-29 12:08:09
16214,-10.97886156,-37.05355865,38002,2015-05-29 12:08:14
16215,-10.97950914,-37.05350859,38002,2015-05-29 12:08:21
16216,-10.98010741,-37.05343289,38002,2015-05-29 12:08:26
16217,-10.981392300000001,-37.05365598,38002,2015-05-29 12:08:37
16218,-10.98185348,-37.05373465,38002,2015-05-29 12:08:42
16219,-10.98243855,-37.05389991,38002,2015-05-29 12:08:49
16220,-10.98285141,-37.05403949,38002,2015-05-29 12:08:58
16221,-10.98280121,-37.05401182,38002,2015-05-29 12:09:03
16222,-10.98280241,-37.05401115,38002,2015-05-29 12:09:09
16223,-10.982805099999998,-37.05400341,38002,2015-05-29 12:09:15
16224,-10.98280449,-37.05400308,38002,2015-05-29 12:09:24
16225,-10.98280439,-37.05400301,38002,2015-05-29 12:09:31
16226,-10.9830466,-37.0542277,38002,2015-05-29 12:09:38
16227,-10.98297518,-37.0545985,38002,2015-05-29 12:09:43
16228,-10.98284981,-37.05515858,38002,2015-05-29 12:09:49
16229,-10.98292822,-37.05565018,38002,2015-05-29 12:09:54
16230,-10.98301821,-37.05626137,38002,2015-05-29 12:10:01
16231,-10.98317865,-37.05651793,38002,2015-05-29 12:10:06
16232,-10.98358072,-37.05678665,38002,2015-05-29 12:10:11
16233,-10.98837282,-37.06009955,38002,2015-05-29 12:10:53
16234,-10.99099128,-37.06154905,38002,2015-05-29 12:11:11
16235,-10.99157275,-37.06208611,38002,2015-05-29 12:11:16
16236,-10.99245656,-37.0626401,38002,2015-05-29 12:11:23
16237,-10.99371583,-37.06355214,38002,2015-05-29 12:11:33
16238,-10.99460633,-37.06408933,38002,2015-05-29 12:11:40
16239,-10.995096499999999,-37.06457186,38002,2015-05-29 12:11:49
16240,-10.99508569,-37.06456457,38002,2015-05-29 12:11:55
16241,-10.99508244,-37.06456689,38002,2015-05-29 12:12:01
16242,-10.99513305,-37.06460267,38002,2015-05-29 12:12:06
16243,-10.99561835,-37.06505919,38002,2015-05-29 12:12:14
16244,-10.99640205,-37.06586051,38002,2015-05-29 12:12:22
16245,-10.99713881,-37.06656529,38002,2015-05-29 12:12:28
16246,-10.99780561,-37.06722952,38002,2015-05-29 12:12:33
16247,-10.99863979,-37.06802709,38002,2015-05-29 12:12:39
16248,-10.99943,-37.06864959,38002,2015-05-29 12:12:44
16249,-11.00045523,-37.06942555,38002,2015-05-29 12:12:50
16250,-11.00130902,-37.07007647,38002,2015-05-29 12:12:55
16251,-11.00212672,-37.07068084,38002,2015-05-29 12:13:00
16252,-11.0028918,-37.07127923,38002,2015-05-29 12:13:05
16253,-11.00379755,-37.07195893,38002,2015-05-29 12:13:11
16254,-11.00446521,-37.07271213,38002,2015-05-29 12:13:17
16255,-11.00532266,-37.07329485,38002,2015-05-29 12:13:23
16256,-11.00615368,-37.07372833,38002,2015-05-29 12:13:28
16257,-11.00726593,-37.07455282,38002,2015-05-29 12:13:35
16258,-11.00826949,-37.07530023,38002,2015-05-29 12:13:41
16259,-11.00914506,-37.07595847,38002,2015-05-29 12:13:47
16260,-11.01067295,-37.07717771,38002,2015-05-29 12:13:59
16261,-11.01135908,-37.077743100000006,38002,2015-05-29 12:14:05
16262,-11.01197183,-37.07819429,38002,2015-05-29 12:14:10
16263,-11.01279357,-37.07908297,38002,2015-05-29 12:14:19
16264,-11.01349708,-37.07964901,38002,2015-05-29 12:14:25
16265,-11.01406044,-37.08007168,38002,2015-05-29 12:14:30
16266,-11.01503162,-37.08074572,38002,2015-05-29 12:14:39
16267,-11.01531618,-37.08099910000001,38002,2015-05-29 12:14:45
16268,-11.01493939,-37.08138323,38002,2015-05-29 12:14:50
16269,-11.01432239,-37.08220953,38002,2015-05-29 12:14:58
16270,-11.01386864,-37.082791799999995,38002,2015-05-29 12:15:03
16271,-11.01329184,-37.083514,38002,2015-05-29 12:15:09
16272,-11.01072233,-37.08719288,38002,2015-05-29 12:15:48
16273,-11.01073485,-37.08715794,38002,2015-05-29 12:15:57
16274,-11.01077499,-37.08716323,38002,2015-05-29 12:16:02
16275,-11.01097923,-37.08724859,38002,2015-05-29 12:16:10
16276,-11.01111169,-37.08713125,38002,2015-05-29 12:16:16
16277,-11.01124531,-37.08687483,38002,2015-05-29 12:16:23
16278,-11.01137335,-37.08701058,38002,2015-05-29 12:16:30
16279,-11.01133477,-37.08699459,38002,2015-05-29 12:16:36
16280,-11.01132381,-37.08694409,38002,2015-05-29 12:16:43
16281,-11.01132511,-37.08694014,38002,2015-05-29 12:16:56
16282,-11.01132521,-37.08693924,38002,2015-05-29 12:17:05
16283,-11.01132433,-37.08693888,38002,2015-05-29 12:17:14
16284,-11.01132428,-37.08693891,38002,2015-05-29 12:17:23
16285,-11.01132403,-37.08693871,38002,2015-05-29 12:17:28
16286,-11.01132409,-37.086938700000005,38002,2015-05-29 12:17:34
16287,-11.01132386,-37.08693841,38002,2015-05-29 12:17:40
16288,-11.01132428,-37.08693855,38002,2015-05-29 12:17:45
16289,-11.0113247,-37.08693888,38002,2015-05-29 12:17:53
16290,-11.01132526,-37.08693748,38002,2015-05-29 12:18:00
16291,-11.01132519,-37.08693751,38002,2015-05-29 12:18:06
16292,-11.01132519,-37.08693754,38002,2015-05-29 12:18:11
16293,-11.01132483,-37.08693743,38002,2015-05-29 12:18:17
16294,-10.93748477,-37.06592293,38003,2015-05-30 08:15:46
16295,-10.9375001,-37.06596203,38003,2015-05-30 08:15:52
16296,-10.93747818,-37.06596005,38003,2015-05-30 08:15:57
16297,-10.93744732,-37.06579576,38003,2015-05-30 08:16:03
16298,-10.93730409,-37.06542413,38003,2015-05-30 08:16:10
16299,-10.93726566,-37.06512063,38003,2015-05-30 08:16:15
16300,-10.93723853,-37.06477645,38003,2015-05-30 08:16:22
16301,-10.93729935,-37.06473878,38003,2015-05-30 08:16:27
16302,-10.93728586,-37.06469392,38003,2015-05-30 08:16:38
16303,-10.93728407,-37.06469472,38003,2015-05-30 08:16:47
16304,-10.93728335,-37.06469591,38003,2015-05-30 08:16:53
16305,-10.93728325,-37.06469599,38003,2015-05-30 08:16:58
16306,-10.93728325,-37.06469574,38003,2015-05-30 08:17:03
16307,-10.93728324,-37.06469513,38003,2015-05-30 08:17:10
16308,-10.93728325,-37.06469503,38003,2015-05-30 08:17:16
16309,-10.93728322,-37.06469481,38003,2015-05-30 08:17:22
16310,-10.93728319,-37.06469473,38003,2015-05-30 08:17:31
16311,-10.93728351,-37.06469365,38003,2015-05-30 08:17:40
16312,-10.9372845,-37.06469174,38003,2015-05-30 08:17:46
16313,-10.93728514,-37.06469034,38003,2015-05-30 08:17:54
16314,-10.9372856,-37.06468968,38003,2015-05-30 08:17:59
16315,-10.93728571,-37.06467996,38003,2015-05-30 08:18:05
16316,-10.93727127,-37.06443112,38003,2015-05-30 08:18:11
16317,-10.93743683,-37.06375588,38003,2015-05-30 08:18:22
16318,-10.93759949,-37.06358368,38003,2015-05-30 08:18:30
16319,-10.9376344,-37.06356578,38003,2015-05-30 08:18:39
16320,-10.93761318,-37.06355777,38003,2015-05-30 08:18:44
16321,-10.93762907,-37.06355365,38003,2015-05-30 08:18:50
16322,-10.93762172,-37.06355687,38003,2015-05-30 08:18:58
16323,-10.93760412,-37.06356501,38003,2015-05-30 08:19:03
16324,-10.93759928,-37.06356487,38003,2015-05-30 08:19:09
16325,-10.93759776,-37.06356887,38003,2015-05-30 08:19:15
16326,-10.93759863,-37.06356933,38003,2015-05-30 08:19:20
16327,-10.937598199999998,-37.06356951,38003,2015-05-30 08:19:26
16328,-10.93759642,-37.06357262,38003,2015-05-30 08:19:33
16329,-10.93759582,-37.06357286,38003,2015-05-30 08:19:38
16330,-10.93759381,-37.06357613,38003,2015-05-30 08:19:44
16331,-10.93759298,-37.06357644,38003,2015-05-30 08:19:49
16332,-10.93759278,-37.06357658,38003,2015-05-30 08:19:55
16333,-10.93759018,-37.06357792,38003,2015-05-30 08:20:00
16334,-10.93758944,-37.06357824,38003,2015-05-30 08:20:06
16335,-10.93758892,-37.06357856,38003,2015-05-30 08:20:11
16336,-10.93758782,-37.063578899999996,38003,2015-05-30 08:20:18
16337,-10.93760248,-37.06356589,38003,2015-05-30 08:20:34
16338,-10.93792304,-37.0634368,38003,2015-05-30 08:20:41
16339,-10.93820682,-37.06277887,38003,2015-05-30 08:20:50
16340,-10.93830021,-37.06219688,38003,2015-05-30 08:20:57
16341,-10.93840761,-37.061926899999996,38003,2015-05-30 08:21:03
16342,-10.93871952,-37.06130145,38003,2015-05-30 08:21:12
16343,-10.93907126,-37.06070852,38003,2015-05-30 08:21:19
16344,-10.93933678,-37.0601556,38003,2015-05-30 08:21:25
16345,-10.93960831,-37.0595385,38003,2015-05-30 08:21:31
16346,-10.93987077,-37.05910964,38003,2015-05-30 08:21:37
16347,-10.94006758,-37.05877794,38003,2015-05-30 08:21:43
16348,-10.94010254,-37.05867861,38003,2015-05-30 08:21:48
16349,-10.94009638,-37.05870144,38003,2015-05-30 08:21:58
16350,-10.94009847,-37.05870484,38003,2015-05-30 08:22:05
16351,-10.94009752,-37.05870661,38003,2015-05-30 08:22:12
16352,-10.94010306,-37.05869551,38003,2015-05-30 08:22:17
16353,-10.94040409,-37.05841069,38003,2015-05-30 08:22:24
16354,-10.94119871,-37.05772369,38003,2015-05-30 08:22:34
16355,-10.94209536,-37.05686983,38003,2015-05-30 08:22:44
16356,-10.94301658,-37.05619213,38003,2015-05-30 08:22:54
16357,-10.94313128,-37.05521215,38003,2015-05-30 08:23:03
16358,-10.94338589,-37.05428538,38003,2015-05-30 08:23:10
16359,-10.94366656,-37.05328323,38003,2015-05-30 08:23:18
16360,-10.94387436,-37.05256434,38003,2015-05-30 08:23:24
16361,-10.944107199999998,-37.05180391,38003,2015-05-30 08:23:31
16362,-10.94420908,-37.05125491,38003,2015-05-30 08:23:37
16363,-10.94362276,-37.05101835,38003,2015-05-30 08:23:46
16364,-10.94236154,-37.05095399,38003,2015-05-30 08:23:58
16365,-10.942098300000001,-37.05088193,38003,2015-05-30 08:24:06
16366,-10.94205878,-37.05088128,38003,2015-05-30 08:24:13
16367,-10.94206573,-37.05088668,38003,2015-05-30 08:24:19
16368,-10.9419492,-37.05086891,38003,2015-05-30 08:24:26
16369,-10.94148167,-37.05060095,38003,2015-05-30 08:24:34
16370,-10.941477,-37.05005286,38003,2015-05-30 08:24:41
16371,-10.94183333,-37.04957735,38003,2015-05-30 08:24:47
16372,-10.94223324,-37.04902663,38003,2015-05-30 08:24:53
16373,-10.94268998,-37.04837747,38003,2015-05-30 08:24:59
16374,-10.94324476,-37.04776155,38003,2015-05-30 08:25:05
16375,-10.9438508,-37.04740819,38003,2015-05-30 08:25:11
16376,-10.94402341,-37.04728136,38003,2015-05-30 08:25:21
16377,-10.94428424,-37.04727804,38003,2015-05-30 08:25:29
16378,-10.94454721,-37.04747167,38003,2015-05-30 08:25:35
16379,-10.94478535,-37.04766009,38003,2015-05-30 08:25:41
16380,-10.94486099,-37.04773353,38003,2015-05-30 08:25:48
16381,-10.94483021,-37.04773368,38003,2015-05-30 08:25:54
16382,-10.94481923,-37.04775467,38003,2015-05-30 08:26:02
16383,-10.94482248,-37.04775364,38003,2015-05-30 08:26:07
16384,-10.94482111,-37.04774807,38003,2015-05-30 08:26:13
16385,-10.94482224,-37.04774733,38003,2015-05-30 08:26:18
16386,-10.94482286,-37.04774654,38003,2015-05-30 08:26:31
16387,-10.94482289,-37.04774658,38003,2015-05-30 08:26:36
16388,-10.94482293,-37.04774663,38003,2015-05-30 08:26:41
16389,-10.9448231,-37.04774675,38003,2015-05-30 08:26:49
16390,-10.94482331,-37.04774683,38003,2015-05-30 08:26:58
16391,-10.94486946,-37.04772799,38003,2015-05-30 08:27:03
16392,-10.94489455,-37.04770499,38003,2015-05-30 08:27:08
16393,-10.94489791,-37.04766389,38003,2015-05-30 08:27:14
16394,-10.94510838,-37.04826443,38003,2015-05-30 08:28:28
16395,-10.94512606,-37.04854021,38003,2015-05-30 08:30:15
16396,-10.94542763,-37.04892439,38003,2015-05-30 08:32:28
16397,-10.94530432,-37.04871498,38003,2015-05-30 08:33:07
16398,-10.94524735,-37.048823600000006,38003,2015-05-30 08:33:14
16399,-10.94513527,-37.04889455,38003,2015-05-30 08:33:23
16400,-10.94516478,-37.04892853,38003,2015-05-30 08:33:30
16401,-10.94527427,-37.04869455,38003,2015-05-30 08:33:35
16402,-10.94529016,-37.04867039,38003,2015-05-30 08:33:45
16403,-10.94524327,-37.04867361,38003,2015-05-30 08:33:50
16404,-10.94523144,-37.04855451,38003,2015-05-30 08:34:21
16405,-10.94523056,-37.04854316,38003,2015-05-30 08:34:26
16406,-10.94517592,-37.04853412,38003,2015-05-30 08:34:32
16407,-10.94527956,-37.04861561,38003,2015-05-30 08:35:38
16408,-10.94533302,-37.0488091,38003,2015-05-30 08:35:49
16409,-10.94533627,-37.04881244,38003,2015-05-30 08:35:55
16410,-10.94534076,-37.04879575,38003,2015-05-30 08:36:03
16411,-10.94530486,-37.0487717,38003,2015-05-30 08:36:09
16412,-10.94522069,-37.04869779,38003,2015-05-30 08:36:16
16413,-10.94530133,-37.04872869,38003,2015-05-30 08:36:23
16414,-10.94533953,-37.04885815,38003,2015-05-30 08:36:28
16415,-10.94533577,-37.04889448,38003,2015-05-30 08:36:33
16416,-10.94537514,-37.04868284,38003,2015-05-30 08:36:38
16417,-10.94529756,-37.04865401,38003,2015-05-30 08:36:45
16418,-10.94510398,-37.04850753,38003,2015-05-30 08:36:59
16419,-10.94510708,-37.0484796,38003,2015-05-30 08:37:04
16420,-10.94511886,-37.04846628,38003,2015-05-30 08:37:09
16421,-10.94511801,-37.04846307,38003,2015-05-30 08:37:18
16422,-10.94512481,-37.04844913,38003,2015-05-30 08:37:36
16423,-10.94512429,-37.04844783,38003,2015-05-30 08:37:43
16424,-10.94513196,-37.04847524,38003,2015-05-30 08:37:52
16425,-10.9451415,-37.04849817,38003,2015-05-30 08:37:58
16426,-10.94514589,-37.04849871,38003,2015-05-30 08:38:05
16427,-10.9451633,-37.048522600000005,38003,2015-05-30 08:38:10
16428,-10.94518097,-37.04852869,38003,2015-05-30 08:38:17
16429,-10.94518293,-37.0485299,38003,2015-05-30 08:38:22
16430,-10.94518235,-37.04852789,38003,2015-05-30 08:38:27
16431,-10.94518214,-37.04852708,38003,2015-05-30 08:38:33
16432,-10.94518256,-37.04852664,38003,2015-05-30 08:38:40
16433,-10.94517645,-37.04852587,38003,2015-05-30 08:38:55
16434,-10.94517642,-37.04852504,38003,2015-05-30 08:39:00
16435,-10.94518137,-37.04853419,38003,2015-05-30 08:39:07
16436,-10.94518408,-37.04853924,38003,2015-05-30 08:39:12
16437,-10.9451844,-37.04853853,38003,2015-05-30 08:39:23
16438,-10.94518455,-37.04853869,38003,2015-05-30 08:39:30
16439,-10.94518513,-37.04853978,38003,2015-05-30 08:39:35
16440,-10.94518533,-37.04854,38003,2015-05-30 08:39:41
16441,-10.94518565,-37.04854068,38003,2015-05-30 08:39:48
16442,-10.94518455,-37.04854124,38003,2015-05-30 08:39:55
16443,-10.945184900000001,-37.04854146,38003,2015-05-30 08:40:02
16444,-10.94518575,-37.04854304,38003,2015-05-30 08:40:13
16445,-10.94518598,-37.04854367,38003,2015-05-30 08:40:19
16446,-10.94518604,-37.04854386,38003,2015-05-30 08:40:24
16447,-10.94518638,-37.04854412,38003,2015-05-30 08:40:35
16448,-10.94518626,-37.04854382,38003,2015-05-30 08:40:43
16449,-10.94518626,-37.04854352,38003,2015-05-30 08:40:49
16450,-10.94518627,-37.04854331,38003,2015-05-30 08:40:54
16451,-10.94518223,-37.04854458,38003,2015-05-30 08:41:01
16452,-10.94518211,-37.04854428,38003,2015-05-30 08:41:12
16453,-10.94518227,-37.04854468,38003,2015-05-30 08:41:19
16454,-10.94518253,-37.04854459,38003,2015-05-30 08:41:27
16455,-10.94518276,-37.04854508,38003,2015-05-30 08:41:33
16456,-10.94518275,-37.04854523,38003,2015-05-30 08:41:38
16457,-10.94518262,-37.04854466,38003,2015-05-30 08:41:49
16458,-10.9451826,-37.04854451,38003,2015-05-30 08:41:55
16459,-10.94517957,-37.04854727,38003,2015-05-30 08:42:04
16460,-10.94517965,-37.04854737,38003,2015-05-30 08:42:09
16461,-10.94517969,-37.04854733,38003,2015-05-30 08:42:14
16462,-10.94517972,-37.0485472,38003,2015-05-30 08:42:21
16463,-10.94518019,-37.04854682,38003,2015-05-30 08:42:35
16464,-10.94518028,-37.04854694,38003,2015-05-30 08:42:40
16465,-10.94518048,-37.04854702,38003,2015-05-30 08:42:50
16466,-10.94518071,-37.04854733,38003,2015-05-30 08:42:55
16467,-10.945179699999999,-37.04854645,38003,2015-05-30 08:43:03
16468,-10.945179699999999,-37.04854623,38003,2015-05-30 08:43:09
16469,-10.94518024,-37.04854603,38003,2015-05-30 08:43:20
16470,-10.94518039,-37.04854598,38003,2015-05-30 08:43:25
16471,-10.9451806,-37.04854612,38003,2015-05-30 08:43:31
16472,-10.94518052,-37.04854576,38003,2015-05-30 08:43:37
16473,-10.94518043,-37.04854571,38003,2015-05-30 08:43:42
16474,-10.94518053,-37.048545399999995,38003,2015-05-30 08:43:51
16475,-10.94518057,-37.04854551,38003,2015-05-30 08:43:57
16476,-10.94517937,-37.04854573,38003,2015-05-30 08:44:03
16477,-10.94517934,-37.04854565,38003,2015-05-30 08:44:09
16478,-10.94517961,-37.04854604,38003,2015-05-30 08:44:16
16479,-10.94517957,-37.04854599,38003,2015-05-30 08:44:21
16480,-10.94518024,-37.04854671,38003,2015-05-30 08:44:44
16481,-10.94518095,-37.04854752,38003,2015-05-30 08:44:51
16482,-10.99692622,-37.05632783,38012,2015-06-03 04:07:50
16483,-10.99702418,-37.05610157,38012,2015-06-03 04:07:58
16484,-10.99726536,-37.05562273,38012,2015-06-03 04:08:07
16485,-10.99651794,-37.05512246,38012,2015-06-03 04:08:17
16486,-10.99591511,-37.05474398,38012,2015-06-03 04:08:23
16487,-10.99533692,-37.05433335,38012,2015-06-03 04:08:28
16488,-10.99443004,-37.05370481,38012,2015-06-03 04:08:35
16489,-10.99312692,-37.05279647,38012,2015-06-03 04:08:46
16490,-10.9926228,-37.05247147,38012,2015-06-03 04:08:54
16491,-10.99228299,-37.05224054,38012,2015-06-03 04:09:01
16492,-10.99179772,-37.05187116,38012,2015-06-03 04:09:06
16493,-10.99125607,-37.05148038,38012,2015-06-03 04:09:11
16494,-10.99049057,-37.05095683,38012,2015-06-03 04:09:18
16495,-10.98982935,-37.05048876,38012,2015-06-03 04:09:24
16496,-10.989263000000001,-37.05009356,38012,2015-06-03 04:09:29
16497,-10.98874889,-37.04973078,38012,2015-06-03 04:09:34
16498,-10.98840866,-37.04949447,38012,2015-06-03 04:09:42
16499,-10.98832699,-37.04943756,38012,2015-06-03 04:09:49
16500,-10.98812158,-37.04952272,38012,2015-06-03 04:09:55
16501,-10.98758661,-37.05091579,38012,2015-06-03 04:10:07
16502,-10.98739177,-37.05140596,38012,2015-06-03 04:10:12
16503,-10.98728752,-37.05153531,38012,2015-06-03 04:10:18
16504,-10.98728522,-37.05152777,38012,2015-06-03 04:10:25
16505,-10.98729029,-37.05152329,38012,2015-06-03 04:10:31
16506,-10.98728975,-37.05152299,38012,2015-06-03 04:10:37
16507,-10.98728958,-37.05152267,38012,2015-06-03 04:10:42
16508,-10.98728953,-37.05152272,38012,2015-06-03 04:10:47
16509,-10.9872898,-37.05152412,38012,2015-06-03 04:11:00
16510,-10.98728981,-37.05152434,38012,2015-06-03 04:11:09
16511,-10.98728982,-37.05152436,38012,2015-06-03 04:11:15
16512,-10.98704615,-37.05176384,38012,2015-06-03 04:11:22
16513,-10.9867699,-37.05209283,38012,2015-06-03 04:11:27
16514,-10.98638005,-37.05245391,38012,2015-06-03 04:11:32
16515,-10.98546696,-37.05268107,38012,2015-06-03 04:11:39
16516,-10.98510167,-37.05274782,38012,2015-06-03 04:11:44
16517,-10.985054199999999,-37.05274128,38012,2015-06-03 04:11:51
16518,-10.98505509,-37.05274269,38012,2015-06-03 04:11:56
16519,-10.98505527,-37.05274571,38012,2015-06-03 04:12:02
16520,-10.98505803,-37.0527445,38012,2015-06-03 04:12:08
16521,-10.98505964,-37.05274345,38012,2015-06-03 04:12:13
16522,-10.98505818,-37.05273865,38012,2015-06-03 04:12:18
16523,-10.98505826,-37.05273027,38012,2015-06-03 04:12:24
16524,-10.98504737,-37.0527265,38012,2015-06-03 04:12:31
16525,-10.98483197,-37.05277313,38012,2015-06-03 04:12:37
16526,-10.98430956,-37.05286368,38012,2015-06-03 04:12:46
16527,-10.98363794,-37.05300074,38012,2015-06-03 04:12:55
16528,-10.98336936,-37.05345172,38012,2015-06-03 04:13:03
16529,-10.98326143,-37.05375421,38012,2015-06-03 04:13:11
16530,-10.98326778,-37.05378349,38012,2015-06-03 04:13:17
16531,-10.98325798,-37.05379016,38012,2015-06-03 04:13:23
16532,-10.98307519,-37.05430036,38012,2015-06-03 04:13:32
16533,-10.9828882,-37.0548202,38012,2015-06-03 04:13:38
16534,-10.98287171,-37.05583851,38012,2015-06-03 04:13:47
16535,-10.98295742,-37.0565999,38012,2015-06-03 04:13:55
16536,-10.98311922,-37.05783238,38012,2015-06-03 04:14:03
16537,-10.98318116,-37.05873534,38012,2015-06-03 04:14:08
16538,-10.98277254,-37.05993813,38012,2015-06-03 04:14:15
16539,-10.98228333,-37.06091396,38012,2015-06-03 04:14:21
16540,-10.98176825,-37.06196166,38012,2015-06-03 04:14:28
16541,-10.98137719,-37.062789200000005,38012,2015-06-03 04:14:34
16542,-10.98099553,-37.06358438,38012,2015-06-03 04:14:39
16543,-10.98041451,-37.06476481,38012,2015-06-03 04:14:46
16544,-10.97973508,-37.06613188,38012,2015-06-03 04:14:54
16545,-10.97929453,-37.06699561,38012,2015-06-03 04:14:59
16546,-10.97887879,-37.06784632,38012,2015-06-03 04:15:04
16547,-10.97848556,-37.06867389,38012,2015-06-03 04:15:09
16548,-10.97814722,-37.06932284,38012,2015-06-03 04:15:15
16549,-10.97783336,-37.06972773,38012,2015-06-03 04:15:23
16550,-10.97759637,-37.07006499,38012,2015-06-03 04:15:28
16551,-10.97697991,-37.07131646,38012,2015-06-03 04:15:38
16552,-10.97683967,-37.071655,38012,2015-06-03 04:15:43
16553,-10.97669525,-37.07190234,38012,2015-06-03 04:15:49
16554,-10.97659515,-37.07209493,38012,2015-06-03 04:15:54
16555,-10.97645661,-37.07222724,38012,2015-06-03 04:15:59
16556,-10.97562865,-37.071580600000004,38012,2015-06-03 04:16:09
16557,-10.97488966,-37.07096094,38012,2015-06-03 04:16:15
16558,-10.97428379,-37.07046372,38012,2015-06-03 04:16:20
16559,-10.97359101,-37.0698994,38012,2015-06-03 04:16:28
16560,-10.97305777,-37.06945079,38012,2015-06-03 04:16:35
16561,-10.97290662,-37.06931977,38012,2015-06-03 04:16:40
16562,-10.97273658,-37.06919005,38012,2015-06-03 04:16:45
16563,-10.97205364,-37.06865881,38012,2015-06-03 04:16:53
16564,-10.97136573,-37.06806722,38012,2015-06-03 04:17:01
16565,-10.9708317,-37.06762358,38012,2015-06-03 04:17:07
16566,-10.97033298,-37.06722345,38012,2015-06-03 04:17:14
16567,-10.96982241,-37.06680725,38012,2015-06-03 04:17:23
16568,-10.96924366,-37.06634117,38012,2015-06-03 04:17:29
16569,-10.96828182,-37.06557048,38012,2015-06-03 04:17:37
16570,-10.96755002,-37.06512875,38012,2015-06-03 04:17:43
16571,-10.967010499999999,-37.06486183,38012,2015-06-03 04:17:48
16572,-10.96634442,-37.06520638,38012,2015-06-03 04:17:55
16573,-10.96594488,-37.06677725,38012,2015-06-03 04:18:05
16574,-10.96570439,-37.06779324,38012,2015-06-03 04:18:11
16575,-10.96528963,-37.06866394,38012,2015-06-03 04:18:17
16576,-10.96459172,-37.06886523,38012,2015-06-03 04:18:22
16577,-10.963797099999999,-37.06890144,38012,2015-06-03 04:18:31
16578,-10.96370164,-37.06889636,38012,2015-06-03 04:18:36
16579,-10.963462199999999,-37.06892544,38012,2015-06-03 04:18:45
16580,-10.96345345,-37.06891281,38012,2015-06-03 04:18:53
16581,-10.96345674,-37.06891138,38012,2015-06-03 04:18:59
16582,-10.96345641,-37.06891143,38012,2015-06-03 04:19:06
16583,-10.96345098,-37.06891339,38012,2015-06-03 04:19:11
16584,-10.96310028,-37.06893527,38012,2015-06-03 04:19:19
16585,-10.96273637,-37.06893575,38012,2015-06-03 04:19:25
16586,-10.96234884,-37.0689418,38012,2015-06-03 04:19:32
16587,-10.96198746,-37.06895523,38012,2015-06-03 04:19:41
16588,-10.96185378,-37.068962899999995,38012,2015-06-03 04:19:50
16589,-10.96184951,-37.06896047,38012,2015-06-03 04:19:58
16590,-10.96173787,-37.06896716,38012,2015-06-03 04:20:03
16591,-10.96136043,-37.06898492,38012,2015-06-03 04:20:13
16592,-10.96113035,-37.06900464,38012,2015-06-03 04:20:19
16593,-10.96074994,-37.06902156,38012,2015-06-03 04:20:27
16594,-10.96040091,-37.069041,38012,2015-06-03 04:20:32
16595,-10.96004642,-37.06906528,38012,2015-06-03 04:20:40
16596,-10.96003267,-37.06906495,38012,2015-06-03 04:20:45
16597,-10.95995116,-37.06908809,38012,2015-06-03 04:20:50
16598,-10.95956241,-37.06915774,38012,2015-06-03 04:21:00
16599,-10.959332,-37.06917204,38012,2015-06-03 04:21:05
16600,-10.95913662,-37.0691982,38012,2015-06-03 04:21:11
16601,-10.95893404,-37.06920459,38012,2015-06-03 04:21:18
16602,-10.95862316,-37.06924099,38012,2015-06-03 04:21:26
16603,-10.95830893,-37.06926234,38012,2015-06-03 04:21:37
16604,-10.95820681,-37.06926584,38012,2015-06-03 04:21:42
16605,-10.95819462,-37.06927664,38012,2015-06-03 04:21:47
16606,-10.9581287,-37.06928886,38012,2015-06-03 04:21:55
16607,-10.95793562,-37.06930673,38012,2015-06-03 04:22:01
16608,-10.95792819,-37.06930347,38012,2015-06-03 04:22:07
16609,-10.95792366,-37.06930145,38012,2015-06-03 04:22:12
16610,-10.957672599999999,-37.06930443,38012,2015-06-03 04:22:23
16611,-10.95739982,-37.06931986,38012,2015-06-03 04:22:28
16612,-10.95720932,-37.06933233,38012,2015-06-03 04:22:34
16613,-10.95706027,-37.06934477,38012,2015-06-03 04:22:39
16614,-10.95695176,-37.06935121,38012,2015-06-03 04:22:47
16615,-10.95695586,-37.06935552,38012,2015-06-03 04:22:52
16616,-10.95695239,-37.06935694,38012,2015-06-03 04:23:00
16617,-10.95689728,-37.06936436,38012,2015-06-03 04:23:06
16618,-10.95654706,-37.06937055,38012,2015-06-03 04:23:16
16619,-10.95625233,-37.06939473,38012,2015-06-03 04:23:21
16620,-10.95570295,-37.06931149,38012,2015-06-03 04:23:35
16621,-10.95551307,-37.06923595,38012,2015-06-03 04:23:41
16622,-10.95532512,-37.06914314,38012,2015-06-03 04:23:49
16623,-10.95531193,-37.06914774,38012,2015-06-03 04:23:54
16624,-10.95529013,-37.06912778,38012,2015-06-03 04:23:59
16625,-10.95495501,-37.06892404,38012,2015-06-03 04:24:11
16626,-10.95487052,-37.06886743,38012,2015-06-03 04:24:16
16627,-10.95458707,-37.06874718,38012,2015-06-03 04:24:26
16628,-10.954421400000001,-37.06865248,38012,2015-06-03 04:24:31
16629,-10.95385669,-37.06833991,38012,2015-06-03 04:24:38
16630,-10.95321016,-37.06797614,38012,2015-06-03 04:24:44
16631,-10.95222462,-37.06744335,38012,2015-06-03 04:24:55
16632,-10.95201502,-37.06733089,38012,2015-06-03 04:25:00
16633,-10.95177938,-37.06721023,38012,2015-06-03 04:25:05
16634,-10.95107564,-37.06681629,38012,2015-06-03 04:25:16
16635,-10.95079091,-37.0665787,38012,2015-06-03 04:25:22
16636,-10.95035715,-37.06618229,38012,2015-06-03 04:25:30
16637,-10.95016983,-37.06598914,38012,2015-06-03 04:25:36
16638,-10.95015464,-37.06596493,38012,2015-06-03 04:25:43
16639,-10.94997859,-37.065805700000006,38012,2015-06-03 04:25:50
16640,-10.94967412,-37.06551179,38012,2015-06-03 04:25:55
16641,-10.94930924,-37.06513818,38012,2015-06-03 04:26:00
16642,-10.94841581,-37.0643291,38012,2015-06-03 04:26:11
16643,-10.94794627,-37.06387403,38012,2015-06-03 04:26:17
16644,-10.9475614,-37.06351831,38012,2015-06-03 04:26:22
16645,-10.94721473,-37.06318579999999,38012,2015-06-03 04:26:27
16646,-10.94666534,-37.06294823,38012,2015-06-03 04:26:33
16647,-10.94618407,-37.06279424,38012,2015-06-03 04:26:39
16648,-10.94576141,-37.06258891,38012,2015-06-03 04:26:46
16649,-10.94555881,-37.06246697,38012,2015-06-03 04:26:51
16650,-10.94515578,-37.06221075,38012,2015-06-03 04:26:59
16651,-10.94488436,-37.06233016,38012,2015-06-03 04:27:12
16652,-10.94530451,-37.06251319,38012,2015-06-03 04:27:17
16653,-10.946253800000001,-37.06292509,38012,2015-06-03 04:27:26
16654,-10.94710877,-37.06326788,38012,2015-06-03 04:27:33
16655,-10.94744346,-37.06361781,38012,2015-06-03 04:27:38
16656,-10.94763863,-37.06385071,38012,2015-06-03 04:27:43
16657,-10.94738846,-37.0642056,38012,2015-06-03 04:27:50
16658,-10.94691861,-37.06475296,38012,2015-06-03 04:27:58
16659,-10.94670807,-37.06501466,38012,2015-06-03 04:28:04
16660,-10.94674743,-37.06519655,38012,2015-06-03 04:28:11
16661,-10.94711858,-37.0654977,38012,2015-06-03 04:28:16
16662,-10.94755426,-37.06573393,38012,2015-06-03 04:28:25
16663,-10.94767667,-37.06558224,38012,2015-06-03 04:28:32
16664,-10.94771471,-37.06553107,38012,2015-06-03 04:28:37
16665,-10.94771242,-37.06553174,38012,2015-06-03 04:28:43
16666,-10.94776245,-37.06547119,38012,2015-06-03 04:28:51
16667,-10.94781609,-37.0654265,38012,2015-06-03 04:28:59
16668,-10.9478229,-37.06541474,38012,2015-06-03 04:29:05
16669,-10.94782114,-37.06542133,38012,2015-06-03 04:29:11
16670,-10.94805851,-37.06517711,38013,2015-06-03 04:40:18
16671,-10.94810577,-37.06509316,38013,2015-06-03 04:40:26
16672,-10.94828913,-37.06490553,38013,2015-06-03 04:40:36
16673,-10.94835517,-37.06479936,38013,2015-06-03 04:40:41
16674,-10.94839079,-37.06476978,38013,2015-06-03 04:40:46
16675,-10.94845547,-37.06467313,38013,2015-06-03 04:40:52
16676,-10.94848041,-37.06463859,38013,2015-06-03 04:40:57
16677,-10.94862483,-37.06471452,38013,2015-06-03 04:41:09
16678,-10.949075099999998,-37.06512670000001,38013,2015-06-03 04:41:15
16679,-10.94979741,-37.06577458,38013,2015-06-03 04:41:22
16680,-10.95037778,-37.06631365,38013,2015-06-03 04:41:28
16681,-10.95086718,-37.06684904,38013,2015-06-03 04:41:36
16682,-10.95071206,-37.06769531,38013,2015-06-03 04:41:44
16683,-10.95051742,-37.06832648,38013,2015-06-03 04:41:49
16684,-10.95021734,-37.06931303,38013,2015-06-03 04:41:58
16685,-10.94976447,-37.07013632,38013,2015-06-03 04:42:06
16686,-10.94952845,-37.07048962,38013,2015-06-03 04:42:11
16687,-10.94935943,-37.07072707,38013,2015-06-03 04:42:16
16688,-10.94934846,-37.07074975,38013,2015-06-03 04:42:21
16689,-10.94933954,-37.07075219,38013,2015-06-03 04:42:30
16690,-10.94925059,-37.07088433,38013,2015-06-03 04:42:37
16691,-10.94912378,-37.071048499999996,38013,2015-06-03 04:42:43
16692,-10.94896774,-37.07123515,38013,2015-06-03 04:42:48
16693,-10.94884407,-37.07138829,38013,2015-06-03 04:42:53
16694,-10.94874519,-37.07153116,38013,2015-06-03 04:43:01
16695,-10.94863571,-37.07162887,38013,2015-06-03 04:43:06
16696,-10.94847436,-37.07183421,38013,2015-06-03 04:43:12
16697,-10.94835854,-37.07194938,38013,2015-06-03 04:43:17
16698,-10.9483145,-37.07199961,38013,2015-06-03 04:43:22
16699,-10.94819891,-37.07212131,38013,2015-06-03 04:43:28
16700,-10.94813785,-37.07217945,38013,2015-06-03 04:43:33
16701,-10.94811114,-37.07220635,38013,2015-06-03 04:43:39
16702,-10.94810514,-37.07220638,38013,2015-06-03 04:43:46
16703,-10.94800507,-37.07229714,38013,2015-06-03 04:43:52
16704,-10.94789549,-37.07241239,38013,2015-06-03 04:43:59
16705,-10.947763499999999,-37.07254083,38013,2015-06-03 04:44:04
16706,-10.94751591,-37.07277862,38013,2015-06-03 04:44:10
16707,-10.94702347,-37.07327517,38013,2015-06-03 04:44:21
16708,-10.94679639,-37.07350935,38013,2015-06-03 04:44:26
16709,-10.94657862,-37.07369856,38013,2015-06-03 04:44:31
16710,-10.94633457,-37.07393781,38013,2015-06-03 04:44:38
16711,-10.9461224,-37.07414733,38013,2015-06-03 04:44:43
16712,-10.94572321,-37.07453301,38013,2015-06-03 04:44:52
16713,-10.94555718,-37.07469044,38013,2015-06-03 04:44:57
16714,-10.9451597,-37.0750717,38013,2015-06-03 04:45:05
16715,-10.9449404,-37.07529849,38013,2015-06-03 04:45:11
16716,-10.94473377,-37.07546209,38013,2015-06-03 04:45:17
16717,-10.94473187,-37.07547402,38013,2015-06-03 04:45:25
16718,-10.94456808,-37.0756443,38013,2015-06-03 04:45:31
16719,-10.94433206,-37.07589732,38013,2015-06-03 04:45:36
16720,-10.94398242,-37.07624697,38013,2015-06-03 04:45:42
16721,-10.94371449,-37.07650798,38013,2015-06-03 04:45:47
16722,-10.94341383,-37.07681921,38013,2015-06-03 04:45:53
16723,-10.94309981,-37.07710314,38013,2015-06-03 04:45:58
16724,-10.94277369,-37.07743898,38013,2015-06-03 04:46:03
16725,-10.94239054,-37.07782323,38013,2015-06-03 04:46:10
16726,-10.94227709,-37.07790386,38013,2015-06-03 04:46:18
16727,-10.94211591,-37.07802606,38013,2015-06-03 04:46:24
16728,-10.94185542,-37.07830071,38013,2015-06-03 04:46:31
16729,-10.94170819,-37.0784761,38013,2015-06-03 04:46:37
16730,-10.94147187,-37.07869837,38013,2015-06-03 04:46:42
16731,-10.94101257,-37.07913998,38013,2015-06-03 04:46:51
16732,-10.94072866,-37.07941141,38013,2015-06-03 04:46:57
16733,-10.94053158,-37.07961856,38013,2015-06-03 04:47:05
16734,-10.94052953,-37.07961055,38013,2015-06-03 04:47:10
16735,-10.94051795,-37.07962512,38013,2015-06-03 04:47:15
16736,-10.94051204,-37.07962412,38013,2015-06-03 04:47:23
16737,-10.94051224,-37.07962414,38013,2015-06-03 04:47:30
16738,-10.940512199999999,-37.07962413,38013,2015-06-03 04:47:36
16739,-10.94046489,-37.07966486,38013,2015-06-03 04:47:41
16740,-10.94018091,-37.08001476,38013,2015-06-03 04:47:48
16741,-10.93981821,-37.08034975,38013,2015-06-03 04:47:56
16742,-10.93952722,-37.08065137,38013,2015-06-03 04:48:01
16743,-10.93914841,-37.08101595,38013,2015-06-03 04:48:09
16744,-10.93906909,-37.08110819,38013,2015-06-03 04:48:19
16745,-10.93906199,-37.08111396,38013,2015-06-03 04:48:26
16746,-10.93906193,-37.08111425,38013,2015-06-03 04:48:32
16747,-10.93906221,-37.08111441,38013,2015-06-03 04:48:40
16748,-10.93906248,-37.08111467,38013,2015-06-03 04:48:46
16749,-10.9390614,-37.08111627,38013,2015-06-03 04:48:51
16750,-10.93871454,-37.08145639,38013,2015-06-03 04:49:00
16751,-10.93841656,-37.08175793,38013,2015-06-03 04:49:06
16752,-10.93817806,-37.08192225,38013,2015-06-03 04:49:11
16753,-10.93786681,-37.08214909,38013,2015-06-03 04:49:19
16754,-10.93785455,-37.08216792,38013,2015-06-03 04:49:25
16755,-10.93784915,-37.08216847,38013,2015-06-03 04:49:36
16756,-10.93774759,-37.08223267,38013,2015-06-03 04:49:41
16757,-10.93769213,-37.08225662,38013,2015-06-03 04:49:46
16758,-10.93768535,-37.0822559,38013,2015-06-03 04:49:54
16759,-10.93752791,-37.08234056,38013,2015-06-03 04:50:00
16760,-10.93708993,-37.08253906,38013,2015-06-03 04:50:06
16761,-10.93632841,-37.08285192,38013,2015-06-03 04:50:17
16762,-10.9359979,-37.0829433,38013,2015-06-03 04:50:24
16763,-10.93580563,-37.08298055,38013,2015-06-03 04:50:29
16764,-10.93563903,-37.08300931,38013,2015-06-03 04:50:34
16765,-10.93561401,-37.08300396,38013,2015-06-03 04:50:42
16766,-10.9355363,-37.08302268,38013,2015-06-03 04:50:50
16767,-10.93544639,-37.08302895,38013,2015-06-03 04:50:57
16768,-10.93544793,-37.08302508,38013,2015-06-03 04:51:03
16769,-10.93544804,-37.08302497,38013,2015-06-03 04:51:11
16770,-10.93544785,-37.08302501,38013,2015-06-03 04:51:17
16771,-10.93544761,-37.08302492,38013,2015-06-03 04:51:24
16772,-10.93544726,-37.08302477,38013,2015-06-03 04:51:30
16773,-10.93528948,-37.08303057,38013,2015-06-03 04:51:36
16774,-10.93475536,-37.08303377,38013,2015-06-03 04:51:44
16775,-10.93442086,-37.08300435,38013,2015-06-03 04:51:51
16776,-10.9343212,-37.08298578,38013,2015-06-03 04:51:57
16777,-10.93432176,-37.08296086,38013,2015-06-03 04:52:04
16778,-10.93432707,-37.08294954,38013,2015-06-03 04:52:14
16779,-10.93432695,-37.08294896,38013,2015-06-03 04:52:23
16780,-10.93432687,-37.08294877,38013,2015-06-03 04:52:29
16781,-10.93432666,-37.0829486,38013,2015-06-03 04:52:34
16782,-10.93420338,-37.08293552,38013,2015-06-03 04:52:42
16783,-10.934148599999999,-37.08293024,38013,2015-06-03 04:52:49
16784,-10.934069500000001,-37.08289777,38013,2015-06-03 04:52:57
16785,-10.93350265,-37.08277675,38013,2015-06-03 04:53:09
16786,-10.93310195,-37.08266572,38013,2015-06-03 04:53:18
16787,-10.93256091,-37.08247266,38013,2015-06-03 04:53:29
16788,-10.93251584,-37.08244584,38013,2015-06-03 04:53:36
16789,-10.9325138,-37.08244998,38013,2015-06-03 04:53:41
16790,-10.93251014,-37.08244264,38013,2015-06-03 04:53:46
16791,-10.93245052,-37.08242641,38013,2015-06-03 04:53:51
16792,-10.93211389,-37.08228872,38013,2015-06-03 04:53:59
16793,-10.9320599,-37.08228966,38013,2015-06-03 04:54:05
16794,-10.93205659,-37.08228805,38013,2015-06-03 04:54:10
16795,-10.93205835,-37.08229288,38013,2015-06-03 04:54:15
16796,-10.93205819,-37.08229304,38013,2015-06-03 04:54:22
16797,-10.93205806,-37.08229305,38013,2015-06-03 04:54:29
16798,-10.93185859,-37.08221029999999,38013,2015-06-03 04:54:34
16799,-10.93152785,-37.08206537,38013,2015-06-03 04:54:39
16800,-10.93112133,-37.0819131,38013,2015-06-03 04:54:44
16801,-10.93075108,-37.08176881,38013,2015-06-03 04:54:50
16802,-10.92984538,-37.08144432,38013,2015-06-03 04:55:03
16803,-10.92979543,-37.08143224,38013,2015-06-03 04:55:08
16804,-10.92973482,-37.08140515,38013,2015-06-03 04:55:16
16805,-10.92962786,-37.08137311,38013,2015-06-03 04:55:22
16806,-10.92950361,-37.08131765,38013,2015-06-03 04:55:28
16807,-10.9294498,-37.08129152,38013,2015-06-03 04:55:33
16808,-10.92938341,-37.08126844,38013,2015-06-03 04:55:41
16809,-10.92938803,-37.08126364,38013,2015-06-03 04:55:49
16810,-10.92939057,-37.08126184,38013,2015-06-03 04:55:54
16811,-10.9293522,-37.08124816,38013,2015-06-03 04:56:02
16812,-10.92920682,-37.08119213,38013,2015-06-03 04:56:07
16813,-10.92892648,-37.08108192,38013,2015-06-03 04:56:13
16814,-10.92870576,-37.08102098,38013,2015-06-03 04:56:19
16815,-10.92840104,-37.08090151,38013,2015-06-03 04:56:26
16816,-10.92806911,-37.08075481,38013,2015-06-03 04:56:32
16817,-10.92777106,-37.08061319,38013,2015-06-03 04:56:37
16818,-10.92722742,-37.08047479,38013,2015-06-03 04:56:43
16819,-10.92700873,-37.08043901,38013,2015-06-03 04:56:51
16820,-10.92701548,-37.08043239,38013,2015-06-03 04:56:56
16821,-10.92701365,-37.08042707,38013,2015-06-03 04:57:02
16822,-10.927013699999998,-37.08042689,38013,2015-06-03 04:57:10
16823,-10.92701343,-37.08042685,38013,2015-06-03 04:57:21
16824,-10.92701332,-37.08042682,38013,2015-06-03 04:57:26
16825,-10.9270132,-37.08042694,38013,2015-06-03 04:57:31
16826,-10.92701322,-37.08042708,38013,2015-06-03 04:57:37
16827,-10.92701301,-37.08042711,38013,2015-06-03 04:57:45
16828,-10.92692235,-37.08041535,38013,2015-06-03 04:57:51
16829,-10.92668183,-37.08038032,38013,2015-06-03 04:57:57
16830,-10.92596543,-37.08034658,38013,2015-06-03 04:58:08
16831,-10.92558737,-37.08035833,38013,2015-06-03 04:58:13
16832,-10.92508257,-37.08041938,38013,2015-06-03 04:58:19
16833,-10.92467934,-37.08049529,38013,2015-06-03 04:58:24
16834,-10.92439064,-37.0805485,38013,2015-06-03 04:58:29
16835,-10.92438319,-37.08055187,38013,2015-06-03 04:58:34
16836,-10.92439274,-37.08056451,38013,2015-06-03 04:58:39
16837,-10.9243918,-37.08056434,38013,2015-06-03 04:58:46
16838,-10.92439164,-37.08056439,38013,2015-06-03 04:58:51
16839,-10.92439134,-37.08056419,38013,2015-06-03 04:58:57
16840,-10.92439113,-37.08056412,38013,2015-06-03 04:59:02
16841,-10.92439001,-37.08056168,38013,2015-06-03 04:59:07
16842,-10.92439303,-37.08056688,38013,2015-06-03 04:59:16
16843,-10.92438977,-37.08056629,38013,2015-06-03 04:59:21
16844,-10.92439821,-37.08057719,38013,2015-06-03 04:59:30
16845,-10.92439302,-37.08056722,38013,2015-06-03 04:59:37
16846,-10.92431551,-37.08058341,38013,2015-06-03 04:59:45
16847,-10.92396954,-37.08068765,38013,2015-06-03 04:59:52
16848,-10.92369624,-37.08082397,38013,2015-06-03 04:59:58
16849,-10.92296572,-37.08122375,38013,2015-06-03 05:00:09
16850,-10.92259819,-37.08149078,38013,2015-06-03 05:00:14
16851,-10.92178737,-37.08219051,38013,2015-06-03 05:00:28
16852,-10.92150021,-37.08245187,38013,2015-06-03 05:00:34
16853,-10.92114625,-37.08280787,38013,2015-06-03 05:00:41
16854,-10.92096846,-37.0829681,38013,2015-06-03 05:00:46
16855,-10.92061697,-37.08327312,38013,2015-06-03 05:00:56
16856,-10.92034088,-37.08340809,38013,2015-06-03 05:01:01
16857,-10.91948578,-37.08338005,38013,2015-06-03 05:01:09
16858,-10.91896048,-37.08289815,38013,2015-06-03 05:01:16
16859,-10.91881238,-37.0821891,38013,2015-06-03 05:01:23
16860,-10.91871485,-37.08113716,38013,2015-06-03 05:01:31
16861,-10.91867785,-37.08049447,38013,2015-06-03 05:01:36
16862,-10.91864573,-37.07995913,38013,2015-06-03 05:01:41
16863,-10.91863569,-37.07964865,38013,2015-06-03 05:01:48
16864,-10.91862495,-37.07962861,38013,2015-06-03 05:01:53
16865,-10.91861982,-37.07961926,38013,2015-06-03 05:01:59
16866,-10.91862291,-37.07962166,38013,2015-06-03 05:02:04
16867,-10.918631699999999,-37.07956545,38013,2015-06-03 05:02:13
16868,-10.91861775,-37.07951348,38013,2015-06-03 05:02:18
16869,-10.91861245,-37.07952282,38013,2015-06-03 05:02:27
16870,-10.91861021,-37.07952027,38013,2015-06-03 05:02:32
16871,-10.91861049,-37.07952006,38013,2015-06-03 05:02:37
16872,-10.91861036,-37.07952004,38013,2015-06-03 05:02:43
16873,-10.91861029,-37.07951986,38013,2015-06-03 05:02:49
16874,-10.91860221,-37.07945296,38013,2015-06-03 05:02:57
16875,-10.91857588,-37.07917019,38013,2015-06-03 05:03:04
16876,-10.91857286,-37.07869962,38013,2015-06-03 05:03:11
16877,-10.918534,-37.07837257,38013,2015-06-03 05:03:16
16878,-10.91845456,-37.07837007,38013,2015-06-03 05:03:24
16879,-10.91852004,-37.07911172,38013,2015-06-03 05:03:31
16880,-10.91864707,-37.08106801,38013,2015-06-03 05:03:44
16881,-10.91872808,-37.08238985,38013,2015-06-03 05:03:51
16882,-10.91882433,-37.083887100000005,38013,2015-06-03 05:03:58
16883,-10.91897365,-37.08499286,38013,2015-06-03 05:04:03
16884,-10.91997626,-37.08766583,38013,2015-06-03 05:04:17
16885,-10.92018363,-37.08822851,38013,2015-06-03 05:04:22
16886,-10.92028506,-37.08848639,38013,2015-06-03 05:04:27
16887,-10.92030728,-37.08919448,38013,2015-06-03 05:04:35
16888,-10.92025762,-37.089578700000004,38013,2015-06-03 05:04:41
16889,-10.92037213,-37.08974679,38013,2015-06-03 05:04:46
16890,-10.92060616,-37.08983628,38013,2015-06-03 05:04:52
16891,-10.92075978,-37.08995509,38013,2015-06-03 05:05:04
16892,-10.92080174,-37.09000771,38013,2015-06-03 05:05:09
16893,-10.92084793,-37.09012921,38013,2015-06-03 05:05:16
16894,-10.92086832,-37.090186200000005,38013,2015-06-03 05:05:21
16895,-10.92088227,-37.09023585,38013,2015-06-03 05:05:26
16896,-10.92090074,-37.09031012,38013,2015-06-03 05:05:31
16897,-10.92092154,-37.09037269,38013,2015-06-03 05:05:36
16898,-10.92094712,-37.09045337,38013,2015-06-03 05:05:43
16899,-10.92102135,-37.09061575,38013,2015-06-03 05:05:51
16900,-10.9210475,-37.0906922,38013,2015-06-03 05:05:57
16901,-10.92110569,-37.09085822,38013,2015-06-03 05:06:02
16902,-10.92123104,-37.09116766,38013,2015-06-03 05:06:09
16903,-10.92138592,-37.09154759,38013,2015-06-03 05:06:18
16904,-10.92145717,-37.09177102,38013,2015-06-03 05:06:24
16905,-10.92157737,-37.0920662,38013,2015-06-03 05:06:30
16906,-10.92168176,-37.09239111,38013,2015-06-03 05:06:37
16907,-10.92179074,-37.09268628,38013,2015-06-03 05:06:49
16908,-10.92186001,-37.09283025,38013,2015-06-03 05:06:55
16909,-10.92193066,-37.09299356,38013,2015-06-03 05:07:01
16910,-10.9220439,-37.09328175,38013,2015-06-03 05:07:08
16911,-10.92218648,-37.09363371,38013,2015-06-03 05:07:13
16912,-10.92245841,-37.09432736,38013,2015-06-03 05:07:21
16913,-10.92268737,-37.094936499999996,38013,2015-06-03 05:07:26
16914,-10.92280243,-37.09584325,38013,2015-06-03 05:07:32
16915,-10.92264854,-37.0966348,38013,2015-06-03 05:07:39
16916,-10.92254566,-37.09695214,38013,2015-06-03 05:07:45
16917,-10.92235647,-37.09756301,38013,2015-06-03 05:07:55
16918,-10.92205687,-37.09851847,38013,2015-06-03 05:08:02
16919,-10.9217619,-37.09935316,38013,2015-06-03 05:08:07
16920,-10.92137457,-37.10038564,38013,2015-06-03 05:08:13
16921,-10.92127692,-37.1012343,38013,2015-06-03 05:08:18
16922,-10.92128858,-37.10222801,38013,2015-06-03 05:08:23
16923,-10.92131746,-37.10404943,38013,2015-06-03 05:08:31
16924,-10.92120401,-37.10482559,38013,2015-06-03 05:08:36
16925,-10.92138007,-37.10514374,38013,2015-06-03 05:08:41
16926,-10.92157741,-37.10493476,38013,2015-06-03 05:08:49
16927,-10.92144725,-37.10405947,38013,2015-06-03 05:08:57
16928,-10.921398,-37.1028751,38013,2015-06-03 05:09:04
16929,-10.92137143,-37.10186004,38013,2015-06-03 05:09:10
16930,-10.92137294,-37.10111643,38013,2015-06-03 05:09:15
16931,-10.9214602,-37.100459,38013,2015-06-03 05:09:20
16932,-10.92180825,-37.09995227,38013,2015-06-03 05:09:26
16933,-10.92212563,-37.09993269,38013,2015-06-03 05:09:31
16934,-10.922267300000001,-37.09990975,38013,2015-06-03 05:09:36
16935,-10.92239106,-37.09991988,38013,2015-06-03 05:09:42
16936,-10.92252256,-37.10003283,38013,2015-06-03 05:09:48
16937,-10.92244279,-37.10030482,38013,2015-06-03 05:09:54
16938,-10.92213911,-37.10064685,38013,2015-06-03 05:10:01
16939,-10.92212444,-37.1011209,38013,2015-06-03 05:10:07
16940,-10.92214668,-37.10153234,38013,2015-06-03 05:10:13
16941,-10.92212026,-37.10176473,38013,2015-06-03 05:10:19
16942,-10.92196013,-37.10176456,38013,2015-06-03 05:10:24
16943,-10.92175132,-37.10175736,38013,2015-06-03 05:10:32
16944,-10.92173648,-37.10185912,38013,2015-06-03 05:10:38
16945,-10.92181976,-37.10195102,38013,2015-06-03 05:10:45
16946,-10.92184002,-37.10194404,38013,2015-06-03 05:10:50
16947,-10.92184205,-37.10194938,38013,2015-06-03 05:10:56
16948,-10.92184117,-37.10195529,38013,2015-06-03 05:11:01
16949,-10.92184527,-37.10194772,38013,2015-06-03 05:11:09
16950,-10.9218396,-37.10194463,38013,2015-06-03 05:11:15
16951,-10.9218175,-37.10195567,38013,2015-06-03 05:11:22
16952,-10.92180737,-37.10195331,38013,2015-06-03 05:11:27
16953,-10.921809,-37.10195293,38013,2015-06-03 05:11:34
16954,-10.92180902,-37.101949,38013,2015-06-03 05:11:47
16955,-10.94453329,-37.04683695,38015,2015-06-03 10:07:05
16956,-10.94453046,-37.04677124,38015,2015-06-03 10:07:16
16957,-10.94455284,-37.04666482,38015,2015-06-03 10:07:27
16958,-10.94523651,-37.04638459,38015,2015-06-03 10:07:52
16959,-10.95072331,-37.04540704,38015,2015-06-03 10:08:41
16960,-10.95673253,-37.04552085,38015,2015-06-03 10:09:35
16961,-10.95676113,-37.04529794,38015,2015-06-03 10:09:54
16962,-10.95795751,-37.04472076,38015,2015-06-03 10:10:07
16963,-10.95934962,-37.04409532,38015,2015-06-03 10:10:18
16964,-10.96106833,-37.04337686,38015,2015-06-03 10:10:30
16965,-10.9624691,-37.04276216,38015,2015-06-03 10:10:40
16966,-10.96373984,-37.04244946,38015,2015-06-03 10:10:52
16967,-10.9638171,-37.04237122,38015,2015-06-03 10:11:03
16968,-10.96478988,-37.04235924,38015,2015-06-03 10:11:17
16969,-10.9659045,-37.04258119,38015,2015-06-03 10:11:28
16970,-10.96621999,-37.04265061,38015,2015-06-03 10:11:39
16971,-10.96656394,-37.04267479,38015,2015-06-03 10:11:51
16972,-10.96738319,-37.04298128,38015,2015-06-03 10:12:02
16973,-10.967634599999998,-37.0426016,38015,2015-06-03 10:12:18
16974,-10.96779056,-37.04184779999999,38015,2015-06-03 10:12:28
16975,-10.96775935,-37.04175127,38015,2015-06-03 10:12:39
16976,-10.96777401,-37.04174761,38015,2015-06-03 10:12:49
16977,-10.96778415,-37.04174711,38015,2015-06-03 10:13:00
16978,-10.96778609,-37.04174691,38015,2015-06-03 10:13:11
16979,-10.967787199999998,-37.04174752,38015,2015-06-03 10:13:25
16980,-10.96789682,-37.04167899,38015,2015-06-03 10:13:38
16981,-10.97106026,-37.04224751,38015,2015-06-03 10:14:19
16982,-10.97229251,-37.042457,38015,2015-06-03 10:14:31
16983,-10.9728707,-37.04271449,38015,2015-06-03 10:14:41
16984,-10.97335705,-37.04279341,38015,2015-06-03 10:14:51
16985,-10.97436424,-37.04301397,38015,2015-06-03 10:15:02
16986,-10.97532215,-37.04345175,38015,2015-06-03 10:15:12
16987,-10.97542373,-37.04337296,38015,2015-06-03 10:15:26
16988,-10.97642319,-37.04347401,38015,2015-06-03 10:15:37
16989,-10.97790645,-37.04379065,38015,2015-06-03 10:15:48
16990,-10.97859596,-37.04406928,38015,2015-06-03 10:16:02
16991,-10.97926315,-37.04411027,38015,2015-06-03 10:16:14
16992,-10.97900215,-37.0454027,38015,2015-06-03 10:16:29
16993,-10.97860483,-37.04706799,38015,2015-06-03 10:16:42
16994,-10.97867749,-37.04717206,38015,2015-06-03 10:16:52
16995,-10.97896212,-37.04755315,38015,2015-06-03 10:17:12
16996,-10.97875341,-37.04743188,38015,2015-06-03 10:17:23
16997,-10.97858216,-37.04733168,38015,2015-06-03 10:17:35
16998,-10.97849151,-37.04721909,38015,2015-06-03 10:17:47
16999,-10.97839395,-37.04742906,38015,2015-06-03 10:18:00
17000,-10.9219381,-37.09919864,38016,2015-06-03 14:40:27
17001,-10.92227447,-37.09821779999999,38016,2015-06-03 14:40:37
17002,-10.92231381,-37.09812191,38016,2015-06-03 14:40:49
17003,-10.92240347,-37.097851899999995,38016,2015-06-03 14:41:00
17004,-10.92246754,-37.09773299,38016,2015-06-03 14:41:13
17005,-10.92247025,-37.09773193,38016,2015-06-03 14:41:24
17006,-10.92254806,-37.09748917,38016,2015-06-03 14:41:37
17007,-10.92256271,-37.0974385,38016,2015-06-03 14:41:50
17008,-10.92257467,-37.09738417,38016,2015-06-03 14:42:00
17009,-10.92261503,-37.09719872,38016,2015-06-03 14:42:18
17010,-10.92269067,-37.09696732,38016,2015-06-03 14:42:29
17011,-10.92276955,-37.09673751,38016,2015-06-03 14:42:45
17012,-10.92276704,-37.09673887,38016,2015-06-03 14:42:56
17013,-10.92280949,-37.09661065,38016,2015-06-03 14:43:09
17014,-10.92284378,-37.09648737,38016,2015-06-03 14:43:20
17015,-10.92287843,-37.09628663,38016,2015-06-03 14:43:33
17016,-10.92291222,-37.09608905,38016,2015-06-03 14:43:46
17017,-10.9229085,-37.09606496,38016,2015-06-03 14:43:59
17018,-10.922917300000002,-37.09592728,38016,2015-06-03 14:44:09
17019,-10.92290696,-37.09572922,38016,2015-06-03 14:44:19
17020,-10.92290215,-37.09561533,38016,2015-06-03 14:44:30
17021,-10.92289669,-37.09539702,38016,2015-06-03 14:44:46
17022,-10.92283568,-37.09513879,38016,2015-06-03 14:45:00
17023,-10.9228216,-37.09507622,38016,2015-06-03 14:45:15
17024,-10.92275856,-37.09485328,38016,2015-06-03 14:45:28
17025,-10.92269291,-37.09464818,38016,2015-06-03 14:45:41
17026,-10.922688,-37.09465684,38016,2015-06-03 14:45:55
17027,-10.92265868,-37.09455744,38016,2015-06-03 14:46:06
17028,-10.92259957,-37.09438624,38016,2015-06-03 14:46:16
17029,-10.92246296,-37.09403342,38016,2015-06-03 14:46:27
17030,-10.92215743,-37.09309291,38016,2015-06-03 14:46:39
17031,-10.92157604,-37.09167837,38016,2015-06-03 14:46:52
17032,-10.92117633,-37.09070343,38016,2015-06-03 14:47:03
17033,-10.92092459,-37.08980774,38016,2015-06-03 14:47:14
17034,-10.9207201,-37.08925634,38016,2015-06-03 14:47:24
17035,-10.92029171,-37.08832592,38016,2015-06-03 14:47:34
17036,-10.91990314,-37.08725469,38016,2015-06-03 14:47:44
17037,-10.91936966,-37.08582023,38016,2015-06-03 14:47:55
17038,-10.91896833,-37.08422213,38016,2015-06-03 14:48:06
17039,-10.91886356,-37.08250036,38016,2015-06-03 14:48:18
17040,-10.91880694,-37.08122359,38016,2015-06-03 14:48:30
17041,-10.91875304,-37.07988811,38016,2015-06-03 14:48:49
17042,-10.91864056,-37.0781987,38016,2015-06-03 14:49:02
17043,-10.91862306,-37.07778204,38016,2015-06-03 14:49:13
17044,-10.9185877,-37.07743793,38016,2015-06-03 14:49:23
17045,-10.91857358,-37.07714628,38016,2015-06-03 14:49:33
17046,-10.91858105,-37.07674357,38016,2015-06-03 14:49:43
17047,-10.91857006,-37.07653773,38016,2015-06-03 14:49:54
17048,-10.91857026,-37.07656257,38016,2015-06-03 14:50:07
17049,-10.91856633,-37.07656012,38016,2015-06-03 14:50:22
17050,-10.91856456,-37.07656008,38016,2015-06-03 14:50:34
17051,-10.91856837,-37.07656343,38016,2015-06-03 14:50:44
17052,-10.91856776,-37.07656249,38016,2015-06-03 14:50:56
17053,-10.91855607,-37.07635537,38016,2015-06-03 14:51:07
17054,-10.91850996,-37.07585488,38016,2015-06-03 14:51:18
17055,-10.91849581,-37.07560609,38016,2015-06-03 14:51:30
17056,-10.91848444,-37.07559955,38016,2015-06-03 14:51:43
17057,-10.91848422,-37.07559968,38016,2015-06-03 14:51:54
17058,-10.91848476,-37.07560057,38016,2015-06-03 14:52:04
17059,-10.91848505,-37.07560195,38016,2015-06-03 14:52:14
17060,-10.91848511,-37.07560213,38016,2015-06-03 14:52:24
17061,-10.91848513,-37.07560232,38016,2015-06-03 14:52:36
17062,-10.91847896,-37.07538419,38016,2015-06-03 14:52:50
17063,-10.91847066,-37.07519403,38016,2015-06-03 14:53:01
17064,-10.91846898,-37.07518657,38016,2015-06-03 14:53:15
17065,-10.91846788,-37.07518662,38016,2015-06-03 14:53:27
17066,-10.91846676,-37.07518591,38016,2015-06-03 14:53:37
17067,-10.91846683,-37.07518594,38016,2015-06-03 14:53:49
17068,-10.91846672,-37.07518595,38016,2015-06-03 14:53:59
17069,-10.91846646,-37.07518594,38016,2015-06-03 14:54:10
17070,-10.91846638,-37.07518597,38016,2015-06-03 14:54:20
17071,-10.91842611,-37.07450927,38016,2015-06-03 14:54:35
17072,-10.91842188,-37.07412608,38016,2015-06-03 14:54:47
17073,-10.91841138,-37.07397658,38016,2015-06-03 14:54:59
17074,-10.91845927,-37.07276213,38016,2015-06-03 14:55:14
17075,-10.91850091,-37.07242262,38016,2015-06-03 14:55:24
17076,-10.91851798,-37.07240464,38016,2015-06-03 14:55:34
17077,-10.918556800000001,-37.071817700000004,38016,2015-06-03 14:55:47
17078,-10.91855755,-37.071754399999996,38016,2015-06-03 14:55:57
17079,-10.91856751,-37.07175248,38016,2015-06-03 14:56:07
17080,-10.91856715,-37.07175859,38016,2015-06-03 14:56:20
17081,-10.91856674,-37.07172343,38016,2015-06-03 14:56:40
17082,-10.91861841,-37.07106005,38016,2015-06-03 14:56:52
17083,-10.91866245,-37.07070309,38016,2015-06-03 14:57:03
17084,-10.91867653,-37.07055071,38016,2015-06-03 14:57:13
17085,-10.91870279,-37.07057656,38016,2015-06-03 14:57:23
17086,-10.91871426,-37.07059057,38016,2015-06-03 14:57:35
17087,-10.91871475,-37.07059279,38016,2015-06-03 14:57:48
17088,-10.91871482,-37.07059338,38016,2015-06-03 14:57:59
17089,-10.9187148,-37.07059374,38016,2015-06-03 14:58:09
17090,-10.91871463,-37.07059406,38016,2015-06-03 14:58:19
17091,-10.91871709,-37.07043205,38016,2015-06-03 14:58:29
17092,-10.91874309,-37.07005001,38016,2015-06-03 14:58:43
17093,-10.91877829,-37.06974317,38016,2015-06-03 14:58:54
17094,-10.91879913,-37.06900606,38016,2015-06-03 14:59:11
17095,-10.91880622,-37.0690107,38016,2015-06-03 14:59:21
17096,-10.91877798,-37.06803433,38016,2015-06-03 14:59:38
17097,-10.91873474,-37.06663072,38016,2015-06-03 14:59:52
17098,-10.91877125,-37.06601976,38016,2015-06-03 15:00:06
17099,-10.91877936,-37.06599615,38016,2015-06-03 15:00:27
17100,-10.91877898,-37.06599574,38016,2015-06-03 15:00:37
17101,-10.91877889,-37.06599605,38016,2015-06-03 15:00:49
17102,-10.91875596,-37.06558017,38016,2015-06-03 15:01:00
17103,-10.9187286,-37.06535919,38016,2015-06-03 15:01:12
17104,-10.9187231,-37.0652752,38016,2015-06-03 15:01:22
17105,-10.91866574,-37.06443644,38016,2015-06-03 15:01:36
17106,-10.91868936,-37.06327246,38016,2015-06-03 15:01:48
17107,-10.91867498,-37.062373,38016,2015-06-03 15:01:58
17108,-10.91864406,-37.06143354,38016,2015-06-03 15:02:14
17109,-10.918647,-37.06143783,38016,2015-06-03 15:02:26
17110,-10.91866298,-37.06087797,38016,2015-06-03 15:02:38
17111,-10.91861207,-37.05988789,38016,2015-06-03 15:02:48
17112,-10.91857806,-37.05920707,38016,2015-06-03 15:03:00
17113,-10.91858788,-37.05911373,38016,2015-06-03 15:03:15
17114,-10.91863091,-37.05830148,38016,2015-06-03 15:03:31
17115,-10.91863157,-37.05831313,38016,2015-06-03 15:03:42
17116,-10.91863441,-37.05826396,38016,2015-06-03 15:03:54
17117,-10.91863846,-37.05826412,38016,2015-06-03 15:04:06
17118,-10.91861093,-37.05790807,38016,2015-06-03 15:04:16
17119,-10.91859215,-37.05734086,38016,2015-06-03 15:04:26
17120,-10.91857992,-37.05661756,38016,2015-06-03 15:04:43
17121,-10.9185767,-37.0566227,38016,2015-06-03 15:04:53
17122,-10.91857722,-37.05662321,38016,2015-06-03 15:05:04
17123,-10.91857738,-37.05662335,38016,2015-06-03 15:05:14
17124,-10.91858496,-37.05629482,38016,2015-06-03 15:05:24
17125,-10.91854286,-37.05551482,38016,2015-06-03 15:05:34
17126,-10.91853096,-37.05535793,38016,2015-06-03 15:05:44
17127,-10.91856587,-37.0546292,38016,2015-06-03 15:05:55
17128,-10.91857339,-37.05441382,38016,2015-06-03 15:06:05
17129,-10.91857184,-37.05441346,38016,2015-06-03 15:06:16
17130,-10.91853701,-37.05387136,38016,2015-06-03 15:06:27
17131,-10.91851486,-37.05286923,38016,2015-06-03 15:06:37
17132,-10.98310269,-37.05906118,38017,2015-06-05 12:45:30
17133,-10.98250287,-37.0604824,38017,2015-06-05 12:45:40
17134,-10.98218158,-37.06109453,38017,2015-06-05 12:45:48
17135,-10.98210141,-37.06122441,38017,2015-06-05 12:45:54
17136,-10.98200677,-37.06139351,38017,2015-06-05 12:46:01
17137,-10.98197073,-37.06153179,38017,2015-06-05 12:46:06
17138,-10.98195644,-37.0615944,38017,2015-06-05 12:46:12
17139,-10.98182705,-37.06187079,38017,2015-06-05 12:46:20
17140,-10.98156631,-37.06239365,38017,2015-06-05 12:46:26
17141,-10.98126188,-37.06302619,38017,2015-06-05 12:46:32
17142,-10.98096209,-37.06364781,38017,2015-06-05 12:46:37
17143,-10.98055601,-37.06445291,38017,2015-06-05 12:46:43
17144,-10.97982046,-37.06590987,38017,2015-06-05 12:46:56
17145,-10.97950361,-37.06634022,38017,2015-06-05 12:47:02
17146,-10.97919039,-37.06680488,38017,2015-06-05 12:47:07
17147,-10.97861804,-37.06799173,38017,2015-06-05 12:47:18
17148,-10.97840937,-37.06800958,38017,2015-06-05 12:47:23
17149,-10.97817675,-37.06794613,38017,2015-06-05 12:47:29
17150,-10.97812229,-37.06801507,38017,2015-06-05 12:47:35
17151,-10.97793846,-37.06821201,38017,2015-06-05 12:47:40
17152,-10.97760411,-37.06864667,38017,2015-06-05 12:47:47
17153,-10.97722083,-37.06913625,38017,2015-06-05 12:47:53
17154,-10.97674343,-37.06971212,38017,2015-06-05 12:48:00
17155,-10.97640861,-37.07013606,38017,2015-06-05 12:48:07
17156,-10.976041,-37.07062169,38017,2015-06-05 12:48:14
17157,-10.97544024,-37.07130401,38017,2015-06-05 12:48:26
17158,-10.97544703,-37.07129687,38017,2015-06-05 12:48:31
17159,-10.97506175,-37.07103572,38017,2015-06-05 12:48:39
17160,-10.974435,-37.07053045,38017,2015-06-05 12:48:46
17161,-10.9736465,-37.06989615,38017,2015-06-05 12:48:53
17162,-10.9731122,-37.06947016,38017,2015-06-05 12:48:58
17163,-10.97255926,-37.06902574,38017,2015-06-05 12:49:10
17164,-10.97194678,-37.06852037,38017,2015-06-05 12:49:17
17165,-10.97140843,-37.06807081,38017,2015-06-05 12:49:22
17166,-10.970725400000001,-37.06748677,38017,2015-06-05 12:49:29
17167,-10.97032029,-37.06714913,38017,2015-06-05 12:49:36
17168,-10.97001245,-37.06690615,38017,2015-06-05 12:49:43
17169,-10.96961809,-37.06658188,38017,2015-06-05 12:49:48
17170,-10.96891028,-37.0660205,38017,2015-06-05 12:49:55
17171,-10.968575900000001,-37.06575813,38017,2015-06-05 12:50:00
17172,-10.96829682,-37.06552918,38017,2015-06-05 12:50:06
17173,-10.96784653,-37.06525281,38017,2015-06-05 12:50:12
17174,-10.96733201,-37.0649709,38017,2015-06-05 12:50:17
17175,-10.96663529,-37.06492158,38017,2015-06-05 12:50:23
17176,-10.96620736,-37.06577406,38017,2015-06-05 12:50:30
17177,-10.96585056,-37.06723035,38017,2015-06-05 12:50:39
17178,-10.96565225,-37.06805936,38017,2015-06-05 12:50:44
17179,-10.96522085,-37.06870708,38017,2015-06-05 12:50:49
17180,-10.96438584,-37.06884405,38017,2015-06-05 12:50:54
17181,-10.96285623,-37.06891178,38017,2015-06-05 12:51:02
17182,-10.96163101,-37.06897478,38017,2015-06-05 12:51:08
17183,-10.96020766,-37.06906048,38017,2015-06-05 12:51:15
17184,-10.95899941,-37.06920653,38017,2015-06-05 12:51:21
17185,-10.95777447,-37.06926918,38017,2015-06-05 12:51:27
17186,-10.95682107,-37.06932632,38017,2015-06-05 12:51:32
17187,-10.95590676,-37.0693051,38017,2015-06-05 12:51:37
17188,-10.95483386,-37.06880617,38017,2015-06-05 12:51:44
17189,-10.95444614,-37.06859247,38017,2015-06-05 12:51:51
17190,-10.9540022,-37.068337899999996,38017,2015-06-05 12:51:57
17191,-10.95335827,-37.06799927,38017,2015-06-05 12:52:03
17192,-10.95240068,-37.06749771,38017,2015-06-05 12:52:11
17193,-10.95199024,-37.06728252,38017,2015-06-05 12:52:17
17194,-10.95149919,-37.06701508,38017,2015-06-05 12:52:25
17195,-10.95095301,-37.06665879,38017,2015-06-05 12:52:31
17196,-10.95028104,-37.06600953,38017,2015-06-05 12:52:38
17197,-10.94938994,-37.06513358,38017,2015-06-05 12:52:47
17198,-10.94875965,-37.06456746,38017,2015-06-05 12:52:53
17199,-10.94791468,-37.06376705,38017,2015-06-05 12:53:01
17200,-10.94740234,-37.06329723,38017,2015-06-05 12:53:06
17201,-10.94682332,-37.06296786,38017,2015-06-05 12:53:12
17202,-10.94623666,-37.06277,38017,2015-06-05 12:53:18
17203,-10.94578911,-37.06255184,38017,2015-06-05 12:53:23
17204,-10.94506868,-37.06206445,38017,2015-06-05 12:53:30
17205,-10.94452066,-37.06181844,38017,2015-06-05 12:53:35
17206,-10.94341598,-37.06140825,38017,2015-06-05 12:53:44
17207,-10.94269093,-37.0608366,38017,2015-06-05 12:53:52
17208,-10.9418419,-37.06003374,38017,2015-06-05 12:54:05
17209,-10.94153814,-37.05973852,38017,2015-06-05 12:54:14
17210,-10.9415008,-37.05969575,38017,2015-06-05 12:54:23
17211,-10.94137355,-37.05957749,38017,2015-06-05 12:54:29
17212,-10.94108338,-37.05929721,38017,2015-06-05 12:54:36
17213,-10.94088135,-37.05910182,38017,2015-06-05 12:54:42
17214,-10.94080383,-37.05903377,38017,2015-06-05 12:54:47
17215,-10.94079656,-37.05901419,38017,2015-06-05 12:54:52
17216,-10.94079273,-37.05901417,38017,2015-06-05 12:54:57
17217,-10.94075536,-37.05898853,38017,2015-06-05 12:55:02
17218,-10.940549800000001,-37.05867265,38017,2015-06-05 12:55:08
17219,-10.93995926,-37.057745000000004,38017,2015-06-05 12:55:22
17220,-10.93954647,-37.057052500000005,38017,2015-06-05 12:55:31
17221,-10.93921994,-37.05644655,38017,2015-06-05 12:55:37
17222,-10.93895811,-37.05594717,38017,2015-06-05 12:55:42
17223,-10.93856013,-37.05553394,38017,2015-06-05 12:55:47
17224,-10.93776928,-37.05501029,38017,2015-06-05 12:55:55
17225,-10.93714851,-37.05489098,38017,2015-06-05 12:56:00
17226,-10.93609232,-37.05468589,38017,2015-06-05 12:56:09
17227,-10.93544321,-37.05458066,38017,2015-06-05 12:56:15
17228,-10.93476056,-37.05446697,38017,2015-06-05 12:56:21
17229,-10.93417019,-37.05418448,38017,2015-06-05 12:56:28
17230,-10.93372246,-37.05398593,38017,2015-06-05 12:56:35
17231,-10.93292092,-37.05355326,38017,2015-06-05 12:56:46
17232,-10.93278199,-37.05347465,38017,2015-06-05 12:56:53
17233,-10.93278732,-37.05346556,38017,2015-06-05 12:56:59
17234,-10.932784300000002,-37.05346362,38017,2015-06-05 12:57:09
17235,-10.9327839,-37.05346375,38017,2015-06-05 12:57:15
17236,-10.93278365,-37.0534637,38017,2015-06-05 12:57:23
17237,-10.93278232,-37.05346205,38017,2015-06-05 12:57:29
17238,-10.93278221,-37.05346196,38017,2015-06-05 12:57:38
17239,-10.93278212,-37.05346178,38017,2015-06-05 12:57:44
17240,-10.93278207,-37.05346164,38017,2015-06-05 12:57:50
17241,-10.932782000000001,-37.05346134,38017,2015-06-05 12:57:56
17242,-10.93278189,-37.05346104,38017,2015-06-05 12:58:02
17243,-10.93278169,-37.053461,38017,2015-06-05 12:58:07
17244,-10.932697099999999,-37.05342537,38017,2015-06-05 12:58:13
17245,-10.93258071,-37.05312117,38017,2015-06-05 12:58:22
17246,-10.93277947,-37.05280296,38017,2015-06-05 12:58:28
17247,-10.933141599999999,-37.05297642,38017,2015-06-05 12:58:36
17248,-10.93328216,-37.05302689,38017,2015-06-05 12:58:41
17249,-10.93328735,-37.05296448,38017,2015-06-05 12:58:50
17250,-10.9333236,-37.05303755,38017,2015-06-05 12:58:58
17251,-10.9334463,-37.05313888,38017,2015-06-05 12:59:05
17252,-10.93343547,-37.05312109,38017,2015-06-05 12:59:12
17253,-10.93343963,-37.05311934,38017,2015-06-05 12:59:19
17254,-10.93343973,-37.05311933,38017,2015-06-05 12:59:29
17255,-10.93343983,-37.05311949,38017,2015-06-05 12:59:37
17256,-10.93343941,-37.05311942,38017,2015-06-05 12:59:44
17257,-10.93343933,-37.05311935,38017,2015-06-05 12:59:53
17258,-10.933439199999999,-37.05311919,38017,2015-06-05 12:59:58
17259,-10.93343926,-37.05311914,38017,2015-06-05 13:00:04
17260,-10.93343933,-37.05311914,38017,2015-06-05 13:00:10
17261,-10.93343952,-37.05311925,38017,2015-06-05 13:00:16
17262,-10.93343954,-37.05311933,38017,2015-06-05 13:00:22
17263,-10.93343958,-37.05311943,38017,2015-06-05 13:00:29
17264,-10.93343973,-37.05311948,38017,2015-06-05 13:00:36
17265,-10.93344059,-37.0531199,38017,2015-06-05 13:00:43
17266,-10.93358039,-37.05319382,38017,2015-06-05 13:00:53
17267,-10.93357267,-37.05319551,38017,2015-06-05 13:01:02
17268,-10.933572199999999,-37.0531955,38017,2015-06-05 13:01:10
17269,-10.93357223,-37.05319547,38017,2015-06-05 13:01:16
17270,-10.93359331,-37.05320753,38017,2015-06-05 13:01:21
17271,-10.93362055,-37.05323045,38017,2015-06-05 13:01:28
17272,-10.9336351,-37.05323607,38017,2015-06-05 13:01:34
17273,-10.93367353,-37.05325469,38017,2015-06-05 13:01:40
17274,-10.93366892,-37.05325316,38017,2015-06-05 13:01:48
17275,-10.93366922,-37.05325468,38017,2015-06-05 13:01:55
17276,-10.93366932,-37.05325487,38017,2015-06-05 13:02:03
17277,-10.93366943,-37.05325494,38017,2015-06-05 13:02:08
17278,-10.9336713,-37.05325596,38017,2015-06-05 13:02:14
17279,-10.93372281,-37.05327641,38017,2015-06-05 13:02:19
17280,-10.93372012,-37.05327414,38017,2015-06-05 13:02:24
17281,-10.933716,-37.05327718,38017,2015-06-05 13:02:31
17282,-10.93371616,-37.05327763,38017,2015-06-05 13:02:38
17283,-10.93371618,-37.05327763,38017,2015-06-05 13:02:49
17284,-10.93371622,-37.05327761,38017,2015-06-05 13:02:54
17285,-10.93371622,-37.05327761,38017,2015-06-05 13:03:00
17286,-10.93371619,-37.05327758,38017,2015-06-05 13:03:08
17287,-10.93371616,-37.0532776,38017,2015-06-05 13:03:14
17288,-10.93371611,-37.05327771,38017,2015-06-05 13:03:26
17289,-10.9337161,-37.05327775,38017,2015-06-05 13:03:31
17290,-10.93372663,-37.05328279,38017,2015-06-05 13:03:38
17291,-10.93377103,-37.05330925,38017,2015-06-05 13:03:43
17292,-10.93377279,-37.05332232,38017,2015-06-05 13:03:48
17293,-10.93378294,-37.05332983,38017,2015-06-05 13:03:54
17294,-10.9337837,-37.05333019,38017,2015-06-05 13:04:00
17295,-10.93378375,-37.05333005,38017,2015-06-05 13:04:06
17296,-10.93378377,-37.0533299,38017,2015-06-05 13:04:11
17297,-10.93380797,-37.0533414,38017,2015-06-05 13:04:19
17298,-10.93389155,-37.05337137,38017,2015-06-05 13:04:30
17299,-10.93396197,-37.05341546,38017,2015-06-05 13:04:35
17300,-10.93402952,-37.05345159,38017,2015-06-05 13:04:41
17301,-10.93404267,-37.05345766,38017,2015-06-05 13:04:47
17302,-10.93405294,-37.05346015,38017,2015-06-05 13:04:52
17303,-10.93406377,-37.05346356,38017,2015-06-05 13:05:00
17304,-10.93406386,-37.05346363,38017,2015-06-05 13:05:06
17305,-10.93406377,-37.05346368,38017,2015-06-05 13:05:14
17306,-10.93406376,-37.05346367,38017,2015-06-05 13:05:24
17307,-10.93406378,-37.05346365,38017,2015-06-05 13:05:31
17308,-10.93406525,-37.05346443,38017,2015-06-05 13:05:38
17309,-10.93407549,-37.05347823,38017,2015-06-05 13:05:45
17310,-10.93407462,-37.05346964,38017,2015-06-05 13:05:51
17311,-10.93407208,-37.05346581,38017,2015-06-05 13:05:58
17312,-10.93407213,-37.05346591,38017,2015-06-05 13:06:04
17313,-10.934072,-37.05346578,38017,2015-06-05 13:06:14
17314,-10.93407354,-37.05346699,38017,2015-06-05 13:06:19
17315,-10.93413508,-37.05352967,38017,2015-06-05 13:06:29
17316,-10.93402773,-37.05376106,38017,2015-06-05 13:06:34
17317,-10.93388811,-37.054063,38017,2015-06-05 13:06:42
17318,-10.93369627,-37.05451014,38017,2015-06-05 13:06:51
17319,-10.933656,-37.05456614,38017,2015-06-05 13:06:56
17320,-10.93363523,-37.05458283,38017,2015-06-05 13:07:02
17321,-10.93362623,-37.05460485,38017,2015-06-05 13:07:08
17322,-10.93350108,-37.05486495,38017,2015-06-05 13:07:17
17323,-10.93334482,-37.05519965,38017,2015-06-05 13:07:24
17324,-10.93321721,-37.05551277,38017,2015-06-05 13:07:30
17325,-10.932996300000001,-37.05601522,38017,2015-06-05 13:07:36
17326,-10.93277817,-37.05646639,38017,2015-06-05 13:07:41
17327,-10.93244299,-37.05724534,38017,2015-06-05 13:07:49
17328,-10.93233749,-37.05747962,38017,2015-06-05 13:07:54
17329,-10.93212343,-37.05795574,38017,2015-06-05 13:08:02
17330,-10.93208899,-37.05806908,38017,2015-06-05 13:08:13
17331,-10.93208567,-37.05807662,38017,2015-06-05 13:08:20
17332,-10.93208562,-37.05807647,38017,2015-06-05 13:08:26
17333,-10.93208552,-37.05807634,38017,2015-06-05 13:08:33
17334,-10.93208552,-37.05807611,38017,2015-06-05 13:08:41
17335,-10.93208549,-37.0580759,38017,2015-06-05 13:08:49
17336,-10.9320853,-37.05807594,38017,2015-06-05 13:08:55
17337,-10.93208514,-37.0580759,38017,2015-06-05 13:09:02
17338,-10.9320851,-37.05807591,38017,2015-06-05 13:09:10
17339,-10.93208512,-37.05807585,38017,2015-06-05 13:09:17
17340,-10.93208509,-37.05807581,38017,2015-06-05 13:09:22
17341,-10.93205103,-37.0581615,38017,2015-06-05 13:09:27
17342,-10.93192987,-37.05833827,38017,2015-06-05 13:09:32
17343,-10.93152138,-37.05803918,38017,2015-06-05 13:09:39
17344,-10.93098903,-37.05767595,38017,2015-06-05 13:09:45
17345,-10.93055024,-37.05729907,38017,2015-06-05 13:09:53
17346,-10.93071957,-37.05698655,38017,2015-06-05 13:09:59
17347,-10.93098271,-37.05643867,38017,2015-06-05 13:10:08
17348,-10.93115792,-37.05607243,38017,2015-06-05 13:10:14
17349,-10.93132097,-37.05571483,38017,2015-06-05 13:10:24
17350,-10.93097847,-37.05548275,38017,2015-06-05 13:10:34
17351,-10.93048337,-37.05514618,38017,2015-06-05 13:10:44
17352,-10.93013191,-37.05492689,38017,2015-06-05 13:10:50
17353,-10.929927699999999,-37.05487856,38017,2015-06-05 13:10:58
17354,-10.92987147,-37.05498963,38017,2015-06-05 13:11:03
17355,-10.92984371,-37.05504949,38017,2015-06-05 13:11:11
17356,-10.92982968,-37.0550345,38017,2015-06-05 13:11:18
17357,-10.92982727,-37.05503956,38017,2015-06-05 13:11:25
17358,-10.92982645,-37.05503983,38017,2015-06-05 13:11:31
17359,-10.92981908,-37.05504061,38017,2015-06-05 13:11:40
17360,-10.92981634,-37.05504079,38017,2015-06-05 13:11:45
17361,-10.92981598,-37.05504087,38017,2015-06-05 13:11:52
17362,-10.92981582,-37.05504093,38017,2015-06-05 13:11:59
17363,-10.92981828,-37.05504052,38017,2015-06-05 13:12:08
17364,-10.92981841,-37.05504045,38017,2015-06-05 13:12:15
17365,-10.92981842,-37.055040500000004,38017,2015-06-05 13:12:20
17366,-10.92981835,-37.05504053,38017,2015-06-05 13:12:26
17367,-10.92981876,-37.05505004,38017,2015-06-05 13:12:31
17368,-10.92968382,-37.05525194,38017,2015-06-05 13:12:37
17369,-10.92963581,-37.05536967,38017,2015-06-05 13:12:44
17370,-10.92987228,-37.05552945,38017,2015-06-05 13:12:50
17371,-10.93018213,-37.05574206,38017,2015-06-05 13:12:56
17372,-10.93043629,-37.05588699,38017,2015-06-05 13:13:02
17373,-10.93064072,-37.05601219,38017,2015-06-05 13:13:08
17374,-10.93089317,-37.05618256,38017,2015-06-05 13:13:13
17375,-10.93097687,-37.05625257,38017,2015-06-05 13:13:19
17376,-10.93101775,-37.05627114,38017,2015-06-05 13:13:25
17377,-10.93109966,-37.05632103,38017,2015-06-05 13:13:30
17378,-10.93138333,-37.05650363,38017,2015-06-05 13:13:35
17379,-10.93166707,-37.05668728,38017,2015-06-05 13:13:40
17380,-10.93199996,-37.05690416,38017,2015-06-05 13:13:46
17381,-10.93227022,-37.05707975,38017,2015-06-05 13:13:53
17382,-10.93228348,-37.05709297,38017,2015-06-05 13:13:59
17383,-10.93228494,-37.05709296,38017,2015-06-05 13:14:06
17384,-10.93232134,-37.05711892,38017,2015-06-05 13:14:14
17385,-10.93234723,-37.05713625,38017,2015-06-05 13:14:20
17386,-10.93239446,-37.05717097,38017,2015-06-05 13:14:25
17387,-10.93238915,-37.05716865,38017,2015-06-05 13:14:34
17388,-10.93238971,-37.05716822,38017,2015-06-05 13:14:40
17389,-10.93243855,-37.05719753,38017,2015-06-05 13:14:56
17390,-10.93243738,-37.05720181,38017,2015-06-05 13:15:03
17391,-10.93243785,-37.05720297,38017,2015-06-05 13:15:08
17392,-10.93243795,-37.05720311,38017,2015-06-05 13:15:16
17393,-10.93244624,-37.05721097,38017,2015-06-05 13:15:21
17394,-10.93245383,-37.05727817,38017,2015-06-05 13:15:29
17395,-10.93232448,-37.05756396,38017,2015-06-05 13:15:35
17396,-10.93212777,-37.05798816,38017,2015-06-05 13:15:42
17397,-10.93199673,-37.05827182,38017,2015-06-05 13:15:47
17398,-10.93154309,-37.05902005,38017,2015-06-05 13:15:56
17399,-10.93101341,-37.05980562,38017,2015-06-05 13:16:04
17400,-10.93062142,-37.06039443,38017,2015-06-05 13:16:10
17401,-10.93044719,-37.06064367,38017,2015-06-05 13:16:15
17402,-10.93058766,-37.06077974,38017,2015-06-05 13:16:20
17403,-10.9307872,-37.06053828,38017,2015-06-05 13:16:27
17404,-10.93106665,-37.06007718,38017,2015-06-05 13:16:33
17405,-10.93131123,-37.05964794,38017,2015-06-05 13:16:38
17406,-10.93155978,-37.05924149,38017,2015-06-05 13:16:43
17407,-10.93179623,-37.05887377,38017,2015-06-05 13:16:51
17408,-10.93179322,-37.05888531,38017,2015-06-05 13:17:02
17409,-10.93179617,-37.05888415,38017,2015-06-05 13:17:12
17410,-10.93179614,-37.05888411,38017,2015-06-05 13:17:19
17411,-10.93179615,-37.05888412,38017,2015-06-05 13:17:24
17412,-10.93179625,-37.05888389,38017,2015-06-05 13:17:32
17413,-10.93179647,-37.05888362,38017,2015-06-05 13:17:38
17414,-10.93179658,-37.05888368,38017,2015-06-05 13:17:46
17415,-10.93181991,-37.05884994,38017,2015-06-05 13:17:52
17416,-10.93188539,-37.05874683,38017,2015-06-05 13:17:58
17417,-10.9319422,-37.0586689,38017,2015-06-05 13:18:03
17418,-10.93218665,-37.05868048,38017,2015-06-05 13:18:09
17419,-10.93274686,-37.05906509,38017,2015-06-05 13:18:17
17420,-10.93332669,-37.05946928,38017,2015-06-05 13:18:23
17421,-10.9339905,-37.05995206,38017,2015-06-05 13:18:29
17422,-10.93461211,-37.060356,38017,2015-06-05 13:18:35
17423,-10.93485915,-37.06062598,38017,2015-06-05 13:18:41
17424,-10.93444287,-37.06127508,38017,2015-06-05 13:18:50
17425,-10.93423202,-37.06159915,38017,2015-06-05 13:18:58
17426,-10.93422332,-37.06160851,38017,2015-06-05 13:19:03
17427,-10.93417648,-37.0616097,38017,2015-06-05 13:19:10
17428,-10.93423517,-37.06161324,38017,2015-06-05 13:19:18
17429,-10.93424122,-37.0616153,38017,2015-06-05 13:19:24
17430,-10.93423852,-37.06161555,38017,2015-06-05 13:19:30
17431,-10.93423829,-37.0616156,38017,2015-06-05 13:19:35
17432,-10.93423799,-37.06161565,38017,2015-06-05 13:19:45
17433,-10.93420393,-37.06167706,38017,2015-06-05 13:19:52
17434,-10.93411516,-37.0617856,38017,2015-06-05 13:20:04
17435,-10.934071099999999,-37.06183828,38017,2015-06-05 13:20:09
17436,-10.93407039,-37.06183729,38017,2015-06-05 13:20:18
17437,-10.93406676,-37.06183486,38017,2015-06-05 13:20:26
17438,-10.93406675,-37.06183482,38017,2015-06-05 13:20:32
17439,-10.93406665,-37.06183486,38017,2015-06-05 13:20:38
17440,-10.93406647,-37.0618349,38017,2015-06-05 13:20:45
17441,-10.93406642,-37.06183487,38017,2015-06-05 13:20:51
17442,-10.93406635,-37.06183486,38017,2015-06-05 13:20:57
17443,-10.93406626,-37.06183484,38017,2015-06-05 13:21:05
17444,-10.93406626,-37.06183479,38017,2015-06-05 13:21:10
17445,-10.9340663,-37.06183472,38017,2015-06-05 13:21:16
17446,-10.93406652,-37.061834600000005,38017,2015-06-05 13:21:26
17447,-10.93406653,-37.06183456,38017,2015-06-05 13:21:32
17448,-10.93406479,-37.06183744,38017,2015-06-05 13:21:37
17449,-10.93397464,-37.06194415,38017,2015-06-05 13:21:44
17450,-10.93390265,-37.06205382,38017,2015-06-05 13:21:50
17451,-10.93420778,-37.06236241,38017,2015-06-05 13:21:59
17452,-10.93432674,-37.06245338,38017,2015-06-05 13:22:05
17453,-10.93441661,-37.06250861,38017,2015-06-05 13:22:11
17454,-10.93452336,-37.06257341,38017,2015-06-05 13:22:17
17455,-10.93455908,-37.06259843,38017,2015-06-05 13:22:22
17456,-10.93455544,-37.06259785,38017,2015-06-05 13:22:28
17457,-10.93457069,-37.06260913,38017,2015-06-05 13:22:34
17458,-10.9346655,-37.06267468,38017,2015-06-05 13:22:41
17459,-10.93468119,-37.06268857,38017,2015-06-05 13:22:47
17460,-10.934682,-37.06269015,38017,2015-06-05 13:22:52
17461,-10.93468172,-37.06269033,38017,2015-06-05 13:22:59
17462,-10.93468171,-37.06269033,38017,2015-06-05 13:23:04
17463,-10.934681699999999,-37.06269036,38017,2015-06-05 13:23:12
17464,-10.93470111,-37.06270215,38017,2015-06-05 13:23:17
17465,-10.93479948,-37.06275855,38017,2015-06-05 13:23:24
17466,-10.93501489,-37.06283642,38017,2015-06-05 13:23:33
17467,-10.93517168,-37.06286142,38017,2015-06-05 13:23:40
17468,-10.93518937,-37.06284971,38017,2015-06-05 13:23:45
17469,-10.93518872,-37.062843799999996,38017,2015-06-05 13:23:50
17470,-10.93531503,-37.06284806,38017,2015-06-05 13:23:57
17471,-10.93540162,-37.06285533,38017,2015-06-05 13:24:04
17472,-10.93566352,-37.06288123,38017,2015-06-05 13:24:10
17473,-10.93588349,-37.06289594,38017,2015-06-05 13:24:15
17474,-10.93605734,-37.06291028,38017,2015-06-05 13:24:21
17475,-10.93611062,-37.06291192,38017,2015-06-05 13:24:26
17476,-10.93609669,-37.06291554,38017,2015-06-05 13:24:32
17477,-10.93609819,-37.06291595,38017,2015-06-05 13:24:37
17478,-10.93610757,-37.06291706,38017,2015-06-05 13:24:42
17479,-10.93614817,-37.06292045,38017,2015-06-05 13:24:48
17480,-10.93616453,-37.06291892,38017,2015-06-05 13:24:55
17481,-10.93616747,-37.06292353,38017,2015-06-05 13:25:01
17482,-10.9361682,-37.06292332,38017,2015-06-05 13:25:07
17483,-10.93616837,-37.06292342,38017,2015-06-05 13:25:13
17484,-10.93616857,-37.06292343,38017,2015-06-05 13:25:20
17485,-10.93629507,-37.06292620000001,38017,2015-06-05 13:25:28
17486,-10.93681789,-37.06297336,38017,2015-06-05 13:25:36
17487,-10.93722993,-37.06318512,38017,2015-06-05 13:25:42
17488,-10.93770425,-37.0634906,38017,2015-06-05 13:25:49
17489,-10.93788655,-37.06349882,38017,2015-06-05 13:25:55
17490,-10.93789728,-37.06350263,38017,2015-06-05 13:26:04
17491,-10.93789978,-37.06350326,38017,2015-06-05 13:26:11
17492,-10.93789979,-37.06350331,38017,2015-06-05 13:26:16
17493,-10.93789982,-37.06350335,38017,2015-06-05 13:26:23
17494,-10.93789982,-37.06350334,38017,2015-06-05 13:26:29
17495,-10.93803302,-37.06342762,38017,2015-06-05 13:26:35
17496,-10.93818309,-37.0632273,38017,2015-06-05 13:26:40
17497,-10.93848406,-37.06302776,38017,2015-06-05 13:26:50
17498,-10.93871778,-37.06299087,38017,2015-06-05 13:26:55
17499,-10.93894915,-37.06294573,38017,2015-06-05 13:27:01
17500,-10.9391242,-37.06291896,38017,2015-06-05 13:27:06
17501,-10.93935927,-37.06292033,38017,2015-06-05 13:27:14
17502,-10.93932551,-37.06295235,38017,2015-06-05 13:27:21
17503,-10.93932149,-37.06295799,38017,2015-06-05 13:27:27
17504,-10.93935051,-37.06298706,38017,2015-06-05 13:27:34
17505,-10.93945257,-37.06306236,38017,2015-06-05 13:27:40
17506,-10.93950726,-37.06319725,38017,2015-06-05 13:27:45
17507,-10.93953219,-37.06326302,38017,2015-06-05 13:27:50
17508,-10.93957366,-37.06324819,38017,2015-06-05 13:27:56
17509,-10.93965552,-37.06324131,38017,2015-06-05 13:28:02
17510,-10.93965325,-37.06325237,38017,2015-06-05 13:28:11
17511,-10.93962353,-37.06325334,38017,2015-06-05 13:28:17
17512,-10.93960498,-37.06326077,38017,2015-06-05 13:28:23
17513,-10.93956521,-37.06328931,38017,2015-06-05 13:28:29
17514,-10.93955126,-37.06330243,38017,2015-06-05 13:28:34
17515,-10.93955572,-37.06329923,38017,2015-06-05 13:28:40
17516,-10.93955108,-37.06330506,38017,2015-06-05 13:28:51
17517,-10.93955,-37.06330275,38017,2015-06-05 13:28:57
17518,-10.93954967,-37.06330287,38017,2015-06-05 13:29:12
17519,-10.93946531,-37.0633076,38017,2015-06-05 13:30:48
17520,-10.93941341,-37.06330753,38017,2015-06-05 13:30:55
17521,-10.93932172,-37.06336777,38017,2015-06-05 13:31:01
17522,-10.93924955,-37.06342366,38017,2015-06-05 13:31:06
17523,-10.93921963,-37.06345824,38017,2015-06-05 13:31:13
17524,-10.93921563,-37.06346286,38017,2015-06-05 13:31:18
17525,-10.29284478,-36.606311100000006,38018,2015-06-06 02:28:45
17526,-10.2928713,-36.60631572,38018,2015-06-06 02:28:59
17527,-10.29285896,-36.60631072,38018,2015-06-06 02:29:10
17528,-10.29286322,-36.60631231,38018,2015-06-06 02:29:21
17529,-10.29286657,-36.60631461,38018,2015-06-06 02:29:33
17530,-10.97357403,-37.06859447,38019,2015-06-09 04:06:59
17531,-10.97341241,-37.06842863,38019,2015-06-09 04:07:05
17532,-10.97339179,-37.06841102,38019,2015-06-09 04:07:11
17533,-10.97322907,-37.0683224,38019,2015-06-09 04:07:16
17534,-10.97298009,-37.06811313,38019,2015-06-09 04:07:21
17535,-10.97258133,-37.06776971,38019,2015-06-09 04:07:28
17536,-10.97220171,-37.06745867,38019,2015-06-09 04:07:34
17537,-10.97187541,-37.06720143,38019,2015-06-09 04:07:47
17538,-10.97148215,-37.06685901,38019,2015-06-09 04:07:55
17539,-10.97121323,-37.06665932,38019,2015-06-09 04:08:00
17540,-10.97077533,-37.0662958,38019,2015-06-09 04:08:10
17541,-10.97069709,-37.06627361,38019,2015-06-09 04:08:15
17542,-10.97049478,-37.0664929,38019,2015-06-09 04:08:21
17543,-10.97014263,-37.06695133,38019,2015-06-09 04:08:30
17544,-10.97012315,-37.06698291,38019,2015-06-09 04:08:36
17545,-10.96999318,-37.06692273,38019,2015-06-09 04:08:43
17546,-10.96976018,-37.066725299999995,38019,2015-06-09 04:08:49
17547,-10.96954488,-37.06655515,38019,2015-06-09 04:08:55
17548,-10.96912268,-37.06618205,38019,2015-06-09 04:09:02
17549,-10.96886067,-37.06590996,38019,2015-06-09 04:09:07
17550,-10.96839457,-37.06549673,38019,2015-06-09 04:09:15
17551,-10.96800036,-37.06529542,38019,2015-06-09 04:09:22
17552,-10.96747865,-37.06503068,38019,2015-06-09 04:09:33
17553,-10.96684055,-37.06488037,38019,2015-06-09 04:09:41
17554,-10.96614873,-37.06612652,38019,2015-06-09 04:09:52
17555,-10.96594496,-37.06688872,38019,2015-06-09 04:09:57
17556,-10.965634399999999,-37.06806444,38019,2015-06-09 04:10:05
17557,-10.96489786,-37.06881933,38019,2015-06-09 04:10:13
17558,-10.96378459,-37.06887621,38019,2015-06-09 04:10:22
17559,-10.96320712,-37.06893345,38019,2015-06-09 04:10:30
17560,-10.96286477,-37.06893878,38019,2015-06-09 04:10:36
17561,-10.96254649,-37.06894221,38019,2015-06-09 04:10:42
17562,-10.96241822,-37.06896177,38019,2015-06-09 04:10:51
17563,-10.96238768,-37.06896051,38019,2015-06-09 04:10:56
17564,-10.96208612,-37.06898924,38019,2015-06-09 04:11:05
17565,-10.96190212,-37.06899529,38019,2015-06-09 04:11:10
17566,-10.96174748,-37.06899688,38019,2015-06-09 04:11:16
17567,-10.96172456,-37.06899648,38019,2015-06-09 04:11:21
17568,-10.96173004,-37.06899785,38019,2015-06-09 04:11:31
17569,-10.96165097,-37.06899923,38019,2015-06-09 04:11:38
17570,-10.96156428,-37.06900426,38019,2015-06-09 04:11:43
17571,-10.96139427,-37.06901288,38019,2015-06-09 04:11:49
17572,-10.96119705,-37.06902492,38019,2015-06-09 04:11:58
17573,-10.96084333,-37.06903254,38019,2015-06-09 04:12:09
17574,-10.96062356,-37.06903577,38019,2015-06-09 04:12:16
17575,-10.96044537,-37.06905976,38019,2015-06-09 04:12:21
17576,-10.96003254,-37.06909007,38019,2015-06-09 04:12:27
17577,-10.95978706,-37.06913774,38019,2015-06-09 04:12:33
17578,-10.95967839,-37.06917266,38019,2015-06-09 04:12:38
17579,-10.9596387,-37.06917554,38019,2015-06-09 04:12:46
17580,-10.9596359,-37.06917799,38019,2015-06-09 04:12:53
17581,-10.95963595,-37.06917834,38019,2015-06-09 04:12:58
17582,-10.95949098,-37.06920593,38019,2015-06-09 04:13:04
17583,-10.95927476,-37.06922361,38019,2015-06-09 04:13:09
17584,-10.95911969,-37.06923002,38019,2015-06-09 04:13:15
17585,-10.95902414,-37.06923411,38019,2015-06-09 04:13:23
17586,-10.95902613,-37.06923069,38019,2015-06-09 04:13:28
17587,-10.95902614,-37.069229,38019,2015-06-09 04:13:33
17588,-10.95897208,-37.06923067,38019,2015-06-09 04:13:38
17589,-10.95870775,-37.06923784,38019,2015-06-09 04:13:45
17590,-10.95848585,-37.06924618,38019,2015-06-09 04:13:50
17591,-10.95822927,-37.06926608,38019,2015-06-09 04:13:56
17592,-10.95797143,-37.06928988,38019,2015-06-09 04:14:02
17593,-10.95775759,-37.06929701,38019,2015-06-09 04:14:09
17594,-10.957748800000001,-37.06929949,38019,2015-06-09 04:14:15
17595,-10.95775129,-37.0693018,38019,2015-06-09 04:14:20
17596,-10.95756828,-37.0693117,38019,2015-06-09 04:14:28
17597,-10.95722935,-37.06931363,38019,2015-06-09 04:14:34
17598,-10.95708078,-37.06932358,38019,2015-06-09 04:14:40
17599,-10.9568314,-37.06933541,38019,2015-06-09 04:14:49
17600,-10.95653227,-37.06935003,38019,2015-06-09 04:14:58
17601,-10.95625518,-37.06935858,38019,2015-06-09 04:15:05
17602,-10.95597891,-37.06933918,38019,2015-06-09 04:15:12
17603,-10.955611,-37.06925792,38019,2015-06-09 04:15:21
17604,-10.95524846,-37.06908352,38019,2015-06-09 04:15:30
17605,-10.9550712,-37.068994,38019,2015-06-09 04:15:35
17606,-10.95491732,-37.06890536,38019,2015-06-09 04:15:40
17607,-10.95474506,-37.0688141,38019,2015-06-09 04:15:46
17608,-10.9545312,-37.06869657,38019,2015-06-09 04:15:54
17609,-10.95424031,-37.06853944,38019,2015-06-09 04:16:00
17610,-10.95270482,-37.06771733,38019,2015-06-09 04:16:15
17611,-10.95231331,-37.06750693,38019,2015-06-09 04:16:20
17612,-10.95204717,-37.067373700000005,38019,2015-06-09 04:16:25
17613,-10.95160159,-37.06714454,38019,2015-06-09 04:16:33
17614,-10.95096135,-37.0667803,38019,2015-06-09 04:16:40
17615,-10.95070177,-37.06651592,38019,2015-06-09 04:16:45
17616,-10.95050015,-37.06633966,38019,2015-06-09 04:16:50
17617,-10.95049587,-37.06632349,38019,2015-06-09 04:16:57
17618,-10.95049014,-37.06632547,38019,2015-06-09 04:17:05
17619,-10.95042575,-37.06628407,38019,2015-06-09 04:17:13
17620,-10.95038317,-37.06622807,38019,2015-06-09 04:17:21
17621,-10.95034248,-37.06618147,38019,2015-06-09 04:17:28
17622,-10.95033354,-37.06618253,38019,2015-06-09 04:17:33
17623,-10.9503185,-37.06616571,38019,2015-06-09 04:17:39
17624,-10.95031566,-37.06615971,38019,2015-06-09 04:17:45
17625,-10.95029949,-37.06614949,38019,2015-06-09 04:17:54
17626,-10.95023537,-37.06609557,38019,2015-06-09 04:18:01
17627,-10.9502734,-37.06625593,38019,2015-06-09 04:18:07
17628,-10.95061149,-37.06660491,38019,2015-06-09 04:18:13
17629,-10.95091129,-37.06708215,38019,2015-06-09 04:18:20
17630,-10.95069771,-37.06777144,38019,2015-06-09 04:18:27
17631,-10.95045482,-37.06864279,38019,2015-06-09 04:18:35
17632,-10.95011816,-37.06948568,38019,2015-06-09 04:18:43
17633,-10.94984526,-37.07000856,38019,2015-06-09 04:18:48
17634,-10.949416099999999,-37.07067074,38019,2015-06-09 04:18:54
17635,-10.94882735,-37.07139195,38019,2015-06-09 04:19:00
17636,-10.94825435,-37.07190764,38019,2015-06-09 04:19:06
17637,-10.9476397,-37.07228832,38019,2015-06-09 04:19:13
17638,-10.94685777,-37.07222501,38019,2015-06-09 04:19:22
17639,-10.94667742,-37.07205565,38019,2015-06-09 04:19:29
17640,-10.94649102,-37.07184847,38019,2015-06-09 04:19:34
17641,-10.94640636,-37.07174824,38019,2015-06-09 04:19:44
17642,-10.94617597,-37.07147787,38019,2015-06-09 04:19:49
17643,-10.94607784,-37.07138601,38019,2015-06-09 04:19:54
17644,-10.94598832,-37.07129251,38019,2015-06-09 04:19:59
17645,-10.94578043,-37.07105387,38019,2015-06-09 04:20:07
17646,-10.94554196,-37.070787,38019,2015-06-09 04:20:14
17647,-10.94514009,-37.07032802,38019,2015-06-09 04:20:24
17648,-10.94480263,-37.06991993,38019,2015-06-09 04:20:32
17649,-10.94455404,-37.0696397,38019,2015-06-09 04:20:37
17650,-10.94424019,-37.06917614,38019,2015-06-09 04:20:46
17651,-10.94431188,-37.06898286,38019,2015-06-09 04:20:51
17652,-10.944420599999999,-37.06880682,38019,2015-06-09 04:21:00
17653,-10.94442204,-37.06881383,38019,2015-06-09 04:21:05
17654,-10.94438593,-37.06885005,38019,2015-06-09 04:21:10
17655,-10.94434076,-37.06887669,38019,2015-06-09 04:21:16
17656,-10.94430384,-37.06896376,38019,2015-06-09 04:21:24
17657,-10.94420094,-37.06896547,38019,2015-06-09 04:21:34
17658,-10.94410094,-37.06885865,38019,2015-06-09 04:21:47
17659,-10.94402588,-37.06877478,38019,2015-06-09 04:21:57
17660,-10.94399357,-37.06872736,38019,2015-06-09 04:22:02
17661,-10.94394627,-37.068681700000006,38019,2015-06-09 04:22:08
17662,-10.94390467,-37.06863971,38019,2015-06-09 04:22:13
17663,-10.94385609,-37.06858452,38019,2015-06-09 04:22:19
17664,-10.94381821,-37.06854372,38019,2015-06-09 04:22:24
17665,-10.94377485,-37.06848453,38019,2015-06-09 04:22:32
17666,-10.94378319,-37.06846098,38019,2015-06-09 04:22:39
17667,-10.94380366,-37.06846389,38019,2015-06-09 04:22:47
17668,-10.94380388,-37.06846229,38019,2015-06-09 04:22:54
17669,-10.94380409,-37.06846329,38019,2015-06-09 04:22:59
17670,-10.94381001,-37.06847369,38019,2015-06-09 04:23:05
17671,-10.94384427,-37.06849981,38019,2015-06-09 04:23:13
17672,-10.94385148,-37.06848939,38019,2015-06-09 04:23:20
17673,-10.94384623,-37.06848661,38019,2015-06-09 04:23:31
17674,-10.94384261,-37.068488200000004,38019,2015-06-09 04:23:37
17675,-10.9438424,-37.06849046,38019,2015-06-09 04:23:42
17676,-10.94384195,-37.06849508,38019,2015-06-09 04:23:47
17677,-10.94384251,-37.06850638,38019,2015-06-09 04:23:52
17678,-10.94385254,-37.06851186,38019,2015-06-09 04:23:57
17679,-10.94385528,-37.06850912,38019,2015-06-09 04:24:03
17680,-10.94385471,-37.06851049,38019,2015-06-09 04:24:09
17681,-10.9438546,-37.06852009,38019,2015-06-09 04:24:16
17682,-10.94385501,-37.06852428,38019,2015-06-09 04:24:26
17683,-10.94383127,-37.06853504,38019,2015-06-09 04:24:33
17684,-10.94383556,-37.06854303,38019,2015-06-09 04:24:42
17685,-10.94383359,-37.06854471,38019,2015-06-09 04:24:48
17686,-10.94386234,-37.06855095,38019,2015-06-09 04:24:54
17687,-10.94389486,-37.06856073,38019,2015-06-09 04:24:59
17688,-10.94397079,-37.06862074,38019,2015-06-09 04:25:09
17689,-10.94399995,-37.06864976,38019,2015-06-09 04:25:15
17690,-10.94405067,-37.06863853,38019,2015-06-09 04:25:20
17691,-10.94408125,-37.06866698,38019,2015-06-09 04:25:25
17692,-10.9440046,-37.06840831,38019,2015-06-09 04:25:34
17693,-10.944193199999999,-37.06851943,38019,2015-06-09 04:25:44
17694,-10.94417664,-37.06855916,38019,2015-06-09 04:25:49
17695,-10.94412994,-37.06860589,38019,2015-06-09 04:25:58
17696,-10.94417619,-37.06861766,38019,2015-06-09 04:26:04
17697,-10.94422577,-37.06863554,38019,2015-06-09 04:26:15
17698,-10.94422624,-37.06864075,38019,2015-06-09 04:26:22
17699,-10.94423069,-37.06864327,38019,2015-06-09 04:26:28
17700,-10.94423343,-37.06864398,38019,2015-06-09 04:26:34
17701,-10.94423701,-37.06864922,38019,2015-06-09 04:26:41
17702,-10.94423551,-37.06864915,38019,2015-06-09 04:26:50
17703,-10.9442371,-37.06864593,38019,2015-06-09 04:26:59
17704,-10.94423845,-37.06864417,38019,2015-06-09 04:27:04
17705,-10.94423969,-37.06864328,38019,2015-06-09 04:27:13
17706,-10.944239999999999,-37.06864237,38019,2015-06-09 04:27:20
17707,-10.94423983,-37.06864199,38019,2015-06-09 04:27:27
17708,-10.94424093,-37.06864314,38019,2015-06-09 04:27:32
17709,-10.9442411,-37.06864322,38019,2015-06-09 04:27:39
17710,-10.94424145,-37.0686439,38019,2015-06-09 04:27:45
17711,-10.94424008,-37.06864181,38019,2015-06-09 04:27:51
17712,-10.944239999999999,-37.06864167,38019,2015-06-09 04:27:57
17713,-10.94423982,-37.06864146,38019,2015-06-09 04:28:04
17714,-10.94423965,-37.06864148,38019,2015-06-09 04:28:15
17715,-10.944239900000001,-37.06864094,38019,2015-06-09 04:28:24
17716,-10.94423992,-37.06864098,38019,2015-06-09 04:28:29
17717,-10.94423985,-37.06864074,38019,2015-06-09 04:28:34
17718,-10.94423989,-37.06864069,38019,2015-06-09 04:28:39
17719,-10.944239900000001,-37.06864035,38019,2015-06-09 04:28:44
17720,-10.94423987,-37.06864009,38019,2015-06-09 04:28:49
17721,-10.94424014,-37.06863994,38019,2015-06-09 04:28:56
17722,-10.94424003,-37.06864004,38019,2015-06-09 04:29:01
17723,-10.94424005,-37.06864004,38019,2015-06-09 04:29:07
17724,-10.94423999,-37.06864002,38019,2015-06-09 04:29:14
17725,-10.94423866,-37.06864022,38019,2015-06-09 04:29:20
17726,-10.94423825,-37.06864017,38019,2015-06-09 04:29:25
17727,-10.94423814,-37.06864008,38019,2015-06-09 04:29:30
17728,-10.94423808,-37.06863983,38019,2015-06-09 04:29:37
17729,-10.94423802,-37.068639700000006,38019,2015-06-09 04:29:42
17730,-10.94423797,-37.06863951,38019,2015-06-09 04:29:49
17731,-10.94423792,-37.06863941,38019,2015-06-09 04:29:54
17732,-10.94423821,-37.06863908,38019,2015-06-09 04:30:00
17733,-10.9442384,-37.06863877,38019,2015-06-09 04:30:06
17734,-10.94423831,-37.06863855,38019,2015-06-09 04:30:12
17735,-10.94423838,-37.06863858,38019,2015-06-09 04:30:17
17736,-10.94423833,-37.06863838,38019,2015-06-09 04:30:25
17737,-10.94423832,-37.06863816,38019,2015-06-09 04:30:31
17738,-10.94423829,-37.06863764,38019,2015-06-09 04:30:38
17739,-10.94423815,-37.0686374,38019,2015-06-09 04:30:43
17740,-10.94423808,-37.06863739,38019,2015-06-09 04:30:50
17741,-10.94423799,-37.06863726,38019,2015-06-09 04:30:55
17742,-10.94423786,-37.06863687,38019,2015-06-09 04:31:02
17743,-10.94423768,-37.06863667,38019,2015-06-09 04:31:07
17744,-10.94423772,-37.06863671,38019,2015-06-09 04:31:13
17745,-10.94423766,-37.06863664,38019,2015-06-09 04:31:19
17746,-10.94423757,-37.06863656,38019,2015-06-09 04:31:24
17747,-10.9442376,-37.06863606,38019,2015-06-09 04:31:34
17748,-10.94423769,-37.06863588,38019,2015-06-09 04:31:42
17749,-10.94423773,-37.06863588,38019,2015-06-09 04:31:51
17750,-10.94423761,-37.06863598,38019,2015-06-09 04:31:58
17751,-10.94423763,-37.06863602,38019,2015-06-09 04:32:04
17752,-10.94423759,-37.06863609,38019,2015-06-09 04:32:11
17753,-10.94423752,-37.068636100000006,38019,2015-06-09 04:32:17
17754,-10.94423749,-37.06863612,38019,2015-06-09 04:32:24
17755,-10.94423755,-37.06863616,38019,2015-06-09 04:32:29
17756,-10.94423756,-37.06863617,38019,2015-06-09 04:32:35
17757,-10.94423763,-37.06863614,38019,2015-06-09 04:32:45
17758,-10.94423757,-37.06863605,38019,2015-06-09 04:32:50
17759,-10.94423758,-37.06863605,38019,2015-06-09 04:32:55
17760,-10.94423756,-37.06863602,38019,2015-06-09 04:33:01
17761,-10.94423764,-37.06863601,38019,2015-06-09 04:33:11
17762,-10.9442376,-37.06863599,38019,2015-06-09 04:33:17
17763,-10.94423762,-37.06863601,38019,2015-06-09 04:33:24
17764,-10.94423758,-37.06863596,38019,2015-06-09 04:33:31
17765,-10.94423764,-37.06863604,38019,2015-06-09 04:33:41
17766,-10.94423759,-37.068636100000006,38019,2015-06-09 04:33:48
17767,-10.94423751,-37.06863599,38019,2015-06-09 04:33:54
17768,-10.94423748,-37.06863589,38019,2015-06-09 04:33:59
17769,-10.94423735,-37.06863585,38019,2015-06-09 04:34:05
17770,-10.94423735,-37.06863579,38019,2015-06-09 04:34:10
17771,-10.94423744,-37.06863582,38019,2015-06-09 04:34:16
17772,-10.94423746,-37.06863582,38019,2015-06-09 04:34:21
17773,-10.94423744,-37.068635799999996,38019,2015-06-09 04:34:26
17774,-10.9442375,-37.06863576,38019,2015-06-09 04:34:34
17775,-10.94423741,-37.06863571,38019,2015-06-09 04:34:40
17776,-10.94423728,-37.0686356,38019,2015-06-09 04:34:45
17777,-10.94423726,-37.06863547,38019,2015-06-09 04:34:55
17778,-10.9442376,-37.06863541,38019,2015-06-09 04:35:03
17779,-10.94423769,-37.06863537,38019,2015-06-09 04:35:08
17780,-10.94423769,-37.06863526,38019,2015-06-09 04:35:14
17781,-10.94423766,-37.0686352,38019,2015-06-09 04:35:19
17782,-10.94423747,-37.06863502,38019,2015-06-09 04:35:26
17783,-10.94423713,-37.06863468,38019,2015-06-09 04:35:40
17784,-10.94423701,-37.06863455,38019,2015-06-09 04:35:45
17785,-10.94423689,-37.06863443,38019,2015-06-09 04:35:50
17786,-10.94423692,-37.06863445,38019,2015-06-09 04:35:56
17787,-10.94423684,-37.06863437,38019,2015-06-09 04:36:01
17788,-10.94423675,-37.06863427,38019,2015-06-09 04:36:06
17789,-10.94423668,-37.06863421,38019,2015-06-09 04:36:11
17790,-10.94423664,-37.0686342,38019,2015-06-09 04:36:17
17791,-10.94423661,-37.06863417,38019,2015-06-09 04:36:22
17792,-10.94423648,-37.06863401,38019,2015-06-09 04:36:32
17793,-10.94423652,-37.06863406,38019,2015-06-09 04:36:37
17794,-10.94423645,-37.06863398,38019,2015-06-09 04:36:42
17795,-10.94423634,-37.06863389,38019,2015-06-09 04:36:50
17796,-10.94423622,-37.06863372,38019,2015-06-09 04:36:56
17797,-10.94423607,-37.06863345,38019,2015-06-09 04:37:02
17798,-10.944235800000001,-37.06863316,38019,2015-06-09 04:37:09
17799,-10.94423579,-37.06863315,38019,2015-06-09 04:37:14
17800,-10.94423572,-37.06863313,38019,2015-06-09 04:37:23
17801,-10.92495593,-37.1036172,38020,2015-06-10 13:51:23
17803,-10.92487487,-37.10366993,38020,2015-06-10 13:51:28
17805,-10.92489332,-37.10369244,38020,2015-06-10 13:51:35
17807,-10.92490245,-37.103703,38020,2015-06-10 13:51:40
17809,-10.92490313,-37.10369957,38020,2015-06-10 13:51:49
17811,-10.92490114,-37.10369874,38020,2015-06-10 13:51:55
17813,-10.92483331,-37.10367806,38020,2015-06-10 13:52:02
17815,-10.92461333,-37.10366835,38020,2015-06-10 13:52:07
17817,-10.92433775,-37.10363376,38020,2015-06-10 13:52:13
17819,-10.92421781,-37.10329967,38020,2015-06-10 13:52:18
17821,-10.92403614,-37.10302186,38020,2015-06-10 13:52:24
17823,-10.92397543,-37.1029241,38020,2015-06-10 13:52:32
17825,-10.92355261,-37.10260284,38020,2015-06-10 13:52:38
17827,-10.92314317,-37.10263111,38020,2015-06-10 13:52:45
17829,-10.92267717,-37.10265224,38020,2015-06-10 13:52:50
17831,-10.92238304,-37.10264164,38020,2015-06-10 13:52:56
17833,-10.92224135,-37.1025633,38020,2015-06-10 13:53:03
17835,-10.92219178,-37.10206353,38020,2015-06-10 13:53:09
17837,-10.92218813,-37.10110886,38020,2015-06-10 13:53:21
17839,-10.92222751,-37.10065654,38020,2015-06-10 13:53:26
17841,-10.92269435,-37.09996517,38020,2015-06-10 13:53:39
17843,-10.92270155,-37.099829,38020,2015-06-10 13:53:45
17845,-10.9222859,-37.09982008,38020,2015-06-10 13:53:53
17847,-10.9219799,-37.09938391,38020,2015-06-10 13:54:02
17849,-10.92217904,-37.09861203,38020,2015-06-10 13:54:09
17851,-10.92241437,-37.09790257,38020,2015-06-10 13:54:14
17853,-10.92271381,-37.09698814,38020,2015-06-10 13:54:20
17855,-10.92291792,-37.09613774,38020,2015-06-10 13:54:25
17857,-10.92290405,-37.0953946,38020,2015-06-10 13:54:30
17859,-10.922764,-37.09473988,38020,2015-06-10 13:54:37
17861,-10.92238584,-37.09371392,38020,2015-06-10 13:54:52
17863,-10.92221352,-37.09327876,38020,2015-06-10 13:54:57
17865,-10.92202949,-37.09273968,38020,2015-06-10 13:55:05
17867,-10.921894199999999,-37.09236766,38020,2015-06-10 13:55:10
17869,-10.92171583,-37.09191684,38020,2015-06-10 13:55:16
17871,-10.92154395,-37.09148125,38020,2015-06-10 13:55:22
17873,-10.92139569,-37.09106914,38020,2015-06-10 13:55:27
17875,-10.92120347,-37.09055463,38020,2015-06-10 13:55:35
17877,-10.92109147,-37.09029577,38020,2015-06-10 13:55:40
17879,-10.92096426,-37.08994586,38020,2015-06-10 13:55:46
17881,-10.92065259,-37.08915095,38020,2015-06-10 13:55:55
17883,-10.92034196,-37.08833554,38020,2015-06-10 13:56:01
17885,-10.91987826,-37.08710527,38020,2015-06-10 13:56:09
17887,-10.91935305,-37.08572621,38020,2015-06-10 13:56:17
17889,-10.91902931,-37.08426931,38020,2015-06-10 13:56:25
17891,-10.91895669,-37.08333716,38020,2015-06-10 13:56:30
17893,-10.91885942,-37.08213293,38020,2015-06-10 13:56:37
17895,-10.91878546,-37.08084782,38020,2015-06-10 13:56:45
17897,-10.91874494,-37.07966955,38020,2015-06-10 13:56:52
17899,-10.91868802,-37.07852631,38020,2015-06-10 13:56:59
17901,-10.91870065,-37.07767518,38020,2015-06-10 13:57:04
17903,-10.91860126,-37.07682068,38020,2015-06-10 13:57:10
17905,-10.91856273,-37.07628848,38020,2015-06-10 13:57:15
17907,-10.91853578,-37.07587004,38020,2015-06-10 13:57:23
17909,-10.91851369,-37.07570545,38020,2015-06-10 13:57:28
17911,-10.91849157,-37.07535165,38020,2015-06-10 13:57:33
17913,-10.91847635,-37.07498827,38020,2015-06-10 13:57:40
17915,-10.91847811,-37.07488658,38020,2015-06-10 13:57:45
17917,-10.91847899,-37.07485392,38020,2015-06-10 13:57:51
17919,-10.91839497,-37.0741441,38020,2015-06-10 13:57:58
17921,-10.91843223,-37.07277886,38020,2015-06-10 13:58:08
17924,-10.91853155,-37.07190865,38020,2015-06-10 13:58:15
17926,-10.918658800000001,-37.07091993,38020,2015-06-10 13:58:25
17928,-10.91870827,-37.0704275,38020,2015-06-10 13:58:30
17930,-10.91874667,-37.0701125,38020,2015-06-10 13:58:38
17932,-10.91877213,-37.06992282,38020,2015-06-10 13:58:44
17934,-10.9187894,-37.06977311,38020,2015-06-10 13:58:52
17936,-10.91878455,-37.06978192,38020,2015-06-10 13:59:02
17938,-10.91880579,-37.06959642,38020,2015-06-10 13:59:07
17940,-10.91879231,-37.06888726,38020,2015-06-10 13:59:16
17942,-10.91877406,-37.06827161,38020,2015-06-10 13:59:21
17944,-10.91876969,-37.06765864,38020,2015-06-10 13:59:26
17946,-10.91874675,-37.06718413,38020,2015-06-10 13:59:31
17948,-10.91873129,-37.06700389,38020,2015-06-10 13:59:37
17950,-10.91863473,-37.06692539,38020,2015-06-10 13:59:42
17952,-10.91814675,-37.06680807,38020,2015-06-10 13:59:48
17954,-10.91772488,-37.06668157,38020,2015-06-10 13:59:53
17956,-10.91738856,-37.06658354,38020,2015-06-10 13:59:59
17958,-10.91725888,-37.06656319,38020,2015-06-10 14:00:05
17960,-10.91687051,-37.06648109,38020,2015-06-10 14:00:10
17962,-10.91632108,-37.06634304,38020,2015-06-10 14:00:16
17964,-10.91611808,-37.06628164,38020,2015-06-10 14:00:23
17966,-10.91603697,-37.06676862,38020,2015-06-10 14:00:32
17968,-10.91598751,-37.06700689,38020,2015-06-10 14:00:38
17970,-10.91574299,-37.06701488,38020,2015-06-10 14:00:44
17972,-10.91537038,-37.06691767,38020,2015-06-10 14:00:49
17974,-10.91510232,-37.066846999999996,38020,2015-06-10 14:00:54
17976,-10.91490654,-37.06691078,38020,2015-06-10 14:00:59
17978,-10.91488559,-37.06715014,38020,2015-06-10 14:01:06
17980,-10.91482571,-37.06718945,38020,2015-06-10 14:01:11
17982,-10.91481817,-37.06712695,38020,2015-06-10 14:01:16
17984,-10.91479637,-37.06714026,38020,2015-06-10 14:01:21
17986,-10.914756800000001,-37.06715902,38020,2015-06-10 14:01:27
17988,-10.91479971,-37.06719622,38020,2015-06-10 14:01:33
17990,-10.91479722,-37.06714221,38020,2015-06-10 14:01:38
17992,-10.91475692,-37.06713253,38020,2015-06-10 14:01:44
17994,-10.91476247,-37.06713301,38020,2015-06-10 14:01:56
17996,-10.9147625,-37.067133500000004,38020,2015-06-10 14:02:02
17998,-10.91474853,-37.06713305,38020,2015-06-10 14:02:09
18000,-10.91474471,-37.06713285,38020,2015-06-10 14:02:14
18002,-10.91474408,-37.06713305,38020,2015-06-10 14:02:22
18004,-10.91468951,-37.06713879,38020,2015-06-10 14:02:30
18006,-10.91464907,-37.06712304,38020,2015-06-10 14:02:36
18008,-10.91463634,-37.06712687,38020,2015-06-10 14:02:43
18010,-10.91463425,-37.06712558,38020,2015-06-10 14:02:48
18012,-10.91462937,-37.06712383,38020,2015-06-10 14:02:53
18013,-10.92144846,-37.10247946,38022,2015-06-17 14:52:24
18014,-10.92141278,-37.10112086,38022,2015-06-17 14:52:34
18015,-10.9217133,-37.09982293,38022,2015-06-17 14:52:44
18016,-10.92232398,-37.09813359,38022,2015-06-17 14:52:56
18017,-10.92276047,-37.09683437,38022,2015-06-17 14:53:06
18018,-10.92289686,-37.0951805,38022,2015-06-17 14:53:19
18019,-10.92256423,-37.09419354,38022,2015-06-17 14:53:32
18020,-10.92234745,-37.093647600000004,38022,2015-06-17 14:53:45
18021,-10.92198266,-37.09262561,38022,2015-06-17 14:53:58
18022,-10.92167308,-37.09172039,38022,2015-06-17 14:54:09
18023,-10.92128965,-37.09071878,38022,2015-06-17 14:54:20
18024,-10.92100717,-37.08998382,38022,2015-06-17 14:54:30
18025,-10.92078412,-37.08933374,38022,2015-06-17 14:54:42
18026,-10.92061597,-37.08891018,38022,2015-06-17 14:54:54
18027,-10.92053021,-37.08869871,38022,2015-06-17 14:55:05
18028,-10.92020719,-37.08791347,38022,2015-06-17 14:55:17
18029,-10.91979951,-37.0868105,38022,2015-06-17 14:55:27
18030,-10.91913983,-37.0849561,38022,2015-06-17 14:55:41
18031,-10.9189507,-37.08332084,38022,2015-06-17 14:55:52
18032,-10.91886207,-37.08206836,38022,2015-06-17 14:56:02
18033,-10.91882467,-37.08122934,38022,2015-06-17 14:56:14
18034,-10.91881538,-37.081075,38022,2015-06-17 14:56:25
18035,-10.91877061,-37.07986658,38022,2015-06-17 14:56:39
18036,-10.91869098,-37.07848371,38022,2015-06-17 14:56:51
18037,-10.91864233,-37.07775867,38022,2015-06-17 14:57:02
18038,-10.91865269,-37.0775175,38022,2015-06-17 14:57:14
18039,-10.91856831,-37.07629687,38022,2015-06-17 14:57:27
18040,-10.91855176,-37.07569787,38022,2015-06-17 14:57:42
18041,-10.91854737,-37.07564774,38022,2015-06-17 14:57:52
18042,-10.91849068,-37.0747999,38022,2015-06-17 14:58:04
18043,-10.91844448,-37.07406287,38022,2015-06-17 14:58:14
18044,-10.91843408,-37.07403168,38022,2015-06-17 14:58:27
18045,-10.91843256,-37.07309893,38022,2015-06-17 14:58:42
18046,-10.91851717,-37.07237012,38022,2015-06-17 14:58:52
18047,-10.91851878,-37.07234989,38022,2015-06-17 14:59:02
18048,-10.91852985,-37.07232843,38022,2015-06-17 14:59:15
18049,-10.91852865,-37.0723224,38022,2015-06-17 14:59:25
18050,-10.91853639,-37.07233137,38022,2015-06-17 14:59:36
18051,-10.91854713,-37.07201445,38022,2015-06-17 14:59:47
18052,-10.91868116,-37.07099514,38022,2015-06-17 14:59:58
18053,-10.91876231,-37.07035311,38022,2015-06-17 15:00:10
18054,-10.91881161,-37.06978042,38022,2015-06-17 15:00:21
18055,-10.91884009,-37.0692713,38022,2015-06-17 15:00:32
18056,-10.918839199999999,-37.06898143,38022,2015-06-17 15:00:42
18057,-10.91881533,-37.06808302,38022,2015-06-17 15:00:55
18058,-10.91879636,-37.06685865,38022,2015-06-17 15:01:07
18059,-10.91878897,-37.06644851,38022,2015-06-17 15:01:20
18060,-10.91878665,-37.06641243,38022,2015-06-17 15:01:31
18061,-10.91878195,-37.06638619,38022,2015-06-17 15:01:41
18062,-10.91877585,-37.06594961,38022,2015-06-17 15:01:51
18063,-10.91873693,-37.06520878,38022,2015-06-17 15:02:05
18064,-10.91871448,-37.063998,38022,2015-06-17 15:02:16
18065,-10.91867159,-37.06244844,38022,2015-06-17 15:02:29
18066,-10.91864908,-37.06082973,38022,2015-06-17 15:02:43
18067,-10.91867739,-37.05996153,38022,2015-06-17 15:02:54
18068,-10.918646699999998,-37.05921011,38022,2015-06-17 15:03:04
18069,-10.91868068,-37.05882044,38022,2015-06-17 15:03:18
18070,-10.91867714,-37.05842937,38022,2015-06-17 15:03:28
18071,-10.91862563,-37.05708462,38022,2015-06-17 15:03:42
18072,-10.9186098,-37.05651609,38022,2015-06-17 15:03:54
18073,-10.91860785,-37.05651609,38022,2015-06-17 15:04:04
18074,-10.91861114,-37.05600223,38022,2015-06-17 15:04:18
18075,-10.91860731,-37.05543916,38022,2015-06-17 15:04:35
18076,-10.91861418,-37.0554518,38022,2015-06-17 15:04:48
18077,-10.91861158,-37.05515101,38022,2015-06-17 15:05:00
18078,-10.91859289,-37.0544086,38022,2015-06-17 15:05:21
18079,-10.91858331,-37.05410136,38022,2015-06-17 15:05:32
18080,-10.91855302,-37.05289981,38022,2015-06-17 15:05:45
18081,-10.91857023,-37.05203116,38022,2015-06-17 15:05:55
18082,-10.91856588,-37.05195417,38022,2015-06-17 15:06:06
18083,-10.91858153,-37.05185148,38022,2015-06-17 15:06:27
18084,-10.91858139,-37.05185218,38022,2015-06-17 15:06:38
18085,-10.91858138,-37.05185229,38022,2015-06-17 15:06:51
18086,-10.91856062,-37.05151205,38022,2015-06-17 15:07:02
18087,-10.91853479,-37.05048805,38022,2015-06-17 15:07:15
18088,-10.91850436,-37.04959662,38022,2015-06-17 15:07:27
18089,-10.91850857,-37.04866764,38022,2015-06-17 15:07:39
18090,-10.91850316,-37.04855213,38022,2015-06-17 15:07:54
18091,-10.91848922,-37.04832086,38022,2015-06-17 15:08:10
18092,-10.91845021,-37.04814873,38022,2015-06-17 15:08:22
18093,-10.91844405,-37.04814143,38022,2015-06-17 15:08:32
18094,-10.91844297,-37.04814094,38022,2015-06-17 15:08:46
18095,-10.9184247,-37.04789214,38022,2015-06-17 15:08:58
18096,-10.91841164,-37.04704983,38022,2015-06-17 15:09:10
18097,-10.91776038,-37.04691633,38022,2015-06-17 15:09:22
18098,-10.91677346,-37.04728187,38022,2015-06-17 15:09:32
18099,-10.91649492,-37.04734976,38022,2015-06-17 15:09:42
18100,-10.9160661,-37.04747528,38022,2015-06-17 15:09:54
18101,-10.91507922,-37.04767422,38022,2015-06-17 15:10:05
18102,-10.91384794,-37.04774861,38022,2015-06-17 15:10:17
18103,-10.91356807,-37.047728799999994,38022,2015-06-17 15:10:28
18104,-10.91355197,-37.04773729,38022,2015-06-17 15:10:40
18105,-10.91354415,-37.04773645,38022,2015-06-17 15:10:50
18106,-10.91323184,-37.04773999,38022,2015-06-17 15:11:05
18107,-10.91241097,-37.04775536,38022,2015-06-17 15:11:16
18108,-10.91193246,-37.04786501,38022,2015-06-17 15:11:27
18109,-10.91191627,-37.04787953,38022,2015-06-17 15:11:37
18110,-10.91191444,-37.04788536,38022,2015-06-17 15:11:49
18111,-10.911914300000001,-37.04788551,38022,2015-06-17 15:11:59
18112,-10.91191427,-37.04788546,38022,2015-06-17 15:12:09
18113,-10.91181532,-37.047892299999994,38022,2015-06-17 15:12:21
18114,-10.91176855,-37.04788158,38022,2015-06-17 15:12:39
18115,-10.911534,-37.04787355,38022,2015-06-17 15:12:50
18116,-10.91146427,-37.04786797,38022,2015-06-17 15:13:01
18117,-10.9114612,-37.04786598,38022,2015-06-17 15:13:11
18118,-10.91146031,-37.04786595,38022,2015-06-17 15:13:23
18119,-10.95242852,-37.0458232,38024,2015-06-22 09:44:02
18120,-10.95414409,-37.04528565,38024,2015-06-22 09:44:15
18121,-10.95460939,-37.04587582,38024,2015-06-22 09:44:25
18122,-10.95639965,-37.04553198,38024,2015-06-22 09:44:48
18123,-10.95702266,-37.04508007,38024,2015-06-22 09:45:00
18124,-10.95799318,-37.04465475,38024,2015-06-22 09:45:11
18125,-10.95936025,-37.04409726,38024,2015-06-22 09:45:21
18126,-10.96120808,-37.04327066,38024,2015-06-22 09:45:49
18127,-10.96206247,-37.04291012,38024,2015-06-22 09:45:59
18128,-10.96378653,-37.04248178,38024,2015-06-22 09:46:09
18129,-10.965344400000001,-37.0424432,38024,2015-06-22 09:46:21
18130,-10.96676197,-37.04282756,38024,2015-06-22 09:46:32
18131,-10.96746235,-37.04304137,38024,2015-06-22 09:46:46
18132,-10.96774272,-37.04228911,38024,2015-06-22 09:46:59
18133,-10.96785973,-37.04171297,38024,2015-06-22 09:47:10
18134,-10.96771799,-37.04176964,38024,2015-06-22 09:47:24
18135,-10.96771437,-37.04183993,38024,2015-06-22 09:47:34
18136,-10.96766019,-37.04186081,38024,2015-06-22 09:47:44
18137,-10.967693400000002,-37.04183379,38024,2015-06-22 09:47:54
18138,-10.96768977,-37.04182039,38024,2015-06-22 09:48:04
18139,-10.97024522,-37.04212995,38024,2015-06-22 09:48:34
18140,-10.97096666,-37.04230189,38024,2015-06-22 09:48:45
18141,-10.97250223,-37.04275528,38024,2015-06-22 09:49:11
18142,-10.97886159,-37.0448991,38024,2015-06-22 09:50:48
18143,-10.97872417,-37.04560716,38024,2015-06-22 09:50:59
18144,-10.97860376,-37.04658624,38024,2015-06-22 09:51:09
18145,-10.97850947,-37.04705676,38024,2015-06-22 09:51:19
18146,-10.97885212,-37.04719625,38024,2015-06-22 09:51:30
18147,-10.97877678,-37.04716388,38024,2015-06-22 09:51:40
18148,-10.97871254,-37.04715824,38024,2015-06-22 09:51:51
18149,-10.97864689,-37.04712727,38024,2015-06-22 09:52:02
18150,-10.97855606,-37.04718114,38024,2015-06-22 09:52:13
18151,-10.97848024,-37.04726478,38024,2015-06-22 09:52:23
18152,-10.97841635,-37.04736804,38024,2015-06-22 09:52:33
18153,-10.97839322,-37.04751657,38024,2015-06-22 09:52:45
18154,-10.97836593,-37.04766079,38024,2015-06-22 09:52:55
18155,-10.9783447,-37.04780835,38024,2015-06-22 09:53:06
18156,-10.97824123,-37.0477593,38024,2015-06-22 09:53:22
18157,-10.97804774,-37.04777563,38024,2015-06-22 09:53:32
18158,-10.97790327,-37.04767453,38024,2015-06-22 09:53:43
18159,-10.977736,-37.04754904,38024,2015-06-22 09:54:01
18160,-10.97760926,-37.04753542,38024,2015-06-22 09:54:14
18161,-10.97739552,-37.04750878,38024,2015-06-22 09:54:24
18162,-10.97730396,-37.04745038,38024,2015-06-22 09:54:40
18163,-10.97710904,-37.04750804,38024,2015-06-22 09:54:51
18164,-10.97699601,-37.04748318,38024,2015-06-22 09:55:01
18165,-10.97684195,-37.047449,38024,2015-06-22 09:55:11
18166,-10.97664744,-37.04735733,38024,2015-06-22 09:55:21
18167,-10.97654162,-37.04729518,38024,2015-06-22 09:55:31
18168,-10.97640196,-37.04722107,38024,2015-06-22 09:55:45
18169,-10.97637929,-37.04729306,38024,2015-06-22 09:55:56
18170,-10.97616388,-37.04719651,38024,2015-06-22 09:56:10
18171,-10.97596093,-37.04723662,38024,2015-06-22 09:56:26
18172,-10.97564843,-37.04715695,38024,2015-06-22 09:56:38
18173,-10.97591651,-37.04691432,38024,2015-06-22 09:59:32
18174,-10.97592672,-37.04701987,38024,2015-06-22 09:59:44
18175,-10.97594118,-37.04708221,38024,2015-06-22 09:59:57
18176,-10.97579914,-37.04698999,38024,2015-06-22 10:00:10
18177,-10.97577605,-37.04698832,38024,2015-06-22 10:00:20
18178,-10.97577618,-37.04698914,38024,2015-06-22 10:00:30
18179,-10.97577683,-37.046989,38024,2015-06-22 10:00:41
18180,-10.97577842,-37.04699084,38024,2015-06-22 10:00:54
18181,-10.97577655,-37.04698795,38024,2015-06-22 10:01:11
18182,-10.97577672,-37.04698818,38024,2015-06-22 10:01:23
18183,-10.97577757,-37.04698958,38024,2015-06-22 10:01:34
18184,-10.97577804,-37.04699091,38024,2015-06-22 10:01:47
18185,-10.97577781,-37.04699058,38024,2015-06-22 10:01:57
18186,-10.97577807,-37.04699093,38024,2015-06-22 10:02:09
18187,-10.97577837,-37.04699124,38024,2015-06-22 10:02:19
18188,-10.97577871,-37.04699177,38024,2015-06-22 10:02:29
18189,-10.97577901,-37.04699213,38024,2015-06-22 10:02:40
18190,-10.97577888,-37.046992200000005,38024,2015-06-22 10:02:51
18191,-10.97577907,-37.04699235,38024,2015-06-22 10:03:05
18192,-10.97577907,-37.04699253,38024,2015-06-22 10:03:15
18193,-10.97577916,-37.04699258,38024,2015-06-22 10:03:27
18194,-10.97577935,-37.04699284,38024,2015-06-22 10:03:53
18195,-10.97577971,-37.04699345,38024,2015-06-22 10:04:53
18196,-10.975779699999999,-37.0469935,38024,2015-06-22 10:05:19
18197,-10.97577986,-37.04699376,38024,2015-06-22 10:05:30
18198,-10.97577987,-37.04699408,38024,2015-06-22 10:05:43
18199,-10.97577995,-37.04699452,38024,2015-06-22 10:05:55
18200,-10.97578022,-37.04699493,38024,2015-06-22 10:06:05
18201,-10.975780300000002,-37.04699515,38024,2015-06-22 10:06:15
18202,-10.9757809,-37.04699594,38024,2015-06-22 10:06:29
18203,-10.97578131,-37.04699653,38024,2015-06-22 10:06:40
18204,-10.97578162,-37.04699705,38024,2015-06-22 10:06:51
18205,-10.97578242,-37.04699789,38024,2015-06-22 10:07:05
18206,-10.97578223,-37.04699813,38024,2015-06-22 10:07:19
18207,-10.97578273,-37.04699891,38024,2015-06-22 10:07:29
18208,-10.97578306,-37.04699949,38024,2015-06-22 10:07:39
18209,-10.97578342,-37.04700001,38024,2015-06-22 10:07:51
18210,-10.97578408,-37.04700112,38024,2015-06-22 10:08:01
18211,-10.97578445,-37.04700176,38024,2015-06-22 10:08:12
18212,-10.97578514,-37.04700296,38024,2015-06-22 10:08:23
18213,-10.97578547,-37.04700373,38024,2015-06-22 10:08:35
18214,-10.97578559,-37.04700398,38024,2015-06-22 10:08:46
18215,-10.97579369,-37.04702029,38024,2015-06-22 10:09:27
18216,-10.97579776,-37.04702604,38024,2015-06-22 10:09:37
18217,-10.97579717,-37.04702504,38024,2015-06-22 10:09:52
18218,-10.97579659,-37.04702623,38024,2015-06-22 10:10:06
18219,-10.97579681,-37.047027,38024,2015-06-22 10:10:17
18220,-10.97579692,-37.04702729,38024,2015-06-22 10:10:27
18221,-10.97579703,-37.04702744,38024,2015-06-22 10:10:40
18222,-10.97579736,-37.04702784,38024,2015-06-22 10:10:50
18223,-10.97579744,-37.04702818,38024,2015-06-22 10:11:03
18224,-10.97579752,-37.04702843,38024,2015-06-22 10:11:14
18225,-10.97579757,-37.04702852,38024,2015-06-22 10:11:27
18226,-10.97579755,-37.04702861,38024,2015-06-22 10:11:37
18227,-10.97579729,-37.04702855,38024,2015-06-22 10:11:51
18228,-10.97579776,-37.04702884,38024,2015-06-22 10:12:01
18229,-10.97579815,-37.047029200000004,38024,2015-06-22 10:12:13
18230,-10.97579808,-37.04702913,38024,2015-06-22 10:12:25
18231,-10.97579801,-37.04702912,38024,2015-06-22 10:12:35
18232,-10.97579821,-37.04702941,38024,2015-06-22 10:12:46
18233,-10.97579851,-37.04702968,38024,2015-06-22 10:12:57
18234,-10.97579863,-37.04702987,38024,2015-06-22 10:13:09
18235,-10.97579861,-37.04703004,38024,2015-06-22 10:13:22
18236,-10.97579875,-37.04703012,38024,2015-06-22 10:13:32
18239,-10.92274729,-37.04730431,38031,2015-07-23 09:03:11
18240,-10.9228581,-37.04729399,38031,2015-07-23 09:03:22
18241,-10.92280214,-37.04728913,38031,2015-07-23 09:03:32
18242,-10.92280617,-37.04731056,38031,2015-07-23 09:03:44
18243,-10.92280791,-37.04731061,38031,2015-07-23 09:03:56
18244,-10.92280947,-37.04731444,38031,2015-07-23 09:04:06
18245,-10.92280854,-37.04731470000001,38031,2015-07-23 09:04:16
18246,-10.92280762,-37.04731471,38031,2015-07-23 09:04:27
18247,-10.92280216,-37.04731432,38031,2015-07-23 09:04:37
18248,-10.92279762,-37.04731432,38031,2015-07-23 09:04:47
18249,-10.92279689,-37.04731565,38031,2015-07-23 09:04:57
18250,-10.92279419,-37.04731569,38031,2015-07-23 09:05:09
18251,-10.9227925,-37.04731602,38031,2015-07-23 09:05:20
18252,-10.92279237,-37.04731602,38031,2015-07-23 09:05:30
18253,-10.92279185,-37.04731774,38031,2015-07-23 09:05:42
18254,-10.92279178,-37.04731914,38031,2015-07-23 09:05:54
18255,-10.92279455,-37.04731518,38031,2015-07-23 09:06:47
18256,-10.922790800000001,-37.04734716,38031,2015-07-23 09:07:00
18257,-10.92279036,-37.04734605,38031,2015-07-23 09:07:11
18258,-10.92278579,-37.04734441,38031,2015-07-23 09:07:23
18259,-10.92278207,-37.04734275,38031,2015-07-23 09:07:34
18260,-10.92278313,-37.047343700000006,38031,2015-07-23 09:07:44
18261,-10.92278381,-37.04734432,38031,2015-07-23 09:07:55
18262,-10.92278359,-37.04734444,38031,2015-07-23 09:08:09
18263,-10.92278342,-37.04734454,38031,2015-07-23 09:08:19
18264,-10.92278315,-37.04734424,38031,2015-07-23 09:08:32
18265,-10.92278261,-37.04734373,38031,2015-07-23 09:08:43
18266,-10.92278196,-37.04734347,38031,2015-07-23 09:08:56
18267,-10.92278219,-37.04734334,38031,2015-07-23 09:09:06
18268,-10.92278206,-37.04734315,38031,2015-07-23 09:09:19
18269,-10.92278168,-37.04734324,38031,2015-07-23 09:09:30
18270,-10.9227817,-37.04734289,38031,2015-07-23 09:09:40
18271,-10.92278216,-37.04734281,38031,2015-07-23 09:09:51
18272,-10.92278219,-37.0473425,38031,2015-07-23 09:10:01
18273,-10.92278185,-37.04734208,38031,2015-07-23 09:10:11
18274,-10.92278186,-37.04734207,38031,2015-07-23 09:10:22
18275,-10.92278195,-37.04734188,38031,2015-07-23 09:10:33
18276,-10.92278173,-37.04734218,38031,2015-07-23 09:10:43
18277,-10.92278145,-37.04734199,38031,2015-07-23 09:10:54
18278,-10.92277296,-37.04733742,38031,2015-07-23 09:11:35
18279,-10.92276709,-37.04733047,38031,2015-07-23 09:11:47
18280,-10.92276722,-37.047331899999996,38031,2015-07-23 09:11:57
18281,-10.92276645,-37.04733175,38031,2015-07-23 09:12:09
18282,-10.92276472,-37.04733199,38031,2015-07-23 09:12:20
18283,-10.92276444,-37.04733213,38031,2015-07-23 09:12:30
18284,-10.92276454,-37.04733223,38031,2015-07-23 09:12:42
18285,-10.922764,-37.047331899999996,38031,2015-07-23 09:12:54
18286,-10.92276373,-37.04733189,38031,2015-07-23 09:13:04
18287,-10.92276341,-37.04733156,38031,2015-07-23 09:13:15
18288,-10.92276303,-37.04733157,38031,2015-07-23 09:13:25
18289,-10.92276281,-37.04733171,38031,2015-07-23 09:13:36
18290,-10.92276266,-37.04733209,38031,2015-07-23 09:13:46
18291,-10.92276087,-37.04733097,38031,2015-07-23 09:13:59
18292,-10.92276063,-37.04733121,38031,2015-07-23 09:14:10
18293,-10.922760400000001,-37.04733088,38031,2015-07-23 09:14:20
18294,-10.92276012,-37.04733071,38031,2015-07-23 09:14:33
18295,-10.9227601,-37.04733039,38031,2015-07-23 09:14:45
18296,-10.92276001,-37.04733019,38031,2015-07-23 09:14:58
18297,-10.92276021,-37.04732998,38031,2015-07-23 09:15:08
18298,-10.92276008,-37.04732992,38031,2015-07-23 09:15:19
18299,-10.92276008,-37.04732994,38031,2015-07-23 09:15:29
18300,-10.92276007,-37.04732993,38031,2015-07-23 09:15:41
18301,-10.92276004,-37.04732997,38031,2015-07-23 09:15:51
18302,-10.92275977,-37.0473299,38031,2015-07-23 09:16:01
18303,-10.92275741,-37.04732265,38031,2015-07-23 09:17:17
18304,-10.92275625,-37.04731929,38031,2015-07-23 09:17:27
18305,-10.92275702,-37.04731996,38031,2015-07-23 09:17:43
18306,-10.92271501,-37.04734015,38031,2015-07-23 09:17:55
18307,-10.92269075,-37.04728015,38031,2015-07-23 09:18:05
18308,-10.9226555,-37.04725206,38031,2015-07-23 09:18:17
18309,-10.92266953,-37.047261400000004,38031,2015-07-23 09:18:27
18310,-10.92267589,-37.04726779,38031,2015-07-23 09:18:41
18311,-10.92267744,-37.04727015,38031,2015-07-23 09:18:56
18312,-10.92267797,-37.047269799999995,38031,2015-07-23 09:19:06
18313,-10.92268328,-37.04727136,38031,2015-07-23 09:19:19
18314,-10.92268369,-37.04727148,38031,2015-07-23 09:19:32
18315,-10.92268416,-37.04727169,38031,2015-07-23 09:19:46
18316,-10.9226855,-37.0472727,38031,2015-07-23 09:19:57
18317,-10.92269015,-37.04727602,38031,2015-07-23 09:20:10
18318,-10.92269141,-37.04727705,38031,2015-07-23 09:20:22
18319,-10.92269161,-37.04727747,38031,2015-07-23 09:20:34
18320,-10.92269132,-37.04727704,38031,2015-07-23 09:20:47
18321,-10.92268974,-37.04727568,38031,2015-07-23 09:20:59
18322,-10.92268298,-37.04727291,38031,2015-07-23 09:22:50
18323,-10.92268117,-37.04727118,38031,2015-07-23 09:23:02
18324,-10.92277283,-37.04728333,38031,2015-07-23 09:23:14
18325,-10.92274118,-37.04736677,38031,2015-07-23 09:23:25
18326,-10.92273868,-37.04735688,38031,2015-07-23 09:23:38
18327,-10.92273835,-37.04736086,38031,2015-07-23 09:23:49
18328,-10.92273762,-37.047360499999996,38031,2015-07-23 09:23:59
18329,-10.92273714,-37.04736089,38031,2015-07-23 09:24:12
18330,-10.92273733,-37.04736037,38031,2015-07-23 09:24:22
18331,-10.92273737,-37.04735967,38031,2015-07-23 09:24:32
18332,-10.92273718,-37.04735884,38031,2015-07-23 09:24:44
18333,-10.92273684,-37.04735855,38031,2015-07-23 09:24:56
18334,-10.92273666,-37.04735824,38031,2015-07-23 09:25:08
18335,-10.92273659,-37.04735791,38031,2015-07-23 09:25:24
18336,-10.92273662,-37.04735802,38031,2015-07-23 09:25:36
18337,-10.92273656,-37.04735798,38031,2015-07-23 09:25:49
18338,-10.92273922,-37.04735074,38031,2015-07-23 09:26:39
18339,-10.92274449,-37.0473621,38031,2015-07-23 09:26:50
18340,-10.92274526,-37.04736364,38031,2015-07-23 09:27:01
18341,-10.92274512,-37.04736277,38031,2015-07-23 09:27:14
18342,-10.92274498,-37.04736211,38031,2015-07-23 09:27:25
18343,-10.92274501,-37.04736201,38031,2015-07-23 09:27:36
18344,-10.92274462,-37.04736178,38031,2015-07-23 09:27:51
18364,-10.379575599999999,-36.8503077,38039,2015-08-17 18:00:48
18365,-10.379565699999999,-36.85024685,38039,2015-08-17 18:01:00
18366,-10.90318296,-37.04951326,38044,2015-08-27 08:26:22
18367,-10.90280112,-37.05006542,38044,2015-08-27 08:26:32
18368,-10.90313618,-37.05109802,38044,2015-08-27 08:26:51
18369,-10.90310587,-37.052384100000005,38044,2015-08-27 08:27:02
18370,-10.90303538,-37.05413911,38044,2015-08-27 08:27:17
18371,-10.90310492,-37.0541608,38044,2015-08-27 08:27:27
18372,-10.9030944,-37.05417787,38044,2015-08-27 08:27:41
18373,-10.90309414,-37.05417707,38044,2015-08-27 08:27:52
18374,-10.9030946,-37.05417757,38044,2015-08-27 08:28:02
18375,-10.90309446,-37.05417813,38044,2015-08-27 08:28:14
18376,-10.90309458,-37.05417821,38044,2015-08-27 08:28:24
18377,-10.90309771,-37.05428103,38044,2015-08-27 08:28:36
18378,-10.90304554,-37.05505636,38044,2015-08-27 08:28:48
18379,-10.90303805,-37.05528033,38044,2015-08-27 08:29:01
18380,-10.90301163,-37.05647944,38044,2015-08-27 08:29:15
18381,-10.90298714,-37.05812705,38044,2015-08-27 08:29:28
18382,-10.90297148,-37.05840861,38044,2015-08-27 08:29:38
18383,-10.90298162,-37.05911848,38044,2015-08-27 08:29:49
18384,-10.90305265,-37.05940863,38044,2015-08-27 08:30:02
18385,-10.90304228,-37.05944616,38044,2015-08-27 08:30:13
18386,-10.90304134,-37.05944407,38044,2015-08-27 08:30:23
18387,-10.90304118,-37.05944427,38044,2015-08-27 08:30:34
18388,-10.90302658,-37.05950813,38044,2015-08-27 08:30:45
18389,-10.90330861,-37.060010600000005,38044,2015-08-27 08:30:57
18390,-10.90330523,-37.06002366,38044,2015-08-27 08:31:07
18391,-10.90379938,-37.06017464,38044,2015-08-27 08:31:17
18392,-10.90517656,-37.06069491,38044,2015-08-27 08:31:32
18393,-10.90514387,-37.06145823,38044,2015-08-27 08:31:42
18394,-10.90499009,-37.062422399999996,38044,2015-08-27 08:31:52
18395,-10.90491926,-37.0627545,38044,2015-08-27 08:32:03
18396,-10.90486021,-37.06306929,38044,2015-08-27 08:32:13
18397,-10.90474036,-37.06437431,38044,2015-08-27 08:32:26
18398,-10.90450527,-37.06541237,38044,2015-08-27 08:32:36
18399,-10.90442959,-37.06599363,38044,2015-08-27 08:32:46
18400,-10.90443257,-37.06624373,38044,2015-08-27 08:33:00
18401,-10.90436806,-37.06702305,38044,2015-08-27 08:33:10
18402,-10.90419233,-37.06797242,38044,2015-08-27 08:33:20
18403,-10.90410084,-37.06886118,38044,2015-08-27 08:33:30
18404,-10.90409243,-37.06887605,38044,2015-08-27 08:33:42
18405,-10.90398543,-37.06972791,38044,2015-08-27 08:33:55
18406,-10.90379344,-37.07103984,38044,2015-08-27 08:34:06
18407,-10.90360367,-37.07235239,38044,2015-08-27 08:34:16
18408,-10.90341061,-37.07363542,38044,2015-08-27 08:34:30
18409,-10.90340158,-37.07367358,38044,2015-08-27 08:34:40
18410,-10.903355,-37.07424164,38044,2015-08-27 08:34:50
18411,-10.90337315,-37.07551483,38044,2015-08-27 08:35:02
18412,-10.90343212,-37.07609221,38044,2015-08-27 08:35:15
18413,-10.90346309,-37.076235600000004,38044,2015-08-27 08:35:32
18414,-10.90357442,-37.0772447,38044,2015-08-27 08:35:45
18415,-10.90357546,-37.07861668,38044,2015-08-27 08:35:56
18416,-10.90350752,-37.07937639,38044,2015-08-27 08:36:07
18417,-10.90352217,-37.07964869,38044,2015-08-27 08:36:20
18418,-10.9034482,-37.08054553,38044,2015-08-27 08:36:30
18419,-10.90334562,-37.08183239,38044,2015-08-27 08:36:40
18420,-10.90324729,-37.08255656,38044,2015-08-27 08:36:51
18421,-10.90319429,-37.08324974,38044,2015-08-27 08:37:05
18422,-10.90306395,-37.08438221,38044,2015-08-27 08:37:15
18423,-10.90291737,-37.08584424,38044,2015-08-27 08:37:25
18424,-10.90273473,-37.08756733,38044,2015-08-27 08:37:36
18425,-10.90276919,-37.08766575,38044,2015-08-27 08:37:49
18426,-10.90267834,-37.08841412,38044,2015-08-27 08:38:00
18427,-10.90271343,-37.08867738,38044,2015-08-27 08:38:14
18428,-10.90264147,-37.0893395,38044,2015-08-27 08:38:24
18429,-10.90243971,-37.09069258,38044,2015-08-27 08:38:35
18430,-10.90228402,-37.09154532,38044,2015-08-27 08:38:46
18431,-10.90176948,-37.09274965,38044,2015-08-27 08:38:59
18432,-10.90162143,-37.09302807,38044,2015-08-27 08:39:10
18433,-10.90154915,-37.09316412,38044,2015-08-27 08:39:21
18434,-10.90118606,-37.09386868,38044,2015-08-27 08:39:34
18435,-10.90061226,-37.09488367,38044,2015-08-27 08:39:44
18436,-10.899911999999999,-37.09613964,38044,2015-08-27 08:39:54
18437,-10.89935472,-37.09625154,38044,2015-08-27 08:40:05
18438,-10.90353488,-37.08079661,38045,2015-08-27 23:00:52
18439,-10.90366832,-37.07975106,38045,2015-08-27 23:01:02
18440,-10.90372567,-37.07863933,38045,2015-08-27 23:01:13
18441,-10.90373482,-37.07769825,38045,2015-08-27 23:01:23
18442,-10.90366627,-37.07692375,38045,2015-08-27 23:01:33
18443,-10.90362981,-37.07667278,38045,2015-08-27 23:01:47
18444,-10.90362373,-37.07665303,38045,2015-08-27 23:01:58
18445,-10.90357857,-37.0761904,38045,2015-08-27 23:02:11
18446,-10.90346602,-37.075485,38045,2015-08-27 23:02:21
18447,-10.90343929,-37.07440857,38045,2015-08-27 23:02:33
18448,-10.90355841,-37.07344711,38045,2015-08-27 23:02:44
18449,-10.9036798,-37.07244392,38045,2015-08-27 23:02:54
18450,-10.90380054,-37.07164812,38045,2015-08-27 23:03:07
18451,-10.90384065,-37.07141403,38045,2015-08-27 23:03:25
18452,-10.90394531,-37.07073066,38045,2015-08-27 23:03:36
18453,-10.90410167,-37.06972572,38045,2015-08-27 23:03:49
18454,-10.90424033,-37.06871339,38045,2015-08-27 23:04:01
18455,-10.904374800000001,-37.06782657,38045,2015-08-27 23:04:13
18456,-10.90452859,-37.06663205,38045,2015-08-27 23:04:30
18457,-10.90464457,-37.06559294,38045,2015-08-27 23:04:42
18458,-10.90478426,-37.06462733,38045,2015-08-27 23:04:52
18459,-10.90494142,-37.06342678,38045,2015-08-27 23:05:05
18460,-10.90510908,-37.06233655,38045,2015-08-27 23:05:17
18461,-10.90525453,-37.061280100000005,38045,2015-08-27 23:05:28
18462,-10.90537058,-37.06063839,38045,2015-08-27 23:05:38
18463,-10.90474891,-37.06040812,38045,2015-08-27 23:05:52
18464,-10.90375429,-37.06001492,38045,2015-08-27 23:06:10
18465,-10.90340289,-37.05990241,38045,2015-08-27 23:06:23
18466,-10.90334159,-37.05987286,38045,2015-08-27 23:06:33
18467,-10.90317946,-37.05983885,38045,2015-08-27 23:06:44
18468,-10.90307232,-37.05947329999999,38045,2015-08-27 23:06:54
18469,-10.903105,-37.05874638,38045,2015-08-27 23:07:04
18470,-10.90314505,-37.05737966,38045,2015-08-27 23:07:21
18471,-10.90313717,-37.05654704,38045,2015-08-27 23:07:31
18472,-10.90314665,-37.05569991,38045,2015-08-27 23:07:42
18473,-10.90316225,-37.05439918,38045,2015-08-27 23:08:02
18474,-10.90320191,-37.05335851,38045,2015-08-27 23:08:15
18475,-10.90321443,-37.05245815,38045,2015-08-27 23:08:25
18476,-10.90323747,-37.05151452,38045,2015-08-27 23:08:37
18477,-10.90324917,-37.05068336,38045,2015-08-27 23:08:48
18478,-10.90303075,-37.05034647,38045,2015-08-27 23:08:58
18479,-10.90298464,-37.05003979,38045,2015-08-27 23:09:09
18480,-10.90319957,-37.04956846,38045,2015-08-27 23:09:19
18481,-10.90323742,-37.04914053,38045,2015-08-27 23:09:29
18482,-10.90323271,-37.04916493,38045,2015-08-27 23:09:39
18483,-10.90318201,-37.04942632,38045,2015-08-27 23:09:51
18484,-10.90303668,-37.04991396,38045,2015-08-27 23:10:05
18485,-10.90271568,-37.05013511,38045,2015-08-27 23:10:16
18503,-10.834855984760098,-37.0683304683091,38064,2015-10-23 19:00:59
18504,-10.8348545944968,-37.0683318634744,38064,2015-10-23 19:01:10
18505,-10.8346750208408,-37.067968630854395,38064,2015-10-23 19:01:21
18506,-10.8346738147644,-37.0678794052293,38064,2015-10-23 19:01:39
18507,-10.8346955985744,-37.067883947353295,38064,2015-10-23 19:01:49
18508,-10.834710671086901,-37.0678764154892,38064,2015-10-23 19:01:59
18509,-10.8346622612642,-37.0678403317014,38064,2015-10-23 19:02:09
18510,-10.834576117996399,-37.0677276368856,38064,2015-10-23 19:02:25
18511,-10.8345716665509,-37.067715877526204,38064,2015-10-23 19:02:35
18512,-10.834578424818302,-37.067722241786605,38064,2015-10-23 19:02:45
18513,-10.8345862003626,-37.06771406292871,38064,2015-10-23 19:02:58
18514,-10.8345946875428,-37.0677044594987,38064,2015-10-23 19:03:09
18515,-10.8345965168121,-37.0677010500612,38064,2015-10-23 19:03:19
18516,-10.834592754908199,-37.067701536273496,38064,2015-10-23 19:03:32
18517,-10.834612642047698,-37.067698613046,38064,2015-10-23 19:03:43
18518,-10.834627634803601,-37.0676723286271,38064,2015-10-23 19:03:54
18519,-10.834635162301,-37.0676119575226,38064,2015-10-23 19:04:08
18520,-10.834640363133301,-37.067568292150796,38064,2015-10-23 19:04:18
18521,-10.8346502671928,-37.067491053847,38064,2015-10-23 19:04:28
18522,-10.8346605218506,-37.0674461688648,38064,2015-10-23 19:04:42
18523,-10.8346630110072,-37.067455887993205,38064,2015-10-23 19:04:55
18524,-10.8346585665116,-37.0675238771851,38064,2015-10-23 19:05:11
18525,-10.8346720183307,-37.06754345547839,38064,2015-10-23 19:05:29
18526,-10.8346884872564,-37.0675286719106,38064,2015-10-23 19:05:39
18527,-10.834487484659801,-37.0672730373554,38064,2015-10-23 19:05:55
18528,-10.834498483413698,-37.0672455607841,38064,2015-10-23 19:06:07
18529,-10.96627226,-37.0827371,38069,2015-11-03 13:22:22
18530,-10.96630532,-37.08280743,38069,2015-11-03 13:22:33
18531,-10.9663046,-37.08280736,38069,2015-11-03 13:22:47
18532,-10.96630515,-37.0828073,38069,2015-11-03 13:22:58
18533,-10.96630119,-37.08280698,38069,2015-11-03 13:23:09
18534,-10.943946927488302,-37.08853193235979,38072,2015-11-21 07:55:34
18535,-10.9437753839727,-37.0885420316085,38072,2015-11-21 07:55:40
18536,-10.9435840942099,-37.0885478265356,38072,2015-11-21 07:55:47
18537,-10.943481837307802,-37.0888804505826,38072,2015-11-21 07:55:52
18538,-10.9434649746797,-37.0889406262606,38072,2015-11-21 07:55:58
18539,-10.943457486231301,-37.0889459385159,38072,2015-11-21 07:56:05
18540,-10.943452612400801,-37.088971279331204,38072,2015-11-21 07:56:10
18541,-10.9434303949964,-37.0891617881025,38072,2015-11-21 07:56:17
18542,-10.9436691096665,-37.0893361503751,38072,2015-11-21 07:56:23
18543,-10.943941820724001,-37.089495313139295,38072,2015-11-21 07:56:29
18544,-10.9442274887776,-37.089609898815,38072,2015-11-21 07:56:36
18545,-10.944220221626301,-37.0893055001269,38072,2015-11-21 07:56:46
18546,-10.9441720278973,-37.0884638742131,38072,2015-11-21 07:56:55
18547,-10.9443705022145,-37.0880202060219,38072,2015-11-21 07:57:05
18548,-10.944478538640801,-37.087918338172,38072,2015-11-21 07:57:11
18549,-10.9442389853819,-37.0875763231705,38072,2015-11-21 07:57:18
18550,-10.943755947897902,-37.087022858252894,38072,2015-11-21 07:57:26
18551,-10.943574533945,-37.086430026888706,38072,2015-11-21 07:57:35
18552,-10.943488776944099,-37.0860159607842,38072,2015-11-21 07:57:40
18553,-10.943339330427499,-37.0853972262167,38072,2015-11-21 07:57:46
18554,-10.942967386050801,-37.083890580882795,38072,2015-11-21 07:57:57
18555,-10.942631583265099,-37.0826214139948,38072,2015-11-21 07:58:07
18556,-10.9425196911903,-37.0821220401625,38072,2015-11-21 07:58:17
18557,-10.9424015515133,-37.0816519325076,38072,2015-11-21 07:58:23
18558,-10.942250062326698,-37.081042021730596,38072,2015-11-21 07:58:29
18559,-10.9421215672143,-37.0804855873305,38072,2015-11-21 07:58:34
18560,-10.941720801110401,-37.079497163610505,38072,2015-11-21 07:58:43
18561,-10.941427298495,-37.079171499206296,38072,2015-11-21 07:58:48
18562,-10.9415880042838,-37.078811540465104,38072,2015-11-21 07:58:55
18563,-10.9420034446274,-37.078378530693605,38072,2015-11-21 07:59:01
18564,-10.942600706983098,-37.0777647428871,38072,2015-11-21 07:59:09
18565,-10.9431363279652,-37.0772132529199,38072,2015-11-21 07:59:17
18566,-10.943723331173,-37.0766296163879,38072,2015-11-21 07:59:23
18567,-10.9443726954794,-37.0759886329409,38072,2015-11-21 07:59:29
18568,-10.9454645597323,-37.07494182799179,38072,2015-11-21 07:59:38
18569,-10.946963593410599,-37.073470186046,38072,2015-11-21 07:59:50
18570,-10.9476712562322,-37.0727618304774,38072,2015-11-21 07:59:56
18571,-10.948285103388901,-37.07214440187129,38072,2015-11-21 08:00:01
18572,-10.9493974458988,-37.0709814104724,38072,2015-11-21 08:00:10
18573,-10.950003448080802,-37.0700529196301,38072,2015-11-21 08:00:16
18574,-10.9507230671068,-37.0684554223767,38072,2015-11-21 08:00:25
18575,-10.951336868980901,-37.0659191410967,38072,2015-11-21 08:00:38
18576,-10.9515219930256,-37.064386452932794,38072,2015-11-21 08:00:46
18577,-10.951718044811802,-37.0632298373997,38072,2015-11-21 08:00:52
18578,-10.9520994622034,-37.0611631047091,38072,2015-11-21 08:01:03
18579,-10.9522969007794,-37.0601959585251,38072,2015-11-21 08:01:08
18580,-10.9525181050636,-37.0590401232434,38072,2015-11-21 08:01:14
18581,-10.952660706129901,-37.0581122614138,38072,2015-11-21 08:01:19
18582,-10.953036591599801,-37.05682252558729,38072,2015-11-21 08:01:26
18583,-10.9539124842014,-37.0552243420534,38072,2015-11-21 08:01:35
18584,-10.954623418091801,-37.0541599919683,38072,2015-11-21 08:01:42
18585,-10.955436376437302,-37.0534010275262,38072,2015-11-21 08:01:51
18586,-10.9560271670856,-37.053440418377,38072,2015-11-21 08:01:56
18587,-10.9566935698352,-37.0536739751171,38072,2015-11-21 08:02:01
18588,-10.9577657318789,-37.0540672936335,38072,2015-11-21 08:02:08
18589,-10.958622993563699,-37.0543686115547,38072,2015-11-21 08:02:13
18590,-10.959885369311301,-37.05478597369321,38072,2015-11-21 08:02:20
18591,-10.960588513943,-37.0549375876685,38072,2015-11-21 08:02:25
18592,-10.9612831036866,-37.0549115096774,38072,2015-11-21 08:02:31
18593,-10.9623399808058,-37.054555509107,38072,2015-11-21 08:02:39
18594,-10.9631901539884,-37.0541922448731,38072,2015-11-21 08:02:45
18595,-10.9644172980356,-37.0536782980974,38072,2015-11-21 08:02:52
18596,-10.9653862433917,-37.053358628927896,38072,2015-11-21 08:02:57
18597,-10.9663620887251,-37.05331640335629,38072,2015-11-21 08:03:03
18598,-10.9668952346119,-37.0533714799504,38072,2015-11-21 08:03:10
18599,-10.9671663730185,-37.05342442864521,38072,2015-11-21 08:03:19
18600,-10.9672757608302,-37.0534366832163,38072,2015-11-21 08:03:24
18601,-10.9674112459046,-37.0534445082788,38072,2015-11-21 08:03:31
18602,-10.9674471982908,-37.053462117932604,38072,2015-11-21 08:03:38
18603,-10.9675271167115,-37.0534677141512,38072,2015-11-21 08:03:43
18604,-10.9676349066352,-37.0534824559366,38072,2015-11-21 08:03:50
18605,-10.967692257067402,-37.0534985471364,38072,2015-11-21 08:03:56
18606,-10.967692257067402,-37.0534985471364,38072,2015-11-21 08:04:05
18607,-10.967739757587399,-37.053514486947606,38072,2015-11-21 08:04:10
18608,-10.967820482363699,-37.05351515643579,38072,2015-11-21 08:04:16
18609,-10.967941978210302,-37.0535314654255,38072,2015-11-21 08:04:22
18610,-10.9680476953266,-37.0535382731465,38072,2015-11-21 08:04:27
18611,-10.9682809797052,-37.0535473137863,38072,2015-11-21 08:04:34
18612,-10.968646010069499,-37.053588015113704,38072,2015-11-21 08:04:40
18613,-10.9690914631926,-37.053625356922005,38072,2015-11-21 08:04:46
18614,-10.969585511816499,-37.0537054937087,38072,2015-11-21 08:04:53
18615,-10.969927053596699,-37.05378964731071,38072,2015-11-21 08:04:58
18616,-10.9702848223787,-37.053836953007796,38072,2015-11-21 08:05:03
18617,-10.9705704239282,-37.053978645888705,38072,2015-11-21 08:05:09
18618,-10.970576067942801,-37.0544137674453,38072,2015-11-21 08:05:14
18619,-10.9703165595953,-37.0549380280731,38072,2015-11-21 08:05:20
18620,-10.970053952797,-37.0554447307304,38072,2015-11-21 08:05:25
18621,-10.9704502051381,-37.0562909271267,38072,2015-11-21 08:05:32
18622,-10.9702039889045,-37.057333411304896,38072,2015-11-21 08:05:39
18623,-10.969661824957099,-37.0581747395155,38072,2015-11-21 08:05:46
18624,-10.969394165848,-37.058627199856204,38072,2015-11-21 08:05:53
18625,-10.969184301733,-37.0589081702153,38072,2015-11-21 08:06:00
18626,-10.9691070459651,-37.0589998323294,38072,2015-11-21 08:06:06
18627,-10.9690603805073,-37.0590683936571,38072,2015-11-21 08:06:11
18628,-10.968795376674098,-37.0594555816513,38072,2015-11-21 08:06:18
18629,-10.9685762939377,-37.059788762694396,38072,2015-11-21 08:06:23
18630,-10.9682742344892,-37.059756662804205,38072,2015-11-21 08:06:29
18631,-10.967930125053899,-37.059485510585,38072,2015-11-21 08:06:34
18632,-10.9675991712029,-37.0591846549845,38072,2015-11-21 08:06:40
18633,-10.967423337525402,-37.0593356814052,38072,2015-11-21 08:06:49
18634,-10.9676588074039,-37.05946824459279,38072,2015-11-21 08:06:56
18635,-10.9676588074039,-37.05946824459279,38072,2015-11-21 08:07:03
18636,-10.9676588074039,-37.05946824459279,38072,2015-11-21 08:07:11
18637,-10.9676588074039,-37.05946824459279,38072,2015-11-21 08:07:16
18638,-10.9676289476968,-37.0594990301486,38073,2015-11-21 11:59:15
18639,-10.967627285518699,-37.059499883301605,38073,2015-11-21 11:59:21
18640,-10.967619012279698,-37.0594953791321,38073,2015-11-21 11:59:27
18641,-10.9676166606255,-37.0594985932616,38073,2015-11-21 11:59:32
18642,-10.9675939517871,-37.0595087905279,38073,2015-11-21 11:59:39
18643,-10.9675936552821,-37.0595161824437,38073,2015-11-21 11:59:47
18644,-10.967577335489098,-37.059525795779,38073,2015-11-21 11:59:54
18645,-10.967632601008802,-37.0595725306899,38073,2015-11-21 12:00:00
18646,-10.9677411948994,-37.059621951634796,38073,2015-11-21 12:00:05
18647,-10.9680236410254,-37.0598457411946,38073,2015-11-21 12:00:13
18648,-10.9682713409322,-37.060047880579795,38073,2015-11-21 12:00:19
18649,-10.9683632930694,-37.0600927059685,38073,2015-11-21 12:00:24
18650,-10.9684904586235,-37.0600101380775,38073,2015-11-21 12:00:30
18651,-10.9688167283846,-37.0595406512027,38073,2015-11-21 12:00:38
18652,-10.969094187253699,-37.0591378088123,38073,2015-11-21 12:00:50
18653,-10.969381332837902,-37.058664663749795,38073,2015-11-21 12:01:03
18654,-10.9697025210917,-37.0592221003696,38073,2015-11-21 12:01:14
18655,-10.9697033541306,-37.0599003649205,38073,2015-11-21 12:01:20
18656,-10.9697137060674,-37.0605361135868,38073,2015-11-21 12:01:26
18657,-10.9697162506293,-37.0608519434937,38073,2015-11-21 12:01:31
18658,-10.9698372348733,-37.0608983023144,38073,2015-11-21 12:01:37
18659,-10.969839624710099,-37.0604362196572,38073,2015-11-21 12:01:43
18660,-10.9698292205022,-37.0598768415796,38073,2015-11-21 12:01:48
18661,-10.969842456791401,-37.0592066518501,38073,2015-11-21 12:01:53
18662,-10.969826779787901,-37.058339418160294,38073,2015-11-21 12:01:59
18663,-10.9700911186279,-37.0575552743647,38073,2015-11-21 12:02:05
18664,-10.9704399260099,-37.057061324420296,38073,2015-11-21 12:02:10
18665,-10.970618769951,-37.0566171807425,38073,2015-11-21 12:02:15
18666,-10.9706406649278,-37.056139422304504,38073,2015-11-21 12:02:21
18667,-10.970669362780098,-37.0559398792345,38073,2015-11-21 12:02:26
18668,-10.9709597559809,-37.0556904580177,38073,2015-11-21 12:02:31
18669,-10.971040437174,-37.055065254553796,38073,2015-11-21 12:02:38
18670,-10.9706611966201,-37.0545934185806,38073,2015-11-21 12:02:45
18671,-10.970604947783999,-37.0540676711873,38073,2015-11-21 12:02:52
18672,-10.970603523217198,-37.0540505312101,38073,2015-11-21 12:02:58
18673,-10.970603523217198,-37.0540505312101,38073,2015-11-21 12:03:05
18674,-10.970603523217198,-37.0540505312101,38073,2015-11-21 12:03:13
18675,-10.970603523217198,-37.0540505312101,38073,2015-11-21 12:03:18
18676,-10.970603523217198,-37.0540505312101,38073,2015-11-21 12:03:26
18677,-10.970603523217198,-37.0540505312101,38073,2015-11-21 12:03:37
18678,-10.970603523217198,-37.0540505312101,38073,2015-11-21 12:03:43
18679,-10.970603523217198,-37.0540505312101,38073,2015-11-21 12:03:48
18680,-10.970603523217198,-37.0540505312101,38073,2015-11-21 12:03:54
18681,-10.970603523217198,-37.0540505312101,38073,2015-11-21 12:04:00
18682,-10.970603523217198,-37.0540505312101,38073,2015-11-21 12:04:07
18683,-10.970603523217198,-37.0540505312101,38073,2015-11-21 12:04:21
18684,-10.970603523217198,-37.0540505312101,38073,2015-11-21 12:04:27
18685,-10.970603523217198,-37.0540505312101,38073,2015-11-21 12:04:33
18686,-10.970603523217198,-37.0540505312101,38073,2015-11-21 12:04:40
18687,-10.970603523217198,-37.0540505312101,38073,2015-11-21 12:04:45
18688,-10.970603523217198,-37.0540505312101,38073,2015-11-21 12:04:51
18689,-10.9706134351161,-37.053989350348395,38073,2015-11-21 12:05:01
18690,-10.970252782153,-37.0536895520649,38073,2015-11-21 12:05:09
18691,-10.969761592372198,-37.053631424779205,38073,2015-11-21 12:05:14
18692,-10.9689357846677,-37.0535437912932,38073,2015-11-21 12:05:20
18693,-10.9679722519563,-37.053439902796605,38073,2015-11-21 12:05:26
18694,-10.966768646945901,-37.0532722380722,38073,2015-11-21 12:05:33
18695,-10.9652682867468,-37.053228120271704,38073,2015-11-21 12:05:41
18696,-10.964175717721801,-37.053594661067294,38073,2015-11-21 12:05:47
18697,-10.9624263080509,-37.0543404596449,38073,2015-11-21 12:05:57
18698,-10.961647615907099,-37.0546255024976,38073,2015-11-21 12:06:02
18699,-10.9609840860515,-37.0547343809333,38073,2015-11-21 12:06:08
18700,-10.9601843144379,-37.0547144927554,38073,2015-11-21 12:06:14
18701,-10.9589936235745,-37.0544087025647,38073,2015-11-21 12:06:22
18702,-10.9577149838583,-37.0539569540551,38073,2015-11-21 12:06:30
18703,-10.956663905251801,-37.05362824367629,38073,2015-11-21 12:06:36
18704,-10.955816509759801,-37.0533706850805,38073,2015-11-21 12:06:41
18705,-10.954957478552101,-37.0532511612928,38073,2015-11-21 12:06:49
18706,-10.9545799957057,-37.0539281903979,38073,2015-11-21 12:06:56
18707,-10.9541742855405,-37.0546227182129,38073,2015-11-21 12:07:02
18708,-10.953527787284699,-37.0555229266598,38073,2015-11-21 12:07:09
18709,-10.953085463190698,-37.0563088122056,38073,2015-11-21 12:07:14
18710,-10.952486962522599,-37.058333464800704,38073,2015-11-21 12:07:25
18711,-10.9522547850115,-37.0597752057441,38073,2015-11-21 12:07:32
18712,-10.9520099083514,-37.0612060591549,38073,2015-11-21 12:07:39
18713,-10.9514492300508,-37.06406336283,38073,2015-11-21 12:07:53
18714,-10.951266834754698,-37.065412176025795,38073,2015-11-21 12:08:00
18715,-10.9509569458064,-37.0671879410899,38073,2015-11-21 12:08:09
18716,-10.9503571234538,-37.069100302143795,38073,2015-11-21 12:08:19
18717,-10.949449627344698,-37.0707199666579,38073,2015-11-21 12:08:29
18718,-10.9484886667152,-37.07182656080779,38073,2015-11-21 12:08:37
18719,-10.9474643061909,-37.0728210328977,38073,2015-11-21 12:08:45
18720,-10.9468545853493,-37.0734269922839,38073,2015-11-21 12:08:50
18721,-10.946244593258701,-37.0740216279582,38073,2015-11-21 12:08:55
18722,-10.9456182663236,-37.0746402848602,38073,2015-11-21 12:09:00
18723,-10.944790057645301,-37.0754809252911,38073,2015-11-21 12:09:07
18724,-10.944158769216198,-37.0760603667237,38073,2015-11-21 12:09:12
18725,-10.943016099232302,-37.077151380771106,38073,2015-11-21 12:09:22
18726,-10.9419177013486,-37.077643101145895,38073,2015-11-21 12:09:39
18727,-10.9421470277848,-37.077516925957205,38073,2015-11-21 12:09:44
18728,-10.9427591888045,-37.0773483271728,38073,2015-11-21 12:09:51
18729,-10.943351488389599,-37.077248959339705,38073,2015-11-21 12:09:58
18730,-10.9436038300334,-37.0775551214372,38073,2015-11-21 12:10:03
18731,-10.943230903891099,-37.078052266396796,38073,2015-11-21 12:10:10
18732,-10.942934852888598,-37.0787560375226,38073,2015-11-21 12:10:18
18733,-10.9425821649916,-37.07915354472271,38073,2015-11-21 12:10:26
18734,-10.942425427936302,-37.0792804128729,38073,2015-11-21 12:10:34
18735,-10.9423719780697,-37.0793320633895,38073,2015-11-21 12:10:41
18736,-10.942305910383599,-37.0794033176039,38073,2015-11-21 12:10:47
18737,-10.9421515564308,-37.0795678200969,38073,2015-11-21 12:10:53
18738,-10.9420684748769,-37.079638884601295,38073,2015-11-21 12:10:58
18739,-10.941940419886802,-37.0797479398993,38073,2015-11-21 12:11:07
18740,-10.941913103662,-37.0801632775222,38073,2015-11-21 12:11:14
18741,-10.9420992722158,-37.0808235139698,38073,2015-11-21 12:11:24
18742,-10.942250505450401,-37.08138488338071,38073,2015-11-21 12:11:29
18743,-10.942391634117,-37.0819351391564,38073,2015-11-21 12:11:37
18744,-10.942423366896401,-37.0820319096733,38073,2015-11-21 12:11:42
18745,-10.942516305567999,-37.0823607022937,38073,2015-11-21 12:11:48
18746,-10.942651208871501,-37.082909925728,38073,2015-11-21 12:11:54
18747,-10.942874126458001,-37.0837744293815,38073,2015-11-21 12:12:03
18748,-10.943039126230099,-37.0844545511215,38073,2015-11-21 12:12:10
18749,-10.9431772182885,-37.0849836968604,38073,2015-11-21 12:12:15
18750,-10.943361204240901,-37.0857637870236,38073,2015-11-21 12:12:26
18751,-10.9434135590845,-37.085970174758,38073,2015-11-21 12:12:32
18752,-10.9435539810934,-37.0865428556549,38073,2015-11-21 12:12:38
18753,-10.9437604359722,-37.087142538865706,38073,2015-11-21 12:12:44
18754,-10.9439703535116,-37.087413888083894,38073,2015-11-21 12:12:50
18755,-10.9441990884685,-37.0879987526103,38073,2015-11-21 12:13:00
18756,-10.9441285685357,-37.0884997622947,38073,2015-11-21 12:13:08
18757,-10.944102611182199,-37.0892655484462,38073,2015-11-21 12:13:18
18758,-10.943548775032802,-37.0892336450379,38073,2015-11-21 12:13:29
18759,-10.943446364905,-37.0891482919478,38073,2015-11-21 12:13:34
18760,-10.943420636323399,-37.0890601197256,38073,2015-11-21 12:13:39
18761,-10.943428391951599,-37.088964368903106,38073,2015-11-21 12:13:45
18762,-10.943409846570198,-37.08867736775979,38073,2015-11-21 12:13:58
18763,-10.943409846570198,-37.08867736775979,38073,2015-11-21 12:14:03
18764,-10.943675872297803,-37.0886423138483,38073,2015-11-21 12:14:10
18765,-10.9437643202686,-37.0886726973978,38073,2015-11-21 12:14:19
18766,-10.9437643202686,-37.0886726973978,38073,2015-11-21 12:14:24
18767,-10.9437643202686,-37.0886726973978,38073,2015-11-21 12:14:30
18768,-10.9438633022231,-37.0886297614986,38074,2015-11-21 13:00:24
18769,-10.9438157185689,-37.0886062642042,38074,2015-11-21 13:00:30
18770,-10.9438178068209,-37.0886166078364,38074,2015-11-21 13:00:35
18771,-10.943813670492801,-37.0885946662247,38074,2015-11-21 13:00:43
18772,-10.943754700697,-37.0886027117311,38074,2015-11-21 13:00:52
18773,-10.9435509278279,-37.088596706410605,38074,2015-11-21 13:00:58
18774,-10.943417227664401,-37.0886871579568,38074,2015-11-21 13:01:04
18775,-10.943391179849698,-37.0889246691042,38074,2015-11-21 13:01:12
18776,-10.9434040689445,-37.088924256438,38074,2015-11-21 13:01:18
18777,-10.9434017338508,-37.089025418495005,38074,2015-11-21 13:01:23
18778,-10.9435123067766,-37.089225078227,38074,2015-11-21 13:01:31
18779,-10.9438159557901,-37.089376027272294,38074,2015-11-21 13:01:36
18780,-10.9442799406217,-37.0895909705163,38074,2015-11-21 13:01:47
18781,-10.9442601586786,-37.0894091557399,38074,2015-11-21 13:01:53
18782,-10.9441629706845,-37.0888960641174,38074,2015-11-21 13:02:01
18783,-10.9442872932601,-37.08805959216271,38074,2015-11-21 13:02:11
18784,-10.9444509367981,-37.0877329162668,38074,2015-11-21 13:02:19
18785,-10.9441909768865,-37.0875005274735,38074,2015-11-21 13:02:25
18786,-10.943851959179302,-37.087114399487795,38074,2015-11-21 13:02:34
18787,-10.943661276855199,-37.0867407320034,38074,2015-11-21 13:02:41
18788,-10.9435994145946,-37.0865226984328,38074,2015-11-21 13:02:46
18789,-10.9435278704656,-37.086150601541206,38074,2015-11-21 13:02:53
18790,-10.9433214573125,-37.0852870075497,38074,2015-11-21 13:03:01
18791,-10.9431494493627,-37.0846069223998,38074,2015-11-21 13:03:08
18792,-10.943036882941898,-37.084107066193,38074,2015-11-21 13:03:13
18793,-10.942835540991199,-37.0833051596057,38074,2015-11-21 13:03:20
18794,-10.9426323926117,-37.082539277292,38074,2015-11-21 13:03:26
18795,-10.9425405478615,-37.0822026838829,38074,2015-11-21 13:03:31
18796,-10.9424751255444,-37.0819650056649,38074,2015-11-21 13:03:36
18797,-10.942359861473,-37.0814958488659,38074,2015-11-21 13:03:42
18798,-10.942178722239802,-37.080827043898296,38074,2015-11-21 13:03:48
18799,-10.942020991735001,-37.080223661599895,38074,2015-11-21 13:03:53
18800,-10.941685585509,-37.079500082181504,38074,2015-11-21 13:04:00
18801,-10.9414447695062,-37.0790415426258,38074,2015-11-21 13:04:07
18802,-10.941677618280801,-37.078724844484604,38074,2015-11-21 13:04:12
18803,-10.942276639537802,-37.0780899072275,38074,2015-11-21 13:04:19
18804,-10.9428723756282,-37.0774917652512,38074,2015-11-21 13:04:25
18805,-10.943339541809099,-37.0770343180294,38074,2015-11-21 13:04:30
18806,-10.9438881729723,-37.076505472617704,38074,2015-11-21 13:04:36
18807,-10.9444333606241,-37.0759991112243,38074,2015-11-21 13:04:42
18808,-10.9452557723601,-37.0751593175636,38074,2015-11-21 13:04:52
18809,-10.9461798076413,-37.0742416965479,38074,2015-11-21 13:05:02
18810,-10.946753345018498,-37.073675492965606,38074,2015-11-21 13:05:08
18811,-10.9478339476329,-37.0728062453279,38074,2015-11-21 13:05:21
18812,-10.947819162142501,-37.0731984944009,38074,2015-11-21 13:05:28
18813,-10.947444288661801,-37.0730204180846,38074,2015-11-21 13:05:34
18814,-10.9465670305211,-37.0719752964025,38074,2015-11-21 13:05:45
18815,-10.9461558774789,-37.071449386324296,38074,2015-11-21 13:05:50
18816,-10.945970444891401,-37.071228850818,38074,2015-11-21 13:05:55
18817,-10.945721070573,-37.0709501952471,38074,2015-11-21 13:06:01
18818,-10.9453558380108,-37.0705437480792,38074,2015-11-21 13:06:07
18819,-10.9447732811441,-37.069837150449096,38074,2015-11-21 13:06:15
18820,-10.9443827454151,-37.069397478919896,38074,2015-11-21 13:06:20
18821,-10.9439253696438,-37.068875519314496,38074,2015-11-21 13:06:25
18822,-10.943445562299301,-37.06831538832179,38074,2015-11-21 13:06:30
18823,-10.942815827698698,-37.067617404308706,38074,2015-11-21 13:06:36
18824,-10.9422518461228,-37.066886920110996,38074,2015-11-21 13:06:44
18825,-10.942257092244699,-37.0663380848849,38074,2015-11-21 13:06:49
18826,-10.9423346125613,-37.0652443948413,38074,2015-11-21 13:06:57
18827,-10.9424637704793,-37.0638518785886,38074,2015-11-21 13:07:06
18828,-10.9426093174122,-37.0621971944075,38074,2015-11-21 13:07:18
18829,-10.9427254307562,-37.0615637320576,38074,2015-11-21 13:07:25
18830,-10.942760005188802,-37.0614454921053,38074,2015-11-21 13:07:30
18831,-10.942760005188802,-37.0614454921053,38074,2015-11-21 13:07:36
18832,-10.942760005188802,-37.0614454921053,38074,2015-11-21 13:07:43
18833,-10.942760005188802,-37.0614454921053,38074,2015-11-21 13:07:50
18834,-10.942760005188802,-37.0614454921053,38074,2015-11-21 13:07:55
18835,-10.942760005188802,-37.0614454921053,38074,2015-11-21 13:08:02
18836,-10.942760005188802,-37.0614454921053,38074,2015-11-21 13:08:10
18837,-10.942776503302401,-37.0614280547486,38074,2015-11-21 13:08:21
18838,-10.942749009614598,-37.0608984010225,38074,2015-11-21 13:08:31
18839,-10.9422122110827,-37.060366216314,38074,2015-11-21 13:08:39
18840,-10.9419547508182,-37.0600717820924,38074,2015-11-21 13:08:45
18841,-10.9420439830585,-37.0600401351888,38074,2015-11-21 13:08:51
18842,-10.942232177250302,-37.0602297780083,38074,2015-11-21 13:08:57
18843,-10.942283285029099,-37.0602797264255,38074,2015-11-21 13:09:05
18844,-10.942283285029099,-37.0602797264255,38074,2015-11-21 13:09:12
18845,-10.9423830900872,-37.0604257725704,38074,2015-11-21 13:09:17
18846,-10.942730353611,-37.060808693859,38074,2015-11-21 13:09:24
18847,-10.943028055866899,-37.0610580094577,38074,2015-11-21 13:09:30
18848,-10.943237682365,-37.0611820584439,38074,2015-11-21 13:09:35
18849,-10.9433934385609,-37.061025777927604,38074,2015-11-21 13:09:40
18850,-10.9436365692679,-37.060961406728204,38074,2015-11-21 13:09:45
18851,-10.9438384443045,-37.0609955365052,38074,2015-11-21 13:09:50
18852,-10.944076699850301,-37.0611819842376,38074,2015-11-21 13:09:58
18853,-10.9442918029032,-37.0612058661619,38074,2015-11-21 13:10:03
18854,-10.944530830766098,-37.061028433160295,38074,2015-11-21 13:10:11
18855,-10.944584769419999,-37.0609205894047,38074,2015-11-21 13:10:17
18856,-10.944680936973901,-37.0607492572713,38074,2015-11-21 13:10:22
18857,-10.944755332609198,-37.0605831537285,38074,2015-11-21 13:10:29
18858,-10.9448053134344,-37.0604784227278,38074,2015-11-21 13:10:34
18859,-10.9448131556242,-37.0603882475479,38074,2015-11-21 13:10:40
18860,-10.9447807201507,-37.0603375796086,38074,2015-11-21 13:10:45
18861,-10.9447807201507,-37.0603375796086,38074,2015-11-21 13:10:51
18862,-10.9447807201507,-37.0603375796086,38074,2015-11-21 13:10:57
18863,-10.9734408023891,-37.0684858122749,38075,2015-11-21 14:45:59
18864,-10.9733491771931,-37.068482051623896,38075,2015-11-21 14:46:07
18865,-10.9730911741954,-37.06872984913689,38075,2015-11-21 14:46:13
18866,-10.972855113897399,-37.06901330171971,38075,2015-11-21 14:46:18
18867,-10.9727492191383,-37.0690941097416,38075,2015-11-21 14:46:23
18868,-10.9727492191383,-37.0690941097416,38075,2015-11-21 14:46:28
18869,-10.9727492191383,-37.0690941097416,38075,2015-11-21 14:46:37
18870,-10.972692012699401,-37.0691576762351,38075,2015-11-21 14:46:43
18871,-10.9724215441387,-37.068927945334,38075,2015-11-21 14:46:49
18872,-10.971830289830198,-37.0684312942066,38075,2015-11-21 14:46:56
18873,-10.9709493147313,-37.0677207365014,38075,2015-11-21 14:47:04
18874,-10.970252794596698,-37.0671316782087,38075,2015-11-21 14:47:13
18875,-10.9700417562062,-37.0669636906883,38075,2015-11-21 14:47:18
18876,-10.969363963724302,-37.066406400996,38075,2015-11-21 14:47:26
18877,-10.968701057934402,-37.0658808388687,38075,2015-11-21 14:47:32
18878,-10.9668183795629,-37.0648342669351,38075,2015-11-21 14:47:47
18879,-10.966234085402501,-37.06537102814,38075,2015-11-21 14:47:53
18880,-10.965948342950401,-37.0665246686009,38075,2015-11-21 14:48:00
18881,-10.965695376819001,-37.0676339258315,38075,2015-11-21 14:48:06
18882,-10.965436475824498,-37.0684768460904,38075,2015-11-21 14:48:11
18883,-10.9646046509252,-37.068939672765204,38075,2015-11-21 14:48:17
18884,-10.963638104373802,-37.0689455801405,38075,2015-11-21 14:48:22
18885,-10.961735556121099,-37.069008679108,38075,2015-11-21 14:48:31
18886,-10.9598663042523,-37.0691354992981,38075,2015-11-21 14:48:40
18887,-10.9588907822208,-37.069242418558204,38075,2015-11-21 14:48:45
18888,-10.9578984124736,-37.0692730593866,38075,2015-11-21 14:48:50
18889,-10.956724188137901,-37.069330258707204,38075,2015-11-21 14:48:56
18890,-10.955443343277599,-37.0691699170736,38075,2015-11-21 14:49:03
18891,-10.954639329695802,-37.068737382690394,38075,2015-11-21 14:49:10
18892,-10.9544239009059,-37.0686223914281,38075,2015-11-21 14:49:15
18893,-10.9538137658006,-37.068288527614996,38075,2015-11-21 14:49:22
18894,-10.9531157642572,-37.0678900514631,38075,2015-11-21 14:49:28
18895,-10.9520488219944,-37.0673122534995,38075,2015-11-21 14:49:39
18896,-10.9517405985733,-37.0671610948392,38075,2015-11-21 14:49:44
18897,-10.950789292612601,-37.0665951248766,38075,2015-11-21 14:49:56
18898,-10.950534055806902,-37.0663736256613,38075,2015-11-21 14:50:01
18899,-10.9502899413853,-37.0661227000314,38075,2015-11-21 14:50:09
18900,-10.9502105084987,-37.0660733982086,38075,2015-11-21 14:50:17
18901,-10.9502105084987,-37.0660733982086,38075,2015-11-21 14:50:23
18902,-10.9502105084987,-37.0660733982086,38075,2015-11-21 14:50:30
18903,-10.9502105084987,-37.0660733982086,38075,2015-11-21 14:50:36
18904,-10.9502105084987,-37.0660733982086,38075,2015-11-21 14:50:41
18905,-10.950500661977198,-37.0665453234599,38075,2015-11-21 14:50:53
18906,-10.950855275713902,-37.0669933151161,38075,2015-11-21 14:50:59
18907,-10.950779423859402,-37.0675985863346,38075,2015-11-21 14:51:07
18908,-10.950570255717599,-37.0682663584508,38075,2015-11-21 14:51:15
18909,-10.9501189961427,-37.069659288290794,38075,2015-11-21 14:51:26
18910,-10.9495448170218,-37.070627038434,38075,2015-11-21 14:51:33
18911,-10.948738943739901,-37.0716053293993,38075,2015-11-21 14:51:40
18912,-10.9478786067237,-37.0724450433057,38075,2015-11-21 14:51:46
18913,-10.9471666884554,-37.073137659733,38075,2015-11-21 14:51:52
18914,-10.946509338204,-37.073745737649496,38075,2015-11-21 14:51:57
18915,-10.9458703707919,-37.0743691980039,38075,2015-11-21 14:52:02
18916,-10.9450789659934,-37.0751324734575,38075,2015-11-21 14:52:10
18917,-10.9446233386992,-37.0755744871846,38075,2015-11-21 14:52:15
18918,-10.9440829079845,-37.07609501939329,38075,2015-11-21 14:52:20
18919,-10.943431985006098,-37.076754009156,38075,2015-11-21 14:52:26
18920,-10.9427104683144,-37.0774739328393,38075,2015-11-21 14:52:34
18921,-10.9421634644471,-37.0779592425759,38075,2015-11-21 14:52:41
18922,-10.9419333320706,-37.0778096714727,38075,2015-11-21 14:52:46
18923,-10.9423387370759,-37.07740568679829,38075,2015-11-21 14:52:54
18924,-10.943063896949502,-37.0772704793869,38075,2015-11-21 14:53:00
18925,-10.943629381217198,-37.0774756981263,38075,2015-11-21 14:53:06
18926,-10.9430267710179,-37.078607061824606,38075,2015-11-21 14:53:17
18927,-10.9425686144696,-37.079221874218995,38075,2015-11-21 14:53:23
18928,-10.942032300956399,-37.0797422663162,38075,2015-11-21 14:53:32
18929,-10.9420042272787,-37.079760954478395,38075,2015-11-21 14:53:41
18930,-10.9420042272787,-37.079760954478395,38075,2015-11-21 14:53:46
18931,-10.941898349375698,-37.0800458887202,38075,2015-11-21 14:53:52
18932,-10.9420268817067,-37.0805850879106,38075,2015-11-21 14:53:58
18933,-10.942357497142599,-37.081878317817605,38075,2015-11-21 14:54:09
18934,-10.942419015065598,-37.0821062295101,38075,2015-11-21 14:54:15
18935,-10.9426142239326,-37.0829433399243,38075,2015-11-21 14:54:24
18936,-10.942818981689301,-37.083744381662,38075,2015-11-21 14:54:30
18937,-10.942986642216198,-37.0844135728736,38075,2015-11-21 14:54:35
18938,-10.9432953117694,-37.085638899159996,38075,2015-11-21 14:54:45
18939,-10.943341431693002,-37.085819618950204,38075,2015-11-21 14:54:50
18940,-10.943439211126803,-37.0861706998796,38075,2015-11-21 14:54:55
18941,-10.9435911589047,-37.0868088557434,38075,2015-11-21 14:55:01
18942,-10.943877391558399,-37.0873292945445,38075,2015-11-21 14:55:07
18943,-10.9441470062589,-37.0876371580914,38075,2015-11-21 14:55:12
18944,-10.944171398108,-37.088102900892295,38075,2015-11-21 14:55:17
18945,-10.944105087005699,-37.0889221842725,38075,2015-11-21 14:55:24
18946,-10.9439751450113,-37.089328220820704,38075,2015-11-21 14:55:30
18947,-10.9439154321293,-37.0894085796845,38075,2015-11-21 14:55:36
18948,-10.943763927483301,-37.089337271158,38075,2015-11-21 14:55:41
18949,-10.9434691420616,-37.0891436279623,38075,2015-11-21 14:55:47
18950,-10.943432682915402,-37.0890404756681,38075,2015-11-21 14:55:54
18951,-10.943432682915402,-37.0890404756681,38075,2015-11-21 14:56:01
18952,-10.943432682915402,-37.0890404756681,38075,2015-11-21 14:56:07
18953,-10.9434473012784,-37.0888630232894,38075,2015-11-21 14:56:13
18954,-10.943779531622601,-37.088587606031496,38076,2015-11-21 16:55:02
18955,-10.943736286144599,-37.0887674076652,38076,2015-11-21 16:55:10
18956,-10.943736286144599,-37.0887674076652,38076,2015-11-21 16:55:16
18957,-10.943736286144599,-37.0887674076652,38076,2015-11-21 16:55:21
18958,-10.943736286144599,-37.0887674076652,38076,2015-11-21 16:55:30
18959,-10.9437609173646,-37.0887177575073,38076,2015-11-21 16:55:35
18960,-10.943720138288,-37.0887262342449,38076,2015-11-21 16:55:42
18961,-10.943581179903,-37.0887175810302,38076,2015-11-21 16:55:47
18962,-10.943391240649099,-37.088752447853295,38076,2015-11-21 16:55:57
18963,-10.943401892323802,-37.0888799375344,38076,2015-11-21 16:56:04
18964,-10.943386959200499,-37.0889243763077,38076,2015-11-21 16:56:11
18965,-10.943377098167401,-37.0890803389268,38076,2015-11-21 16:56:16
18966,-10.943784240655802,-37.0894153551759,38076,2015-11-21 16:56:28
18967,-10.943917887132402,-37.0894590137289,38076,2015-11-21 16:56:33
18968,-10.944150707451902,-37.089230379007795,38076,2015-11-21 16:56:39
18969,-10.944228929339099,-37.0886283478736,38076,2015-11-21 16:56:46
18970,-10.944356403522,-37.08806775769,38076,2015-11-21 16:56:56
18971,-10.9444530613931,-37.087899010761,38076,2015-11-21 16:57:02
18972,-10.944230999986598,-37.0874879799287,38076,2015-11-21 16:57:10
18973,-10.943923866040599,-37.0871552943673,38076,2015-11-21 16:57:16
18974,-10.9436988416417,-37.0868358382131,38076,2015-11-21 16:57:21
18975,-10.9435831485854,-37.0864913770001,38076,2015-11-21 16:57:27
18976,-10.9435049599933,-37.086173140206206,38076,2015-11-21 16:57:33
18977,-10.943280060546998,-37.0853281921809,38076,2015-11-21 16:57:42
18978,-10.9431782540767,-37.0847303524518,38076,2015-11-21 16:57:48
18979,-10.942960568081501,-37.0837977153124,38076,2015-11-21 16:57:57
18980,-10.9428099142806,-37.083187867364,38076,2015-11-21 16:58:03
18981,-10.942669448516,-37.0826454562582,38076,2015-11-21 16:58:08
18982,-10.9425570180387,-37.0821821809671,38076,2015-11-21 16:58:14
18983,-10.942414865696499,-37.081654578370205,38076,2015-11-21 16:58:25
18984,-10.9420652976922,-37.0802628506187,38076,2015-11-21 16:58:36
18985,-10.941935411166401,-37.079751833501206,38076,2015-11-21 16:58:42
18986,-10.941477181412301,-37.079239749718,38076,2015-11-21 16:58:50
18987,-10.9415571446035,-37.078893668564504,38076,2015-11-21 16:58:56
18988,-10.9419400269941,-37.0784352939283,38076,2015-11-21 16:59:01
18989,-10.9423353348387,-37.0780137091411,38076,2015-11-21 16:59:07
18990,-10.9433361520202,-37.07694341626139,38076,2015-11-21 16:59:17
18991,-10.9438899106111,-37.0763903409589,38076,2015-11-21 16:59:23
18992,-10.944416454602498,-37.0758684918809,38076,2015-11-21 16:59:28
18993,-10.944937207536599,-37.075362370898,38076,2015-11-21 16:59:33
18994,-10.9461440385617,-37.0741230425148,38076,2015-11-21 16:59:44
18995,-10.9469731789973,-37.0733301551334,38076,2015-11-21 16:59:51
18996,-10.9474855152391,-37.0728353261263,38076,2015-11-21 16:59:56
18997,-10.948206410777098,-37.072169464106004,38076,2015-11-21 17:00:03
18998,-10.9488317984197,-37.071559985956,38076,2015-11-21 17:00:08
18999,-10.949630771995098,-37.0706654563999,38076,2015-11-21 17:00:14
19000,-10.9502066935908,-37.069793576292895,38076,2015-11-21 17:00:22
19001,-10.950577684205198,-37.069120018451,38076,2015-11-21 17:00:29
19002,-10.9509751012516,-37.068405698761794,38076,2015-11-21 17:00:37
19003,-10.9511367747784,-37.0677652022639,38076,2015-11-21 17:00:43
19004,-10.9512425706669,-37.0674007488887,38076,2015-11-21 17:00:49
19005,-10.951378924277899,-37.0671939103106,38076,2015-11-21 17:00:58
19006,-10.951411452611802,-37.0671144707812,38076,2015-11-21 17:01:05
19007,-10.9517377141385,-37.067230047845705,38076,2015-11-21 17:01:15
19008,-10.9531605053509,-37.0679527924689,38076,2015-11-21 17:01:29
19009,-10.954196317277699,-37.06853882062529,38076,2015-11-21 17:01:39
19010,-10.954495340938198,-37.0687030429946,38076,2015-11-21 17:01:45
19011,-10.9552187999422,-37.06912476854679,38076,2015-11-21 17:01:52
19012,-10.955833931534,-37.0694083587724,38076,2015-11-21 17:01:58
19013,-10.9570231600316,-37.0694926912664,38076,2015-11-21 17:02:05
19014,-10.957861846451099,-37.0693876697154,38076,2015-11-21 17:02:10
19015,-10.9592001803761,-37.069245950208995,38076,2015-11-21 17:02:17
19016,-10.960101531749899,-37.0691922139715,38076,2015-11-21 17:02:23
19017,-10.961700459731901,-37.0690990514673,38076,2015-11-21 17:02:31
19018,-10.963371249502401,-37.0690099425617,38076,2015-11-21 17:02:41
19019,-10.964146778182599,-37.068991093529796,38076,2015-11-21 17:02:47
19020,-10.965356855457301,-37.06878830114879,38076,2015-11-21 17:02:56
19021,-10.965851822519697,-37.0679101419206,38076,2015-11-21 17:03:03
19022,-10.9660614875283,-37.066942358462896,38076,2015-11-21 17:03:09
19023,-10.9663406980547,-37.0657869654566,38076,2015-11-21 17:03:15
19024,-10.9670207065305,-37.0649392580965,38076,2015-11-21 17:03:26
19025,-10.967504675426,-37.065178590987394,38076,2015-11-21 17:03:32
19026,-10.9680040103875,-37.0654742085726,38076,2015-11-21 17:03:37
19027,-10.968747010446698,-37.0660162886779,38076,2015-11-21 17:03:47
19028,-10.969272159677699,-37.066451021707,38076,2015-11-21 17:03:54
19029,-10.9694141839537,-37.0665888128242,38076,2015-11-21 17:04:01
19030,-10.969696290806999,-37.0668754741914,38076,2015-11-21 17:04:08
19031,-10.9700262138171,-37.0671585550052,38076,2015-11-21 17:04:13
19032,-10.9703235134514,-37.067410797573,38076,2015-11-21 17:04:19
19033,-10.9703912268506,-37.067454756574996,38076,2015-11-21 17:04:24
19034,-10.9704388816379,-37.0674231018345,38076,2015-11-21 17:04:29
19035,-10.970355787649698,-37.06715889334579,38076,2015-11-21 17:04:35
19036,-10.970184981056398,-37.066983462254704,38076,2015-11-21 17:04:40
19037,-10.9702952865854,-37.0667156187405,38076,2015-11-21 17:04:45
19038,-10.970536245783698,-37.0664024968574,38076,2015-11-21 17:04:50
19039,-10.9711779743928,-37.066631364488394,38076,2015-11-21 17:05:02
19040,-10.9715944575307,-37.0669849633789,38076,2015-11-21 17:05:08
19041,-10.9719719585518,-37.0673194044153,38076,2015-11-21 17:05:15
19042,-10.9721484714989,-37.067468457243,38076,2015-11-21 17:05:22
19043,-10.972396142458198,-37.067671989656894,38076,2015-11-21 17:05:27
19044,-10.9724997767561,-37.06774668534079,38076,2015-11-21 17:05:36
19045,-10.972885282317801,-37.0680194927631,38076,2015-11-21 17:05:45
19046,-10.9732840213546,-37.0683699860154,38076,2015-11-21 17:05:56
19047,-10.9733832432144,-37.0684476630546,38076,2015-11-21 17:06:01
19048,-10.9737044729423,-37.0687161156846,38076,2015-11-21 17:06:09
19049,-10.9738819403699,-37.0688516599987,38076,2015-11-21 17:06:14
19050,-10.973970857945199,-37.06889645770679,38076,2015-11-21 17:06:20
19051,-10.973970857945199,-37.06889645770679,38076,2015-11-21 17:06:26
19052,-10.973970857945199,-37.06889645770679,38076,2015-11-21 17:06:32
19053,-10.973970857945199,-37.06889645770679,38076,2015-11-21 17:06:40
19054,-10.973970857945199,-37.06889645770679,38076,2015-11-21 17:06:45
19055,-10.973970857945199,-37.06889645770679,38076,2015-11-21 17:06:51
19056,-10.973970857945199,-37.06889645770679,38076,2015-11-21 17:06:57
19057,-10.9740483060165,-37.068924701444296,38076,2015-11-21 17:07:03
19058,-10.974136910052,-37.068839613346796,38076,2015-11-21 17:07:09
19059,-10.974273616051901,-37.0686977630674,38076,2015-11-21 17:07:17
19060,-10.9744939183728,-37.0684685807678,38076,2015-11-21 17:07:23
19061,-10.974637101328799,-37.0682930775755,38076,2015-11-21 17:07:30
19062,-10.974779505688,-37.0681304350195,38076,2015-11-21 17:07:35
19063,-10.9748861864981,-37.067938496764896,38076,2015-11-21 17:07:42
19064,-10.9749392344292,-37.0678594178972,38076,2015-11-21 17:07:48
19065,-10.974950582764,-37.067842125902295,38076,2015-11-21 17:07:54
19066,-10.974950582764,-37.067842125902295,38076,2015-11-21 17:08:00
19067,-10.974950582764,-37.067842125902295,38076,2015-11-21 17:08:06
19068,-10.974972260371402,-37.0678303851841,38076,2015-11-21 17:08:12
19069,-10.974972260371402,-37.0678303851841,38076,2015-11-21 17:08:17
19070,-10.974972260371402,-37.0678303851841,38076,2015-11-21 17:08:25
19071,-10.9437471612147,-37.0886000059368,38077,2015-11-23 06:58:18
19072,-10.9438301323413,-37.0886377577353,38077,2015-11-23 06:58:23
19073,-10.9438301323413,-37.0886377577353,38077,2015-11-23 06:58:29
19074,-10.9438301323413,-37.0886377577353,38077,2015-11-23 06:58:35
19075,-10.943779186890499,-37.088565391573894,38077,2015-11-23 06:58:42
19076,-10.943585396256301,-37.088612811005504,38077,2015-11-23 06:58:53
19077,-10.943436756968902,-37.0886551981174,38077,2015-11-23 06:59:01
19078,-10.943401314103,-37.0889132508796,38077,2015-11-23 06:59:07
19079,-10.9433743939503,-37.0890236185837,38077,2015-11-23 06:59:18
19080,-10.943391316096498,-37.0891296703025,38077,2015-11-23 06:59:25
19081,-10.943478791491499,-37.0892290476968,38077,2015-11-23 06:59:30
19082,-10.943716001835899,-37.089291116046,38077,2015-11-23 06:59:35
19083,-10.9441401081911,-37.089489556081396,38077,2015-11-23 06:59:45
19084,-10.944277727159,-37.089457907693294,38077,2015-11-23 06:59:50
19085,-10.9441708791291,-37.088967750240606,38077,2015-11-23 06:59:57
19086,-10.944163973435499,-37.0884785051004,38077,2015-11-23 07:00:03
19087,-10.944217844891801,-37.088180124975096,38077,2015-11-23 07:00:09
19088,-10.9443118573051,-37.08803703254,38077,2015-11-23 07:00:14
19089,-10.944512761727399,-37.0878435890729,38077,2015-11-23 07:00:22
19090,-10.944257557828697,-37.0875528097743,38077,2015-11-23 07:00:29
19091,-10.9439345448601,-37.0873044557056,38077,2015-11-23 07:00:35
19092,-10.943710296977999,-37.0869868649142,38077,2015-11-23 07:00:40
19093,-10.943603896304701,-37.0866123808819,38077,2015-11-23 07:00:45
19094,-10.943541851882,-37.0863066059039,38077,2015-11-23 07:00:51
19095,-10.9434312597248,-37.0859001466534,38077,2015-11-23 07:00:56
19096,-10.943302178708,-37.0852421551675,38077,2015-11-23 07:01:02
19097,-10.943141305875699,-37.084609772327795,38077,2015-11-23 07:01:07
19098,-10.942912760427802,-37.0837783832712,38077,2015-11-23 07:01:13
19099,-10.942738827660301,-37.08305812396421,38077,2015-11-23 07:01:18
19100,-10.942566498067201,-37.082399959847606,38077,2015-11-23 07:01:25
19101,-10.9424956477071,-37.082157659760206,38077,2015-11-23 07:01:32
19102,-10.942164280999501,-37.080912355733204,38077,2015-11-23 07:01:45
19103,-10.9420054975023,-37.0801644187961,38077,2015-11-23 07:01:51
19104,-10.941797705092402,-37.0796619204063,38077,2015-11-23 07:01:56
19105,-10.941437416376901,-37.079207174795606,38077,2015-11-23 07:02:03
19106,-10.941438875237699,-37.078964640742605,38077,2015-11-23 07:02:11
19107,-10.941870665498,-37.0784978454887,38077,2015-11-23 07:02:17
19108,-10.9421160851265,-37.078245730502,38077,2015-11-23 07:02:23
19109,-10.942432002825502,-37.0779275528328,38077,2015-11-23 07:02:34
19110,-10.9427099752349,-37.077660304419105,38077,2015-11-23 07:02:41
19111,-10.9431754417537,-37.0771859310006,38077,2015-11-23 07:02:49
19112,-10.9435677004952,-37.0767972317391,38077,2015-11-23 07:02:55
19113,-10.944095823046801,-37.076284850768104,38077,2015-11-23 07:03:03
19114,-10.944853148052099,-37.075540881409395,38077,2015-11-23 07:03:10
19115,-10.9454864570921,-37.074948240708,38077,2015-11-23 07:03:17
19116,-10.9458768988283,-37.074564568697205,38077,2015-11-23 07:03:22
19117,-10.9467819161046,-37.073671523927004,38077,2015-11-23 07:03:34
19118,-10.9471655038739,-37.073281094605605,38077,2015-11-23 07:03:40
19119,-10.9475492978046,-37.072930618325,38077,2015-11-23 07:03:46
19120,-10.947770923786699,-37.072782297844896,38077,2015-11-23 07:03:51
19121,-10.9478976727087,-37.072886525883206,38077,2015-11-23 07:03:59
19122,-10.947904325906698,-37.073012453701,38077,2015-11-23 07:04:04
19123,-10.9478895160549,-37.0731070252009,38077,2015-11-23 07:04:10
19124,-10.947730909809302,-37.0731829413106,38077,2015-11-23 07:04:18
19125,-10.9476908062112,-37.0731904365599,38077,2015-11-23 07:04:29
19126,-10.9476908062112,-37.0731904365599,38077,2015-11-23 07:04:36
19127,-10.947565002644698,-37.0731637371424,38077,2015-11-23 07:04:43
19128,-10.947371568436802,-37.073043213312104,38077,2015-11-23 07:04:49
19129,-10.946929742520899,-37.072558857238604,38077,2015-11-23 07:04:57
19130,-10.946516552621901,-37.0720111266871,38077,2015-11-23 07:05:04
19131,-10.9461633801063,-37.07151522949479,38077,2015-11-23 07:05:09
19132,-10.9459352563679,-37.0711917577156,38077,2015-11-23 07:05:15
19133,-10.9456124051557,-37.070796712452996,38077,2015-11-23 07:05:20
19134,-10.944802653275001,-37.06981883321671,38077,2015-11-23 07:05:31
19135,-10.9443498159784,-37.069284999517606,38077,2015-11-23 07:05:37
19136,-10.9442184624714,-37.068987900591004,38077,2015-11-23 07:05:43
19137,-10.943861899470301,-37.0686197386595,38077,2015-11-23 07:05:51
19138,-10.943717673639501,-37.0684498851772,38077,2015-11-23 07:05:57
19139,-10.943717673639501,-37.0684498851772,38077,2015-11-23 07:06:04
19140,-10.943717673639501,-37.0684498851772,38077,2015-11-23 07:06:13
19141,-10.9437062220399,-37.0685015010807,38077,2015-11-23 07:06:20
19142,-10.9436380174619,-37.068398105568704,38079,2015-11-23 07:07:52
19143,-10.9436380174619,-37.068398105568704,38079,2015-11-23 07:07:57
19144,-10.943155240431,-37.067834667460104,38079,2015-11-23 07:08:08
19145,-10.942956355630301,-37.0676254032845,38079,2015-11-23 07:08:13
19146,-10.942620603336,-37.0672600174349,38079,2015-11-23 07:08:19
19147,-10.9424033003317,-37.066983377885705,38079,2015-11-23 07:08:24
19148,-10.942378223482699,-37.0669428964081,38079,2015-11-23 07:08:30
19149,-10.942378223482699,-37.0669428964081,38079,2015-11-23 07:08:35
19150,-10.942257029109198,-37.0666342007333,38079,2015-11-23 07:08:44
19151,-10.9422706927616,-37.0661268220149,38079,2015-11-23 07:08:49
19152,-10.942325448331498,-37.0654539719874,38079,2015-11-23 07:08:54
19153,-10.942389776561301,-37.064538505988395,38079,2015-11-23 07:09:00
19154,-10.9424609992802,-37.06359382143629,38079,2015-11-23 07:09:06
19155,-10.942614143106699,-37.062104096602,38079,2015-11-23 07:09:16
19156,-10.9426847034545,-37.0615520727706,38079,2015-11-23 07:09:22
19157,-10.942603493462,-37.0615942178517,38079,2015-11-23 07:09:28
19158,-10.9425543775945,-37.0620380921855,38079,2015-11-23 07:09:34
19159,-10.9425155326415,-37.0626069608794,38079,2015-11-23 07:09:39
19160,-10.9424570475167,-37.0634540746588,38079,2015-11-23 07:09:45
19161,-10.942385339521598,-37.064415035299604,38079,2015-11-23 07:09:51
19162,-10.942303632842801,-37.065394692788104,38079,2015-11-23 07:09:57
19163,-10.9422526254865,-37.0660591041528,38079,2015-11-23 07:10:02
19164,-10.942237444158401,-37.0662668886729,38079,2015-11-23 07:10:10
19165,-10.942237444158401,-37.0662668886729,38079,2015-11-23 07:10:15
19166,-10.942237444158401,-37.0662668886729,38079,2015-11-23 07:10:20
19167,-10.942237444158401,-37.0662668886729,38079,2015-11-23 07:10:28
19168,-10.942235985725,-37.0663144434649,38079,2015-11-23 07:10:35
19169,-10.942216470687098,-37.0666488814837,38079,2015-11-23 07:10:41
19170,-10.9424642762923,-37.06741780374679,38079,2015-11-23 07:10:52
19171,-10.942911412591801,-37.0679569202889,38079,2015-11-23 07:10:58
19172,-10.943389837611198,-37.06853051622279,38079,2015-11-23 07:11:05
19173,-10.9436722464451,-37.068839706292,38079,2015-11-23 07:11:11
19174,-10.9438624402373,-37.069065824568895,38079,2015-11-23 07:11:16
19175,-10.9439946358985,-37.0692292889635,38079,2015-11-23 07:11:21
19176,-10.9442132478444,-37.069475200921396,38079,2015-11-23 07:11:28
19177,-10.94453609919,-37.069877471913294,38079,2015-11-23 07:11:37
19178,-10.9447468983555,-37.07015018485,38079,2015-11-23 07:11:42
19179,-10.944936122701302,-37.0704264550429,38079,2015-11-23 07:11:48
19180,-10.945131882526299,-37.070652025974795,38079,2015-11-23 07:11:55
19181,-10.9451830478652,-37.0706925056833,38079,2015-11-23 07:12:01
19182,-10.9452327659558,-37.070714504299296,38079,2015-11-23 07:12:10
19183,-10.945304700836699,-37.070793786492,38079,2015-11-23 07:12:15
19184,-10.9455178277991,-37.07101940512629,38079,2015-11-23 07:12:21
19185,-10.945777808425698,-37.071293045431,38079,2015-11-23 07:12:31
19186,-10.945844166997599,-37.071388182232205,38079,2015-11-23 07:12:36
19187,-10.946087196245001,-37.0716555597172,38079,2015-11-23 07:12:41
19188,-10.946595214958402,-37.0722825644394,38079,2015-11-23 07:12:49
19189,-10.9466291332776,-37.0731989755024,38079,2015-11-23 07:12:55
19190,-10.946319779323401,-37.0738922323272,38079,2015-11-23 07:13:01
19191,-10.946007704405401,-37.074234018857105,38079,2015-11-23 07:13:07
19192,-10.945564461682501,-37.074662363696106,38079,2015-11-23 07:13:16
19193,-10.9453846663267,-37.0748300533429,38079,2015-11-23 07:13:23
19194,-10.9452092013486,-37.0750243842507,38079,2015-11-23 07:13:29
19195,-10.9449133751413,-37.075336058953795,38079,2015-11-23 07:13:36
19196,-10.944659647310697,-37.0755973017605,38079,2015-11-23 07:13:41
19197,-10.9443723932874,-37.075845679501,38079,2015-11-23 07:13:49
19198,-10.9439683255686,-37.0762320674843,38079,2015-11-23 07:14:01
19199,-10.943440234851101,-37.0767722007444,38079,2015-11-23 07:14:15
19200,-10.942908643930002,-37.077282857537604,38079,2015-11-23 07:14:25
19201,-10.942465674244799,-37.077709811584896,38079,2015-11-23 07:14:31
19202,-10.9419467824248,-37.0778366328453,38079,2015-11-23 07:14:39
19203,-10.9424235087078,-37.0774482984216,38079,2015-11-23 07:14:47
19204,-10.943544676928502,-37.0772950612966,38079,2015-11-23 07:14:58
19205,-10.943588288301198,-37.077685213543404,38079,2015-11-23 07:15:04
19206,-10.943138340007698,-37.0781965510871,38079,2015-11-23 07:15:12
19207,-10.9428755559929,-37.0788317512226,38079,2015-11-23 07:15:18
19208,-10.942418401250901,-37.0793425733134,38079,2015-11-23 07:15:23
19209,-10.942100671633101,-37.079647368508894,38079,2015-11-23 07:15:32
19210,-10.942100671633101,-37.079647368508894,38079,2015-11-23 07:15:37
19211,-10.942100671633101,-37.079647368508894,38079,2015-11-23 07:15:49
19212,-10.942100671633101,-37.079647368508894,38079,2015-11-23 07:15:54
19213,-10.942094974071901,-37.0796942070863,38079,2015-11-23 07:16:02
19214,-10.942094974071901,-37.0796942070863,38079,2015-11-23 07:16:07
19215,-10.942104327291,-37.0797195874223,38079,2015-11-23 07:16:18
19216,-10.942104327291,-37.0797195874223,38079,2015-11-23 07:16:23
19217,-10.942107697791801,-37.0797029991574,38079,2015-11-23 07:16:34
19218,-10.942107697791801,-37.0797029991574,38079,2015-11-23 07:16:40
19219,-10.942107697791801,-37.0797029991574,38079,2015-11-23 07:16:47
19220,-10.9420265649885,-37.079701134218794,38079,2015-11-23 07:16:55
19221,-10.941924384017902,-37.0797425712178,38079,2015-11-23 07:17:01
19222,-10.941905187393699,-37.080041824213296,38079,2015-11-23 07:17:07
19223,-10.942114385947699,-37.080738226803795,38079,2015-11-23 07:17:13
19224,-10.9423033370043,-37.081540682280504,38079,2015-11-23 07:17:19
19225,-10.942436967462099,-37.0820334993985,38079,2015-11-23 07:17:26
19226,-10.9425255459686,-37.0823234235757,38079,2015-11-23 07:17:31
19227,-10.942695827047999,-37.0829681153155,38079,2015-11-23 07:17:37
19228,-10.9428518353531,-37.0836097479838,38079,2015-11-23 07:17:42
19229,-10.9430985541996,-37.084630810861896,38079,2015-11-23 07:17:50
19230,-10.9432676836521,-37.085351563406704,38079,2015-11-23 07:17:55
19231,-10.9433598705,-37.085795551531,38079,2015-11-23 07:18:01
19232,-10.9435612790412,-37.0866303424146,38079,2015-11-23 07:18:11
19233,-10.9441926389186,-37.087828657969105,38079,2015-11-23 07:18:26
19234,-10.9441281462448,-37.0887524102904,38079,2015-11-23 07:18:34
19235,-10.944085661977,-37.0893335808527,38079,2015-11-23 07:18:40
19236,-10.9441902981106,-37.0895730616477,38079,2015-11-23 07:18:46
19237,-10.94428902611,-37.0892799168644,38079,2015-11-23 07:18:56
19238,-10.944598694488,-37.0891516938298,38079,2015-11-23 07:19:02
19239,-10.944789926611099,-37.0890497709123,38079,2015-11-23 07:19:08
19240,-10.944789926611099,-37.0890497709123,38079,2015-11-23 07:19:14
19241,-10.944789926611099,-37.0890497709123,38079,2015-11-23 07:19:19
19242,-10.94475988995,-37.08905948387039,38079,2015-11-23 07:19:26
19243,-10.94475988995,-37.08905948387039,38079,2015-11-23 07:19:32
19244,-10.94475988995,-37.08905948387039,38079,2015-11-23 07:19:37
19245,-10.943882439451098,-37.0888508112149,38080,2015-11-23 12:42:31
19246,-10.9438902291312,-37.0887445138556,38080,2015-11-23 12:42:37
19247,-10.9439019674163,-37.088634724251,38080,2015-11-23 12:42:44
19248,-10.9439019674163,-37.088634724251,38080,2015-11-23 12:42:50
19249,-10.943669292530402,-37.088635453536,38080,2015-11-23 12:42:56
19250,-10.9434952256271,-37.0886946702317,38080,2015-11-23 12:43:02
19251,-10.943478427561601,-37.0889010577854,38080,2015-11-23 12:43:07
19252,-10.9434693589749,-37.088977598123705,38080,2015-11-23 12:43:14
19253,-10.943462920121801,-37.0889935492823,38080,2015-11-23 12:43:20
19254,-10.9434410994165,-37.0891406118335,38080,2015-11-23 12:43:27
19255,-10.9434423514187,-37.0891661223997,38080,2015-11-23 12:43:34
19256,-10.943637373090699,-37.089300299026704,38080,2015-11-23 12:43:39
19257,-10.9439306183815,-37.0894680228525,38080,2015-11-23 12:43:45
19258,-10.944303672503601,-37.0895617530107,38080,2015-11-23 12:43:55
19259,-10.944132186134901,-37.089100259960496,38080,2015-11-23 12:44:01
19260,-10.9441522301617,-37.088570395929295,38080,2015-11-23 12:44:07
19261,-10.944186737516699,-37.0882108725877,38080,2015-11-23 12:44:13
19262,-10.944404754737599,-37.0877104754118,38080,2015-11-23 12:44:22
19263,-10.944059222015099,-37.0874620151059,38080,2015-11-23 12:44:28
19264,-10.943846527713301,-37.0871867263163,38080,2015-11-23 12:44:33
19265,-10.943597955351901,-37.0867054987459,38080,2015-11-23 12:44:39
19266,-10.9435678903666,-37.086509129022296,38080,2015-11-23 12:44:44
19267,-10.943420270797699,-37.0858521143141,38080,2015-11-23 12:44:53
19268,-10.9432747116929,-37.0852704442637,38080,2015-11-23 12:44:58
19269,-10.9430832640686,-37.0844947943055,38080,2015-11-23 12:45:04
19270,-10.942910558097902,-37.083791574227,38080,2015-11-23 12:45:09
19271,-10.9426851882619,-37.08290405225,38080,2015-11-23 12:45:15
19272,-10.9425410066955,-37.082317304361894,38080,2015-11-23 12:45:22
19273,-10.9424860316926,-37.0821037161856,38080,2015-11-23 12:45:27
19274,-10.9423837187959,-37.0817492849435,38080,2015-11-23 12:45:32
19275,-10.9421418096155,-37.080830705075606,38080,2015-11-23 12:45:40
19276,-10.941964130397901,-37.080132265651706,38080,2015-11-23 12:45:45
19277,-10.9417174394916,-37.0795703265909,38080,2015-11-23 12:45:50
19278,-10.941425126298402,-37.079085857304,38080,2015-11-23 12:45:59
19279,-10.941698918343802,-37.078669870067294,38080,2015-11-23 12:46:06
19280,-10.942433725481902,-37.0779012722644,38080,2015-11-23 12:46:16
19281,-10.9429334537375,-37.0774021300322,38080,2015-11-23 12:46:22
19282,-10.9434333589343,-37.07692096536879,38080,2015-11-23 12:46:28
19283,-10.9439730814531,-37.0764043821238,38080,2015-11-23 12:46:34
19284,-10.9447037947436,-37.0756745649989,38080,2015-11-23 12:46:41
19285,-10.945294453815501,-37.0750911115599,38080,2015-11-23 12:46:46
19286,-10.9464166404669,-37.073979954969,38080,2015-11-23 12:46:55
19287,-10.9474710396769,-37.072995279167294,38080,2015-11-23 12:47:07
19288,-10.947827029175802,-37.072787456250204,38080,2015-11-23 12:47:13
19289,-10.947933778781099,-37.072985496529704,38080,2015-11-23 12:47:18
19290,-10.9477820715174,-37.0732387239035,38080,2015-11-23 12:47:26
19291,-10.947485350794,-37.073096543016604,38080,2015-11-23 12:47:35
19292,-10.9472062045518,-37.07286512464871,38080,2015-11-23 12:47:44
19293,-10.9466642109282,-37.072180632400396,38080,2015-11-23 12:47:52
19294,-10.9462293632993,-37.0715954769033,38080,2015-11-23 12:47:59
19295,-10.945574914590699,-37.0708474962224,38080,2015-11-23 12:48:09
19296,-10.945135460610599,-37.0703323354894,38080,2015-11-23 12:48:14
19297,-10.944693286181801,-37.0698098388302,38080,2015-11-23 12:48:19
19298,-10.9442373699033,-37.0692909828609,38080,2015-11-23 12:48:25
19299,-10.9440766370755,-37.0689024298091,38080,2015-11-23 12:48:30
19300,-10.943765058857,-37.0685458166749,38080,2015-11-23 12:48:36
19301,-10.943730522325199,-37.068549817600704,38080,2015-11-23 12:48:43
19302,-10.938952309114699,-37.0629235130891,38081,2015-11-23 14:48:05
19303,-10.938952309114699,-37.0629235130891,38081,2015-11-23 14:48:18
19304,-10.938952309114699,-37.0629235130891,38081,2015-11-23 14:48:23
19305,-10.9390803273277,-37.0629798064216,38081,2015-11-23 14:48:32
19306,-10.9395148049126,-37.0629315033314,38081,2015-11-23 14:48:39
19307,-10.940234421438301,-37.0628525264811,38081,2015-11-23 14:48:47
19308,-10.9404272731374,-37.062867245361296,38081,2015-11-23 14:48:52
19309,-10.940683813061,-37.0628511493169,38081,2015-11-23 14:49:02
19310,-10.940735756308401,-37.0628358886853,38081,2015-11-23 14:49:09
19311,-10.940995500487,-37.062894559741395,38081,2015-11-23 14:49:16
19312,-10.941173671951198,-37.0629372203615,38081,2015-11-23 14:49:21
19313,-10.9416409220883,-37.0630138159129,38081,2015-11-23 14:49:30
19314,-10.942074450450699,-37.063081781048105,38081,2015-11-23 14:49:38
19315,-10.9424394464374,-37.0632120511631,38081,2015-11-23 14:49:45
19316,-10.942493503806801,-37.063492474102205,38081,2015-11-23 14:49:50
19317,-10.942383646542899,-37.0642011339104,38081,2015-11-23 14:49:57
19318,-10.942292646417101,-37.065056291521394,38081,2015-11-23 14:50:03
19319,-10.9421538541529,-37.0662045937081,38081,2015-11-23 14:50:12
19320,-10.9421336021108,-37.0664013927448,38081,2015-11-23 14:50:17
19321,-10.9421336021108,-37.0664013927448,38081,2015-11-23 14:50:22
19322,-10.9421336021108,-37.0664013927448,38081,2015-11-23 14:50:28
19323,-10.9421336021108,-37.0664013927448,38081,2015-11-23 14:50:33
19324,-10.9421294653335,-37.066716352045205,38081,2015-11-23 14:50:39
19325,-10.942270619799302,-37.0672849800111,38081,2015-11-23 14:50:47
19326,-10.9425719933166,-37.067675721330296,38081,2015-11-23 14:50:53
19327,-10.9429050675702,-37.068054739177704,38081,2015-11-23 14:50:59
19328,-10.9433200831847,-37.0685663880964,38081,2015-11-23 14:51:07
19329,-10.943456117947099,-37.0687764258137,38081,2015-11-23 14:51:15
19330,-10.943456117947099,-37.0687764258137,38081,2015-11-23 14:51:20
19331,-10.943456117947099,-37.0687764258137,38081,2015-11-23 14:51:29
19332,-10.943456117947099,-37.0687764258137,38081,2015-11-23 14:51:36
19333,-10.9434052609273,-37.0687777690147,38081,2015-11-23 14:51:42
19334,-10.9434052609273,-37.0687777690147,38081,2015-11-23 14:51:47
19335,-10.9434052609273,-37.0687777690147,38081,2015-11-23 14:51:53
19336,-10.9434052609273,-37.0687777690147,38081,2015-11-23 14:51:58
19337,-10.943571492994302,-37.0688848749377,38081,2015-11-23 14:52:09
19338,-10.9439086252743,-37.0692642871021,38081,2015-11-23 14:52:15
19339,-10.9442534886687,-37.0696505655135,38081,2015-11-23 14:52:20
19340,-10.9446300839869,-37.07002680497521,38081,2015-11-23 14:52:25
19341,-10.944909781677598,-37.070358263064996,38081,2015-11-23 14:52:30
19342,-10.9452196963973,-37.0707332214828,38081,2015-11-23 14:52:36
19343,-10.945487712707902,-37.071040186280705,38081,2015-11-23 14:52:41
19344,-10.9457040353591,-37.071270165748295,38081,2015-11-23 14:52:46
19345,-10.9457390183525,-37.0712988552565,38081,2015-11-23 14:52:51
19346,-10.9457390183525,-37.0712988552565,38081,2015-11-23 14:52:56
19347,-10.9459198531625,-37.071497855508,38081,2015-11-23 14:53:02
19348,-10.9462945856391,-37.0719357358576,38081,2015-11-23 14:53:08
19349,-10.9466069631954,-37.0723119716597,38081,2015-11-23 14:53:14
19350,-10.9469143783891,-37.0727178862229,38081,2015-11-23 14:53:20
19351,-10.9472864581709,-37.073243671669104,38081,2015-11-23 14:53:26
19352,-10.947390564935501,-37.073659786614,38081,2015-11-23 14:53:32
19353,-10.9469878808404,-37.0735538822231,38081,2015-11-23 14:53:38
19354,-10.947194592467401,-37.0732328127502,38081,2015-11-23 14:53:43
19355,-10.9480541985994,-37.0723971133092,38081,2015-11-23 14:53:53
19356,-10.9486259806448,-37.0718547377235,38081,2015-11-23 14:53:58
19357,-10.9495443025898,-37.0708320688894,38081,2015-11-23 14:54:06
19358,-10.950034242635,-37.0700762061813,38081,2015-11-23 14:54:11
19359,-10.950523009399,-37.0690332726327,38081,2015-11-23 14:54:17
19360,-10.950863435097101,-37.0679832000786,38081,2015-11-23 14:54:22
19361,-10.951221061781302,-37.0665418040422,38081,2015-11-23 14:54:29
19362,-10.9514266766191,-37.0650934023552,38081,2015-11-23 14:54:36
19363,-10.9515694160356,-37.0641345602604,38081,2015-11-23 14:54:41
19364,-10.951830096254499,-37.062592246886396,38081,2015-11-23 14:54:49
19365,-10.9520815692069,-37.061032364934796,38081,2015-11-23 14:54:57
19366,-10.9523310818453,-37.0598521162061,38081,2015-11-23 14:55:03
19367,-10.952507432811698,-37.0588681023097,38081,2015-11-23 14:55:08
19368,-10.952706652917099,-37.0578740438727,38081,2015-11-23 14:55:13
19369,-10.9530842537235,-37.0567308813686,38081,2015-11-23 14:55:19
19370,-10.9535448541452,-37.055808421721004,38081,2015-11-23 14:55:25
19371,-10.954297379178698,-37.0546494754199,38081,2015-11-23 14:55:31
19372,-10.954720856159401,-37.0540241316546,38081,2015-11-23 14:55:36
19373,-10.9551245351962,-37.053571258457,38081,2015-11-23 14:55:42
19374,-10.955252998301802,-37.0534929032596,38081,2015-11-23 14:55:48
19375,-10.955252998301802,-37.0534929032596,38081,2015-11-23 14:55:53
19376,-10.955252998301802,-37.0534929032596,38081,2015-11-23 14:55:58
19377,-10.955252998301802,-37.0534929032596,38081,2015-11-23 14:56:03
19378,-10.955252998301802,-37.0534929032596,38081,2015-11-23 14:56:08
19379,-10.955252998301802,-37.0534929032596,38081,2015-11-23 14:56:14
19380,-10.955252998301802,-37.0534929032596,38081,2015-11-23 14:56:19
19381,-10.955252998301802,-37.0534929032596,38081,2015-11-23 14:56:26
19382,-10.955252998301802,-37.0534929032596,38081,2015-11-23 14:56:32
19383,-10.955252998301802,-37.0534929032596,38081,2015-11-23 14:56:38
19384,-10.955252998301802,-37.0534929032596,38081,2015-11-23 14:56:44
19385,-10.955252998301802,-37.0534929032596,38081,2015-11-23 14:56:51
19386,-10.955222992624801,-37.0535123108005,38081,2015-11-23 14:56:56
19387,-10.955528785462,-37.0533887287133,38081,2015-11-23 14:57:02
19388,-10.9561343326926,-37.0535514680538,38081,2015-11-23 14:57:08
19389,-10.9573699732311,-37.0539734577594,38081,2015-11-23 14:57:18
19390,-10.9586977853546,-37.054415390881296,38081,2015-11-23 14:57:27
19391,-10.9596905834288,-37.05475150386621,38081,2015-11-23 14:57:33
19392,-10.9607116125245,-37.054972280075496,38081,2015-11-23 14:57:40
19393,-10.9622063779544,-37.0546202095654,38081,2015-11-23 14:57:52
19394,-10.9629423947383,-37.0542539279218,38081,2015-11-23 14:57:58
19395,-10.964595907653,-37.053543484920795,38081,2015-11-23 14:58:08
19396,-10.9655656382456,-37.053333522125605,38081,2015-11-23 14:58:13
19397,-10.967039151922,-37.0533787407306,38081,2015-11-23 14:58:22
19398,-10.967552815090801,-37.0534463431041,38081,2015-11-23 14:58:29
19399,-10.9676195287414,-37.0534515913369,38081,2015-11-23 14:58:34
19400,-10.9678544220045,-37.053470297379896,38081,2015-11-23 14:58:41
19401,-10.9679435409862,-37.0534783587175,38081,2015-11-23 14:58:47
19402,-10.9680783880695,-37.053508721465,38081,2015-11-23 14:58:55
19403,-10.9682877986625,-37.0535248871214,38081,2015-11-23 14:59:00
19404,-10.968674000910001,-37.0535803826494,38081,2015-11-23 14:59:06
19405,-10.9691015214481,-37.0536514878001,38081,2015-11-23 14:59:13
19406,-10.9696927808797,-37.0537416421859,38081,2015-11-23 14:59:20
19407,-10.9701997105898,-37.053831871389605,38081,2015-11-23 14:59:25
19408,-10.970538308883901,-37.053922517797,38081,2015-11-23 14:59:32
19409,-10.9705209396226,-37.054392184522705,38081,2015-11-23 14:59:37
19410,-10.9703770759147,-37.0548681826522,38081,2015-11-23 14:59:42
19411,-10.970014497281802,-37.0553158422165,38081,2015-11-23 14:59:47
19412,-10.9702580007288,-37.0559427209533,38081,2015-11-23 14:59:53
19413,-10.9701362683727,-37.05735046624729,38081,2015-11-23 15:00:03
19414,-10.9697225057975,-37.0579976048571,38081,2015-11-23 15:00:09
19415,-10.969524911795899,-37.0583847432215,38081,2015-11-23 15:00:16
19416,-10.969480769767001,-37.058486452912,38081,2015-11-23 15:00:24
19417,-10.969480769767001,-37.058486452912,38081,2015-11-23 15:00:30
19418,-10.969414985627502,-37.0585522901749,38081,2015-11-23 15:00:36
19419,-10.969289592706302,-37.058777328595795,38081,2015-11-23 15:00:43
19420,-10.9691566350139,-37.058937439065,38081,2015-11-23 15:00:50
19421,-10.9690935843788,-37.059020840234496,38081,2015-11-23 15:00:55
19422,-10.9690935843788,-37.059020840234496,38081,2015-11-23 15:01:01
19423,-10.9689176359016,-37.0592364512996,38081,2015-11-23 15:01:06
19424,-10.967766303109801,-37.0592945074045,38082,2015-11-23 22:10:04
19425,-10.967726834307198,-37.059385128874,38082,2015-11-23 22:10:13
19426,-10.967726834307198,-37.059385128874,38082,2015-11-23 22:10:21
19427,-10.967726834307198,-37.059385128874,38082,2015-11-23 22:10:26
19428,-10.967657834488199,-37.0594478234545,38082,2015-11-23 22:10:33
19429,-10.967644868257,-37.0594524578444,38082,2015-11-23 22:10:38
19430,-10.9676266207148,-37.05946602148129,38082,2015-11-23 22:10:45
19431,-10.967589371455901,-37.0594889221846,38082,2015-11-23 22:10:50
19432,-10.967572142791902,-37.059498298791205,38082,2015-11-23 22:10:55
19433,-10.9674445209972,-37.05942298719471,38082,2015-11-23 22:11:01
19434,-10.967380906730499,-37.059391308641295,38082,2015-11-23 22:11:07
19435,-10.9671257492551,-37.0592590621056,38082,2015-11-23 22:11:15
19436,-10.966974090417303,-37.0591749042069,38082,2015-11-23 22:11:21
19437,-10.9667465169135,-37.0590817942694,38082,2015-11-23 22:11:27
19438,-10.966489368597697,-37.058918642807605,38082,2015-11-23 22:11:33
19439,-10.966637255737199,-37.0586473722727,38082,2015-11-23 22:11:39
19440,-10.9668522578286,-37.058365991286,38082,2015-11-23 22:11:46
19441,-10.9671332753001,-37.0579813070457,38082,2015-11-23 22:11:55
19442,-10.9672791765305,-37.0577645553239,38082,2015-11-23 22:12:00
19443,-10.9674484584282,-37.0575296959053,38082,2015-11-23 22:12:06
19444,-10.9676026852386,-37.0573327844075,38082,2015-11-23 22:12:11
19445,-10.967916778394699,-37.056941273979795,38082,2015-11-23 22:12:21
19446,-10.9679574311285,-37.0568901775595,38082,2015-11-23 22:12:29
19447,-10.967971261439303,-37.056868435205104,38082,2015-11-23 22:12:34
19448,-10.9679908524062,-37.0568033720196,38082,2015-11-23 22:12:43
19449,-10.9680013717363,-37.0567774104232,38082,2015-11-23 22:12:48
19450,-10.968004131936901,-37.056769330994,38082,2015-11-23 22:12:55
19451,-10.968004131936901,-37.056769330994,38082,2015-11-23 22:13:02
19452,-10.9680556653955,-37.0566912958778,38082,2015-11-23 22:13:09
19453,-10.968096244144098,-37.0566284149711,38082,2015-11-23 22:13:15
19454,-10.9683916106582,-37.0563912945286,38082,2015-11-23 22:13:27
19455,-10.9690610741812,-37.05637594517329,38082,2015-11-23 22:13:36
19456,-10.969165297688198,-37.0556437154725,38082,2015-11-23 22:13:45
19457,-10.969249148267698,-37.0553207747519,38082,2015-11-23 22:13:50
19458,-10.9697291005991,-37.0553663189957,38082,2015-11-23 22:13:57
19459,-10.9698992752988,-37.0554037239133,38082,2015-11-23 22:14:02
19460,-10.970133753347499,-37.0555655666455,38082,2015-11-23 22:14:09
19461,-10.9703159405554,-37.055840642122796,38082,2015-11-23 22:14:14
19462,-10.9706513024789,-37.055907354412604,38082,2015-11-23 22:14:19
19463,-10.971084795782302,-37.055450255819395,38082,2015-11-23 22:14:29
19464,-10.970886135109199,-37.0549766031676,38082,2015-11-23 22:14:35
19465,-10.970754315313199,-37.0548417138474,38082,2015-11-23 22:14:42
19466,-10.970754315313199,-37.0548417138474,38082,2015-11-23 22:14:47
19467,-10.970754315313199,-37.0548417138474,38082,2015-11-23 22:14:54
19468,-10.970754315313199,-37.0548417138474,38082,2015-11-23 22:15:00
19469,-10.970754315313199,-37.0548417138474,38082,2015-11-23 22:15:07
19470,-10.970754315313199,-37.0548417138474,38082,2015-11-23 22:15:12
19471,-10.970754315313199,-37.0548417138474,38082,2015-11-23 22:15:17
19472,-10.970700375954499,-37.0547791028075,38082,2015-11-23 22:15:25
19473,-10.970557722705099,-37.0539795062267,38082,2015-11-23 22:15:39
19474,-10.9701747742812,-37.0536255737129,38082,2015-11-23 22:15:47
19475,-10.969491228134197,-37.0535561702362,38082,2015-11-23 22:15:53
19476,-10.968270660689399,-37.053434232894396,38082,2015-11-23 22:16:01
19477,-10.9672428396467,-37.05332342664779,38082,2015-11-23 22:16:07
19478,-10.966275385464199,-37.0531962172261,38082,2015-11-23 22:16:13
19479,-10.9654927866414,-37.05320175820879,38082,2015-11-23 22:16:18
19480,-10.9647440638628,-37.0533644349386,38082,2015-11-23 22:16:23
19481,-10.963997298000299,-37.0536608307318,38082,2015-11-23 22:16:28
19482,-10.9621328143625,-37.0545211314468,38082,2015-11-23 22:16:44
19483,-10.9613279465139,-37.054737441735895,38082,2015-11-23 22:16:51
19484,-10.960441551659699,-37.0547742381273,38082,2015-11-23 22:16:59
19485,-10.9598565223995,-37.054670326955,38082,2015-11-23 22:17:04
19486,-10.959021088947,-37.0543874599518,38082,2015-11-23 22:17:11
19487,-10.958315244836301,-37.054108250930206,38082,2015-11-23 22:17:17
19488,-10.957249404031698,-37.0537394010516,38082,2015-11-23 22:17:25
19489,-10.956456343017,-37.053499542138,38082,2015-11-23 22:17:31
19490,-10.955838085245599,-37.053314448879,38082,2015-11-23 22:17:37
19491,-10.955414409024902,-37.0531751343261,38082,2015-11-23 22:17:42
19492,-10.9551009496196,-37.0530885313431,38082,2015-11-23 22:17:50
19493,-10.9551009496196,-37.0530885313431,38082,2015-11-23 22:17:59
19494,-10.9551009496196,-37.0530885313431,38082,2015-11-23 22:18:06
19495,-10.9551009496196,-37.0530885313431,38082,2015-11-23 22:18:11
19496,-10.9551009496196,-37.0530885313431,38082,2015-11-23 22:18:22
19497,-10.9551009496196,-37.0530885313431,38082,2015-11-23 22:18:27
19498,-10.9551009496196,-37.0530885313431,38082,2015-11-23 22:18:32
19499,-10.9551009496196,-37.0530885313431,38082,2015-11-23 22:18:44
19500,-10.9551009496196,-37.0530885313431,38082,2015-11-23 22:18:50
19501,-10.9550341105702,-37.05316658467321,38082,2015-11-23 22:18:58
19502,-10.9546742752811,-37.0537950860611,38082,2015-11-23 22:19:07
19503,-10.9543552779387,-37.054304229546105,38082,2015-11-23 22:19:12
19504,-10.953906251568,-37.054969155929996,38082,2015-11-23 22:19:18
19505,-10.953339265468301,-37.0559118119144,38082,2015-11-23 22:19:25
19506,-10.9527758103512,-37.0572310071033,38082,2015-11-23 22:19:34
19507,-10.952519409159699,-37.058340787100896,38082,2015-11-23 22:19:39
19508,-10.952331526033001,-37.0594721184193,38082,2015-11-23 22:19:45
19509,-10.9521700360586,-37.060349770037206,38082,2015-11-23 22:19:51
19510,-10.952013569356302,-37.06119414328629,38082,2015-11-23 22:19:56
19511,-10.9518493571926,-37.0620951996073,38082,2015-11-23 22:20:02
19512,-10.951661394054199,-37.0631165822634,38082,2015-11-23 22:20:08
19513,-10.951456447407901,-37.0641916653359,38082,2015-11-23 22:20:14
19514,-10.9513140876597,-37.065307342458205,38082,2015-11-23 22:20:20
19515,-10.9511160988482,-37.0664734904593,38082,2015-11-23 22:20:26
19516,-10.950824169037302,-37.0676734274294,38082,2015-11-23 22:20:32
19517,-10.9505535564992,-37.0686007095773,38082,2015-11-23 22:20:37
19518,-10.950150966712599,-37.0696389585825,38082,2015-11-23 22:20:43
19519,-10.949026761075402,-37.0712923073375,38082,2015-11-23 22:20:54
19520,-10.948330859737599,-37.0720052846781,38082,2015-11-23 22:20:59
19521,-10.947588789437198,-37.0727097443599,38082,2015-11-23 22:21:05
19522,-10.9469205637705,-37.0733883655405,38082,2015-11-23 22:21:11
19523,-10.946360130903301,-37.0739315846224,38082,2015-11-23 22:21:16
19524,-10.9453494870889,-37.0748774561431,38082,2015-11-23 22:21:24
19525,-10.9444807391041,-37.075717513202704,38082,2015-11-23 22:21:31
19526,-10.943772330782599,-37.0764558361065,38082,2015-11-23 22:21:37
19527,-10.9432609232066,-37.0769682596563,38082,2015-11-23 22:21:42
19528,-10.9427964575163,-37.0774303058961,38082,2015-11-23 22:21:47
19529,-10.9422736146482,-37.0779111136721,38082,2015-11-23 22:21:53
19530,-10.942089501075198,-37.0775711248128,38082,2015-11-23 22:22:02
19531,-10.942792966169801,-37.077374383042795,38082,2015-11-23 22:22:08
19532,-10.943255158266302,-37.077232763659794,38082,2015-11-23 22:22:13
19533,-10.9435890784336,-37.077313236143205,38082,2015-11-23 22:22:18
19534,-10.9435572231071,-37.0777050473594,38082,2015-11-23 22:22:23
19535,-10.943120472983901,-37.078222767293,38082,2015-11-23 22:22:30
19536,-10.942814573784599,-37.0788733072446,38082,2015-11-23 22:22:36
19537,-10.9423428332596,-37.079386513892295,38082,2015-11-23 22:22:42
19538,-10.941996177132001,-37.0797377715747,38082,2015-11-23 22:22:47
19539,-10.9418968430737,-37.0798480562821,38082,2015-11-23 22:22:53
19540,-10.9420576086498,-37.0805383490011,38082,2015-11-23 22:23:01
19541,-10.942259311152,-37.0812354780711,38082,2015-11-23 22:23:07
19542,-10.9424208549091,-37.0817845441293,38082,2015-11-23 22:23:12
19543,-10.942501960301302,-37.082100680284206,38082,2015-11-23 22:23:18
19544,-10.942615718811,-37.082494264332,38082,2015-11-23 22:23:27
19545,-10.942873366441901,-37.083516703966296,38082,2015-11-23 22:23:34
19546,-10.9430793911307,-37.084253557569795,38082,2015-11-23 22:23:40
19547,-10.9433886448915,-37.0855252775454,38082,2015-11-23 22:23:51
19548,-10.943440647957999,-37.0857356003785,38082,2015-11-23 22:23:56
19549,-10.943515828862697,-37.085991703833606,38082,2015-11-23 22:24:02
19550,-10.9436781468663,-37.0866747043081,38082,2015-11-23 22:24:09
19551,-10.9439698904006,-37.0873128637764,38082,2015-11-23 22:24:17
19552,-10.9442376856709,-37.087905274937604,38082,2015-11-23 22:24:25
19553,-10.944159869151301,-37.0887022464116,38082,2015-11-23 22:24:32
19554,-10.943977868316901,-37.089421323047794,38082,2015-11-23 22:24:42
19555,-10.943601387897901,-37.0892333639946,38082,2015-11-23 22:24:50
19556,-10.943468630204402,-37.089071284071395,38082,2015-11-23 22:24:57
19557,-10.943468630204402,-37.089071284071395,38082,2015-11-23 22:25:04
19558,-10.933522824208401,-37.078922706708,38084,2015-12-16 21:43:16
19559,-10.9333981562022,-37.0788730972165,38084,2015-12-16 21:43:28
19560,-10.9333981562022,-37.0788730972165,38084,2015-12-16 21:43:39
19561,-10.9333981562022,-37.0788730972165,38084,2015-12-16 21:43:50
19563,-10.8694503931813,-37.0952764284214,38090,2016-01-03 00:58:12
19564,-10.8694503931813,-37.0952764284214,38090,2016-01-03 00:58:23
19565,-10.92372234,-37.10657943,38092,2016-01-19 13:01:01
19566,-10.92370353,-37.1066926,38092,2016-01-19 13:01:12
19567,-10.92371484,-37.10668794,38092,2016-01-19 13:01:24
19568,-10.92371522,-37.10668813,38092,2016-01-19 13:01:36
19569,-10.92371551,-37.10668792,38092,2016-01-19 13:01:47
